sheet,Show,EpId,ClipId,clip_name,file_id,label,n_labels,descartada,Interjection,WordRep,Block,SoundRep,Prolongation,NoStutteredWords,Start,Stop,Unsure,PoorAudioQuality,DifficultToUnderstand,NaturalPause,Music,NoSpeech,split
primera_revision,ATMA,2020-05-27_03_54_34,7,ATMA_2020-05-27_03_54_34_7.wav,1ErpmcUVQJHljJ2Rrpy-zlYyVmRIV1pzs,SoundRep,1,False,0,0,0,1,0,0,498580,546580,0,0,0,0,0,0,train
primera_revision,ATMA,2020-05-27_03_54_34,28,ATMA_2020-05-27_03_54_34_28.wav,1F1S_fKdCfTteSzu7NMkoPLUtMItXpHD3,NoStutteredWords,1,False,0,0,0,0,0,1,1269816,1317816,0,0,0,1,0,0,train
primera_revision,ATMA,2020-05-27_03_55_03,3,ATMA_2020-05-27_03_55_03_3.wav,1640OhQ1N_hg3jixpPogcX0DRnJB5xWnr,NoStutteredWords,1,False,0,0,0,0,0,1,245922,293922,0,0,0,0,0,0,train
primera_revision,ATMA,2020-05-27_03_55_25,14,ATMA_2020-05-27_03_55_25_14.wav,14Q1sjOjZ-fp6ewvF_XT0a8s2z7VmPKAS,NoStutteredWords,1,False,0,0,0,0,0,1,929128,977128,0,0,0,1,0,0,train
primera_revision,ATMA,2020-05-27_03_55_25,29,ATMA_2020-05-27_03_55_25_29.wav,14jemlrDPhpxubeOZFdlJyHVKftor96j4,NoStutteredWords,1,False,0,0,0,0,0,1,1653397,1701397,0,0,0,1,0,0,train
primera_revision,ATMA,2020-05-27_03_56_16,5,ATMA_2020-05-27_03_56_16_5.wav,1mUZNYNNCTQBmguh1be-OO_YUxBbkzd8M,NoStutteredWords,1,False,0,0,0,0,0,1,347924,395924,0,0,0,0,0,0,train
primera_revision,ATMA,2020-05-27_03_56_16,7,ATMA_2020-05-27_03_56_16_7.wav,1nxPMtcXo-SV23IP374l9-gFfFIGdTgvX,NoStutteredWords,1,False,0,0,0,0,0,1,478261,526261,0,0,0,0,0,0,train
primera_revision,ATMA,2020-05-27_03_56_16,30,ATMA_2020-05-27_03_56_16_30.wav,1pFk9Drv_XbFR0c7zDvvF4aCTOBQcrB7h,Block,1,False,0,0,1,0,0,0,1621168,1669168,0,0,0,0,0,0,train
primera_revision,ATMA,2020-05-27_03_56_16,41,ATMA_2020-05-27_03_56_16_41.wav,1nx9hYSOOIEg6ljI2J1p-vq4ZEgraJYQK,Block,2,False,0,0,1,1,0,0,2055010,2103010,0,0,0,0,0,0,train
primera_revision,ATMA,2020-05-27_06_06_55,18,ATMA_2020-05-27_06_06_55_18.wav,1BydwPhW9Zlqw1Wqrvrx6CfFe5sA2Dtbp,NoStutteredWords,1,False,0,0,0,0,0,1,793628,841628,0,0,0,0,0,0,train
primera_revision,ATMA,2020-05-27_06_06_55,31,ATMA_2020-05-27_06_06_55_31.wav,1BM6mTWsjqrouceEu89CD1McAsExr4cuj,NoStutteredWords,1,False,0,0,0,0,0,1,1265255,1313255,0,0,0,1,0,0,train
primera_revision,ATMA,2020-05-27_06_06_55,42,ATMA_2020-05-27_06_06_55_42.wav,1DJ3PuiZOoxF6XrkjmBfd5qlLwdR_WPB3,SoundRep,1,False,0,0,0,1,0,0,1795572,1843572,0,0,0,0,0,0,train
primera_revision,ATMA,2020-05-27_06_06_55,45,ATMA_2020-05-27_06_06_55_45.wav,1C_Gd5uwzaU35sO1NU59Jg6J9LJZCwdgA,NoStutteredWords,1,False,0,0,0,0,0,1,1928125,1976125,0,0,0,0,0,0,train
primera_revision,ATMA,2020-05-27_10_23_37,14,ATMA_2020-05-27_10_23_37_14.wav,1LSsLgipl4MftLtBxiGdrd2QWQ8og4xVT,NoStutteredWords,1,False,0,0,0,0,0,1,871315,919315,0,0,0,1,0,0,train
primera_revision,ATMA,2020-05-27_10_23_55,23,ATMA_2020-05-27_10_23_55_23.wav,17l1MrIPkEk_T6hCX28AS53ZfeuWE7V_d,NoStutteredWords,1,False,0,0,0,0,0,1,1506472,1554472,0,0,0,0,0,0,train
primera_revision,LPJM,2020-05-27_03_59_43,13,LPJM_2020-05-27_03_59_43_13.wav,1O9JnI_PbNPClnwx5j0fb_escX_dDZz1f,NoStutteredWords,1,False,0,0,0,0,0,1,1117674,1165674,0,0,0,0,0,0,train
primera_revision,LPJM,2020-05-27_05_12_27,12,LPJM_2020-05-27_05_12_27_12.wav,1ler7wgvRHo7PX5kSvbmYPQ4k8USt0It4,NoStutteredWords,1,False,0,0,0,0,0,1,2015498,2063498,0,0,0,0,0,0,train
primera_revision,LPJM,2020-05-27_08_31_29,3,LPJM_2020-05-27_08_31_29_3.wav,1QEbBqGNIqEBTDydTc98UlJdniKHIs70Q,NoStutteredWords,1,False,0,0,0,0,0,1,258131,306131,0,0,0,0,0,0,train
primera_revision,LPJM,2020-05-27_08_31_29,9,LPJM_2020-05-27_08_31_29_9.wav,1QEs5YGS9UE3lNVJrRzPvUEIePan5gBlB,NoStutteredWords,1,False,0,0,0,0,0,1,551466,599466,0,0,0,0,0,0,train
primera_revision,LPJM,2020-05-27_08_36_38,2,LPJM_2020-05-27_08_36_38_2.wav,1osiw5Q9RxSpfEEIMkoJgKhMmnX5C-6Gq,NoStutteredWords,1,False,0,0,0,0,0,1,215498,263498,0,0,0,0,0,0,train
primera_revision,LPJM,2020-05-27_08_36_38,11,LPJM_2020-05-27_08_36_38_11.wav,1of0QCLkCXPRh1CT5q6dsxZjhKLPgmN5p,NoStutteredWords,1,False,0,0,0,0,0,1,643784,691784,0,0,0,0,0,0,train
primera_revision,LPJM,2020-05-27_08_36_38,15,LPJM_2020-05-27_08_36_38_15.wav,1pwMOrY3EnkLXts4vGYWbsHq8wyqbSnxO,NoStutteredWords,1,False,0,0,0,0,0,1,818927,866927,0,0,0,0,0,0,train
primera_revision,LPJM,2020-05-27_08_36_38,45,LPJM_2020-05-27_08_36_38_45.wav,1lTdXhWJMgEDCn7vkUcJBYIALXYs7QUCA,SoundRep,1,False,0,0,0,1,0,0,2217875,2265875,0,0,0,0,0,0,train
primera_revision,LPJM,2020-05-27_09_34_40,23,LPJM_2020-05-27_09_34_40_23.wav,1F3Pl5iy5hWhKapAx7RSJGHFbvkDQiQ0w,Block,2,False,0,0,1,0,1,0,1252969,1300969,0,0,0,0,0,0,train
primera_revision,LPJM,2020-05-27_09_34_40,35,LPJM_2020-05-27_09_34_40_35.wav,1HuMNQYEVD5AHHHrBnpzYkxJYbTEy-lr8,NoStutteredWords,1,False,0,0,0,0,0,1,1841529,1889529,0,0,0,0,0,0,train
primera_revision,LPJM,2020-05-27_09_40_28,35,LPJM_2020-05-27_09_40_28_35.wav,1Y6FyQb2GekT2FfVdKvw4g3xLk4KFwzJm,Prolongation,1,False,0,0,0,0,1,0,1873512,1921512,0,0,0,1,0,0,train
primera_revision,LPJM,2020-05-27_09_40_28,41,LPJM_2020-05-27_09_40_28_41.wav,1VCnD6mmll27jpYkP0F5IPHoPTnPZkQUv,NoStutteredWords,1,False,0,0,0,0,0,1,2181077,2229077,0,0,0,0,0,0,train
primera_revision,LPJM,2020-05-27_09_43_21,8,LPJM_2020-05-27_09_43_21_8.wav,1abHkIBUs_ocZMfso5IvHaDDehIOtbSgJ,NoStutteredWords,1,False,0,0,0,0,0,1,1001839,1049839,0,0,0,0,0,0,train
primera_revision,LPJM,2020-05-27_09_43_21,10,LPJM_2020-05-27_09_43_21_10.wav,1d2KbDf1Cz0Di6qk9Z6bWzF40_8qqAjWY,NoStutteredWords,1,False,0,0,0,0,0,1,1053591,1101591,0,0,0,0,0,0,train
primera_revision,PVM,2020-05-27_01_01_37,26,PVM_2020-05-27_01_01_37_26.wav,1O_FP5hHDlGDk7qthLgx4CKPCPOSJHBn2,SoundRep,1,False,0,0,0,1,0,0,1342771,1390771,0,0,0,0,0,0,train
primera_revision,PVM,2020-05-27_01_01_37,27,PVM_2020-05-27_01_01_37_27.wav,1OFRazANyDNTh389ODots7QOWVwUX4eKV,NoStutteredWords,1,False,0,0,0,0,0,1,1374522,1422522,0,0,0,0,0,0,train
primera_revision,PVM,2020-05-27_01_01_37,38,PVM_2020-05-27_01_01_37_38.wav,1Obmtd4P_l5RNAH7zvE-SEDgZalPBhNBb,SoundRep,1,False,0,0,0,1,0,0,1943660,1991660,0,0,0,0,0,0,train
primera_revision,PVM,2020-05-27_03_20_01,15,PVM_2020-05-27_03_20_01_15.wav,1fwSTRX2I12Re8WuZQOGQZe-sB7uSmYZz,NoStutteredWords,1,False,0,0,0,0,0,1,813550,861550,0,0,0,0,0,0,train
primera_revision,PVM,2020-05-27_03_20_01,51,PVM_2020-05-27_03_20_01_51.wav,1gb_FW8CNMvZN19B3N-K9SbKMd51Of2BB,NoStutteredWords,1,False,0,0,0,0,0,1,2253402,2301402,0,0,0,0,0,0,train
primera_revision,PVM,2020-05-27_03_20_01,54,PVM_2020-05-27_03_20_01_54.wav,1fd-3Lf6TcvyuEht6JzBP2gLc5IrnHXQ-,SoundRep,1,False,0,0,0,1,0,0,2564247,2612247,0,0,0,0,0,0,train
primera_revision,PVM,2020-05-27_03_20_01,63,PVM_2020-05-27_03_20_01_63.wav,1eL598JHW9kdb0Z06nGgU-xLlXa-faerr,NoStutteredWords,1,False,0,0,0,0,0,1,2933962,2981962,0,0,0,0,0,0,train
primera_revision,PVM,2020-05-27_03_20_01,68,PVM_2020-05-27_03_20_01_68.wav,1eiwqMPtIIowQW2uG24QdUeriTKbpT-BR,NoStutteredWords,1,False,0,0,0,0,0,1,3188002,3236002,0,0,0,0,0,0,train
primera_revision,PVM,2020-05-27_03_20_01,70,PVM_2020-05-27_03_20_01_70.wav,1egwlHBtGCVIvnljZ4rTf7kLIKeRzhvcr,NoStutteredWords,1,False,0,0,0,0,0,1,3338887,3386887,0,0,0,0,0,0,train
primera_revision,PVM,2020-05-27_03_20_01,73,PVM_2020-05-27_03_20_01_73.wav,1gaDIGZx8Yx48V9lmSMIDk9amCfBRFni3,Prolongation,1,False,0,0,0,0,1,0,3447621,3495621,0,0,0,0,0,0,train
primera_revision,PVM,2020-05-27_04_37_41,7,PVM_2020-05-27_04_37_41_7.wav,1bDUqeHj3KSbydFK6OkhoW_h9KyC1vpB3,NoStutteredWords,1,False,0,0,0,0,0,1,404708,452708,0,0,0,0,0,0,train
primera_revision,PVM,2020-05-27_05_24_23,16,PVM_2020-05-27_05_24_23_16.wav,1F_4uv7q-k1Muk67DiTOEpRqUF5AJgROP,NoStutteredWords,1,False,0,0,0,0,0,1,774065,822065,0,0,0,0,0,0,train
primera_revision,RRYR,2020-05-27_05_03_00,3,RRYR_2020-05-27_05_03_00_3.wav,1s3biBm18gV8abIDcsgWj5CJe3CdoFMul,WordRep,1,False,0,1,0,0,0,0,194710,242710,0,0,0,0,0,0,train
primera_revision,RRYR,2020-05-27_05_03_00,11,RRYR_2020-05-27_05_03_00_11.wav,1rRBRivP0BL5WUUPxa8LkYsRc1T5JU4NX,NoStutteredWords,1,False,0,0,0,0,0,1,457239,505239,0,0,0,0,0,0,train
primera_revision,RRYR,2020-05-27_05_03_00,39,RRYR_2020-05-27_05_03_00_39.wav,1pGcI_N2XKXdqf4f7wS0-uY-2f2fw2rlF,NoStutteredWords,1,False,0,0,0,0,0,1,1710872,1758872,0,0,0,0,0,0,train
primera_revision,RRYR,2020-05-27_05_03_00,44,RRYR_2020-05-27_05_03_00_44.wav,1phnz8-uj5ufto8TiX2KlG04ZtpzHZ4R-,Prolongation,1,False,0,0,0,0,1,0,1867468,1915468,0,0,0,0,0,0,train
primera_revision,RRYR,2020-05-27_05_03_00,56,RRYR_2020-05-27_05_03_00_56.wav,1qnsqCmixKCLbKNmHDtGYlY1F4Uxs4PTG,SoundRep,1,False,0,0,0,1,0,0,2419554,2467554,0,0,0,0,0,0,train
primera_revision,RRYR,2020-05-27_05_06_19,2,RRYR_2020-05-27_05_06_19_2.wav,12gyqm_KWZfXgYNyu06GoYOsipeFjKoF3,SoundRep,2,False,0,0,0,1,1,0,76130,124130,0,0,0,0,0,0,train
primera_revision,RRYR,2020-05-27_05_06_19,25,RRYR_2020-05-27_05_06_19_25.wav,12WumlWZIoogdq9gtD1u7rOjy2szN9iun,WordRep,1,False,0,1,0,0,0,0,949334,997334,0,0,0,0,0,0,train
primera_revision,RRYR,2020-05-27_05_06_19,30,RRYR_2020-05-27_05_06_19_30.wav,10J1y6rB_XxQAoyBDJIxpg2oVotvFGn6f,NoStutteredWords,1,False,0,0,0,0,0,1,1196620,1244620,0,0,0,0,0,0,train
primera_revision,RRYR,2020-05-27_05_06_19,54,RRYR_2020-05-27_05_06_19_54.wav,11OJ-gQ_u3NvUNcxcMBFQ1oqMc29af3Nb,NoStutteredWords,1,False,0,0,0,0,0,1,2328153,2376153,0,0,0,0,0,0,train
primera_revision,RRYR,2020-05-27_05_10_14,5,RRYR_2020-05-27_05_10_14_5.wav,1RyJM6cGKxbFxyxUZmzmGFlrRjBJcXgB3,SoundRep,1,False,0,0,0,1,0,0,202919,250919,0,0,0,0,0,0,train
primera_revision,RRYR,2020-05-27_05_10_14,20,RRYR_2020-05-27_05_10_14_20.wav,1RyQ2q2YlwTDNOwk_89BmjvDtbqyDiR7b,NoStutteredWords,1,False,0,0,0,0,0,1,881356,929356,0,0,0,0,0,0,train
primera_revision,RRYR,2020-05-27_05_10_14,31,RRYR_2020-05-27_05_10_14_31.wav,1TK7KwT3P97MihfY9r6xuy-CQ0NaYQOXC,NoStutteredWords,1,False,0,0,0,0,0,1,1300460,1348460,0,0,0,1,0,0,train
primera_revision,RRYR,2020-05-27_05_10_14,40,RRYR_2020-05-27_05_10_14_40.wav,1RxcOmQsNSSssIAuyR8JlTcEoHyp548vW,SoundRep,1,False,0,0,0,1,0,0,1618415,1666415,0,0,0,0,0,0,train
primera_revision,RRYR,2020-05-27_05_13_12,9,RRYR_2020-05-27_05_13_12_9.wav,1H7A3oyR0cXLC_eu8R8Q13kwvM4MLEu71,SoundRep,1,False,0,0,0,1,0,0,309759,357759,0,0,0,0,0,0,train
primera_revision,RRYR,2020-05-27_05_13_12,20,RRYR_2020-05-27_05_13_12_20.wav,1ES8OHcFwd5qVJEqCexgzTu01xb2Tt2s3,NoStutteredWords,1,False,0,0,0,0,0,1,748952,796952,0,0,0,0,0,0,train
primera_revision,SSF,2020-05-28_02_37_08,5,SSF_2020-05-28_02_37_08_5.wav,12FevKKLVVknpeXmYFCvZ7zK1B9VYM8KS,NoStutteredWords,1,False,0,0,0,0,0,1,338931,386931,0,0,0,0,0,0,train
primera_revision,SSF,2020-05-28_02_37_08,6,SSF_2020-05-28_02_37_08_6.wav,128-lLmE5o4B9p66JgQoJsFXh5myqPqqW,Prolongation,1,False,0,0,0,0,1,0,359334,407334,0,0,0,0,0,0,train
primera_revision,SSF,2020-05-28_02_37_08,14,SSF_2020-05-28_02_37_08_14.wav,10zqjm700d6t9gK-PUct1glIkmAXlkmt1,NoStutteredWords,1,False,0,0,0,0,0,1,634542,682542,0,0,0,1,0,0,train
primera_revision,SSF,2020-05-28_02_37_16,20,SSF_2020-05-28_02_37_16_20.wav,19PciMIPbx1vfXTQoSLSjmX4xZwmBRB0E,NoStutteredWords,1,False,0,0,0,0,0,1,802067,850067,0,0,0,0,0,0,train
primera_revision,SSF,2020-05-28_02_37_16,49,SSF_2020-05-28_02_37_16_49.wav,18y0lbD7xID0wQy8zh6VfgDx3jewsDohQ,NoStutteredWords,1,False,0,0,0,0,0,1,1854491,1902491,0,0,0,1,0,0,train
primera_revision,SSF,2020-05-28_02_37_16,58,SSF_2020-05-28_02_37_16_58.wav,1F5Ix9U8DgKcpXxMuA_3rz-OA3jfyat8J,NoStutteredWords,1,False,0,0,0,0,0,1,2146146,2194146,0,0,0,0,0,0,train
primera_revision,SSF,2020-05-28_02_37_16,65,SSF_2020-05-28_02_37_16_65.wav,1F9OsnxjbHV5tN6mKZBnkZgAk-yfJzIL9,NoStutteredWords,1,False,0,0,0,0,0,1,2469312,2517312,0,0,0,1,0,0,train
primera_revision,SSF,2020-05-28_02_37_16,68,SSF_2020-05-28_02_37_16_68.wav,1DkPgQIBiL4zslzPFrnKOvQCFj7vvy0Cm,Block,1,False,0,0,1,0,0,0,2574275,2622275,0,0,0,0,0,0,train
primera_revision,SSF,2020-05-28_02_37_16,74,SSF_2020-05-28_02_37_16_74.wav,1Cb5gmVaA8OnyLBvKun2aXFPnfGjyQBlp,NoStutteredWords,1,False,0,0,0,0,0,1,2750796,2798796,0,0,0,0,0,0,train
primera_revision,SSF,2020-05-28_02_37_17,7,SSF_2020-05-28_02_37_17_7.wav,1qetp0m0ypjMfgYiDR6XeEJzX-VluPtks,NoStutteredWords,1,False,0,0,0,0,0,1,493262,541262,0,0,0,0,0,0,train
primera_revision,SSF,2020-05-28_02_37_17,32,SSF_2020-05-28_02_37_17_32.wav,1stC94nV4_gMKy99v2APcW8tUZsAKi1Y1,NoStutteredWords,1,False,0,0,0,0,0,1,1451384,1499384,0,0,0,0,0,0,train
primera_revision,SSF,2020-05-28_02_37_17,35,SSF_2020-05-28_02_37_17_35.wav,1s4n2XCyvUdqCS4sM93vARsuacjnvIumK,Prolongation,1,False,0,0,0,0,1,0,1619779,1667779,0,0,0,0,0,0,train
primera_revision,SSF,2020-05-28_06_13_37,3,SSF_2020-05-28_06_13_37_3.wav,1ZH2Jgo9lOHyLC_VJ154QyBe0b8rKoNa8,NoStutteredWords,1,False,0,0,0,0,0,1,123402,171402,0,0,0,0,0,0,train
segunda_revision,ATMA,2020-05-27_03_54_34,19,ATMA_2020-05-27_03_54_34_19.wav,1Ev0o32TbZS4DB19VD8qktk-v9AgX93WV,NoStutteredWords,1,False,0,0,0,0,0,1,909896,957896,0,0,0,0,0,0,train
segunda_revision,ATMA,2020-05-27_03_54_34,20,ATMA_2020-05-27_03_54_34_20.wav,1EhKi6PM2WTVDtKWeKdCZAX5szUvwl5-o,NoStutteredWords,1,False,0,0,0,0,0,1,947555,995555,0,0,0,0,0,0,train
segunda_revision,ATMA,2020-05-27_03_55_03,1,ATMA_2020-05-27_03_55_03_1.wav,17yv3oBzS9HNPFefSN1q780iSE6sTPnag,NoStutteredWords,1,False,0,0,0,0,0,1,124688,172688,0,0,0,0,0,0,train
segunda_revision,ATMA,2020-05-27_03_55_03,9,ATMA_2020-05-27_03_55_03_9.wav,16vzAf_PjSz0kIH5mnjkVJZvOIbIZY-vD,Prolongation,1,False,0,0,0,0,1,0,672613,720613,0,0,0,0,0,0,train
segunda_revision,ATMA,2020-05-27_03_55_03,14,ATMA_2020-05-27_03_55_03_14.wav,185zajcWftiFDM7qLRu7FuK9QwJksN7gF,NoStutteredWords,1,False,0,0,0,0,0,1,905588,953588,0,0,0,0,0,0,train
segunda_revision,ATMA,2020-05-27_03_55_03,24,ATMA_2020-05-27_03_55_03_24.wav,186GH8M5GUfGGEvkyUvtXl6pUbp6__dfZ,Block,1,False,0,0,1,0,0,0,1315648,1363648,0,0,0,0,0,0,train
segunda_revision,ATMA,2020-05-27_03_55_25,1,ATMA_2020-05-27_03_55_25_1.wav,14lu1bXO0e3qvhyU-eLFt7s3ZwDwVaE-_,NoStutteredWords,1,False,0,0,0,0,0,1,143438,191438,0,0,0,0,0,0,train
segunda_revision,ATMA,2020-05-27_03_55_25,8,ATMA_2020-05-27_03_55_25_8.wav,157xSKF8MvBG5d4sR_oMLqfA9mKKGRKSm,NoStutteredWords,1,False,0,0,0,0,0,1,566418,614418,0,0,0,0,0,0,train
segunda_revision,ATMA,2020-05-27_03_55_25,15,ATMA_2020-05-27_03_55_25_15.wav,1505g2V1KwLEKMSNzwQBnXit02N2uuRrQ,NoStutteredWords,1,False,0,0,0,0,0,1,953725,1001725,0,0,0,0,0,0,train
segunda_revision,ATMA,2020-05-27_03_55_51,12,ATMA_2020-05-27_03_55_51_12.wav,1_oG8eaRBXP13po5ZaQLzx3fS3ATsPdvc,NoStutteredWords,1,False,0,0,0,0,0,1,572666,620666,0,0,0,0,0,0,train
segunda_revision,ATMA,2020-05-27_03_55_51,14,ATMA_2020-05-27_03_55_51_14.wav,1_R8jkFGy_7QLfw42WCcW9gRuR-EewUOt,NoStutteredWords,1,False,0,0,0,0,0,1,772859,820859,0,0,0,0,0,0,train
segunda_revision,ATMA,2020-05-27_03_55_51,34,ATMA_2020-05-27_03_55_51_34.wav,1_BpdQ4l_MoOvnSpc_z-oNy35SQGBj60C,NoStutteredWords,1,False,0,0,0,0,0,1,1661937,1709937,0,0,0,0,0,0,train
segunda_revision,ATMA,2020-05-27_03_55_51,35,ATMA_2020-05-27_03_55_51_35.wav,1_SgLhixIQAxP-cVXtVt7z2wGpFkCq1WW,NoStutteredWords,1,False,0,0,0,0,0,1,1683095,1731095,0,0,0,0,0,0,train
segunda_revision,ATMA,2020-05-27_03_56_16,13,ATMA_2020-05-27_03_56_16_13.wav,1oghJC3BGkEAjMgVgx-5ZUsPkfDtEu9zz,NoStutteredWords,1,False,0,0,0,0,0,1,812598,860598,0,0,0,0,0,0,train
segunda_revision,ATMA,2020-05-27_03_56_16,19,ATMA_2020-05-27_03_56_16_19.wav,1nT9GclEYwtvDMKbuBEwLndAhMcRorUMD,SoundRep,1,False,0,0,0,1,0,0,1111021,1159021,0,0,0,0,0,0,train
segunda_revision,ATMA,2020-05-27_03_56_16,25,ATMA_2020-05-27_03_56_16_25.wav,1oeSbFdYTWJfeLqA_VrL8pseya48Um5mJ,NoStutteredWords,1,False,0,0,0,0,0,1,1361909,1409909,0,0,0,0,0,0,train
segunda_revision,ATMA,2020-05-27_03_56_16,26,ATMA_2020-05-27_03_56_16_26.wav,1nsqhGwIKwIHfjv0VDaj1Cf7YkEPo_QrY,SoundRep,1,False,0,0,0,1,0,0,1404252,1452252,0,0,0,0,0,0,train
segunda_revision,ATMA,2020-05-27_03_56_16,31,ATMA_2020-05-27_03_56_16_31.wav,1o6OTUALLMKzJFAThqVxSSgUXd7FdYkrY,WordRep,1,False,0,1,0,0,0,0,1636102,1684102,0,0,0,0,0,0,train
segunda_revision,ATMA,2020-05-27_03_56_16,34,ATMA_2020-05-27_03_56_16_34.wav,1m5aQ28ZlQkS8PwmUs6sf6xicUpiyGyRh,NoStutteredWords,1,False,0,0,0,0,0,1,1752483,1800483,0,0,0,0,0,0,train
segunda_revision,ATMA,2020-05-27_03_56_16,38,ATMA_2020-05-27_03_56_16_38.wav,1n6xHh22-PzSvL8UC9Y6CyRpafCa1dEtu,WordRep,1,False,0,1,0,0,0,0,1890740,1938740,0,0,0,0,0,0,train
segunda_revision,ATMA,2020-05-27_06_06_55,0,ATMA_2020-05-27_06_06_55_0.wav,1BrvOJjVDwpmPzHk-0EuA0synKn9arbtd,NoStutteredWords,1,False,0,0,0,0,0,1,7875,55875,0,0,0,0,0,0,train
segunda_revision,ATMA,2020-05-27_06_06_55,19,ATMA_2020-05-27_06_06_55_19.wav,1CV54SYRdkVzRSJbuh82g8TTJKnOS1pKk,NoStutteredWords,1,False,0,0,0,0,0,1,821393,869393,0,0,0,0,0,0,train
segunda_revision,ATMA,2020-05-27_06_06_55,22,ATMA_2020-05-27_06_06_55_22.wav,1BNG4_iCF9dcmfUSfyla3OxBqTuS5V36b,NoStutteredWords,1,False,0,0,0,0,0,1,985254,1033254,0,0,0,0,0,0,train
segunda_revision,ATMA,2020-05-27_06_06_55,36,ATMA_2020-05-27_06_06_55_36.wav,1CZFOFt0fevvZfpkmA39q9NIP9Fpv6krK,NoStutteredWords,1,False,0,0,0,0,0,1,1483289,1531289,0,0,0,0,0,0,train
segunda_revision,ATMA,2020-05-27_06_06_55,43,ATMA_2020-05-27_06_06_55_43.wav,1CDhiGYivfVuBGtfMVE2cCQaqfI_2XRZE,NoStutteredWords,1,False,0,0,0,0,0,1,1842294,1890294,0,0,0,0,0,0,train
segunda_revision,ATMA,2020-05-27_10_23_37,25,ATMA_2020-05-27_10_23_37_25.wav,1BDMFtTPU8Y_kIIQ9oe6JYNZwcJ7uvU-0,NoStutteredWords,1,False,0,0,0,0,0,1,1735261,1783261,0,0,0,0,0,0,train
segunda_revision,ATMA,2020-05-27_10_23_55,15,ATMA_2020-05-27_10_23_55_15.wav,17vfUGnbwa_9Hmvg46kWj_GxAm0RvPS04,Block,1,False,0,0,1,0,0,0,897976,945976,0,0,0,0,0,0,train
segunda_revision,ATMA,2020-05-27_10_23_55,17,ATMA_2020-05-27_10_23_55_17.wav,1843kSvir6rYfCQV8PDMyy71ITUXGWMQk,SoundRep,1,False,0,0,0,1,0,0,1069551,1117551,0,0,0,0,0,0,train
segunda_revision,ATMA,2020-05-27_10_23_55,20,ATMA_2020-05-27_10_23_55_20.wav,17tcEgicI5xmBo1pec6Wqr18iLiroBngS,Block,1,False,0,0,1,0,0,0,1295120,1343120,0,0,0,0,0,0,train
segunda_revision,ATMA,2020-05-27_10_23_55,25,ATMA_2020-05-27_10_23_55_25.wav,18RZQE3pd9YORJE-wuODrFNqdoroY3Njk,NoStutteredWords,1,False,0,0,0,0,0,1,2177008,2225008,0,0,0,0,0,0,train
segunda_revision,ATMA,2020-05-27_10_24_13,7,ATMA_2020-05-27_10_24_13_7.wav,1c-kAiMyf0Yp26bzJuqKPwc8UMLdx_nnw,SoundRep,1,False,0,0,0,1,0,0,674009,722009,0,0,0,0,0,0,train
segunda_revision,ATMA,2020-05-27_10_24_30,1,ATMA_2020-05-27_10_24_30_1.wav,1BwLu5BhJQ_nToYbGr7fLJrQC29QA-9oG,NoStutteredWords,1,False,0,0,0,0,0,1,44394,92394,0,0,0,0,0,0,train
segunda_revision,ATMA,2020-05-28_05_36_59,5,ATMA_2020-05-28_05_36_59_5.wav,1MTLZJJD9YIkRu7GZOqkF5ucXPdwmvv5G,NoStutteredWords,1,False,0,0,0,0,0,1,283709,331709,0,0,0,0,0,0,train
segunda_revision,ATMA,2020-05-28_05_36_59,7,ATMA_2020-05-28_05_36_59_7.wav,1LmTA1Hn6Bfrd_I6XgIhDTbQAq-IiN2aE,NoStutteredWords,1,False,0,0,0,0,0,1,391623,439623,0,0,0,0,0,0,train
segunda_revision,ATMA,2020-05-28_05_36_59,14,ATMA_2020-05-28_05_36_59_14.wav,1MKloGwewm52SEJNyWxa88TgPNBjABOn5,SoundRep,1,False,0,0,0,1,0,0,804801,852801,0,0,0,0,0,0,train
segunda_revision,ATMA,2020-05-28_05_36_59,15,ATMA_2020-05-28_05_36_59_15.wav,1Lkw5ukpp1SJ9ncViDM9HX5vSylL1DalO,Prolongation,1,False,0,0,0,0,1,0,827856,875856,0,0,0,0,0,0,train
segunda_revision,ATMA,2020-05-28_05_36_59,27,ATMA_2020-05-28_05_36_59_27.wav,1Mc6p4EXpnoQl4e9rKEu9pxQKZNK-JWTU,NoStutteredWords,1,False,0,0,0,0,0,1,1476823,1524823,0,0,0,0,0,0,train
segunda_revision,ATMA,2020-05-28_05_36_59,28,ATMA_2020-05-28_05_36_59_28.wav,1LkoFgznEgyt7PPzCGsAFLTQZkHi9ixdk,NoStutteredWords,1,False,0,0,0,0,0,1,1505758,1553758,0,0,0,1,0,0,train
segunda_revision,ATMA,2020-05-28_05_36_59,34,ATMA_2020-05-28_05_36_59_34.wav,1MDEPZsbDia7dZQnP9MTNxbdc8XaROOtn,NoStutteredWords,1,False,0,0,0,0,0,1,1799184,1847184,0,0,0,0,0,0,train
segunda_revision,ATMA,2020-05-28_05_36_59,38,ATMA_2020-05-28_05_36_59_38.wav,1LJXRRQzaEaCOIlJXtZ3gCeph-yadP3Qq,NoStutteredWords,1,False,0,0,0,0,0,1,2028663,2076663,0,0,0,0,0,0,train
segunda_revision,ATMA,2020-05-28_05_36_59,41,ATMA_2020-05-28_05_36_59_41.wav,1M_EGZNoOtdx_FJiBBVF53MAj8zRrjLux,NoStutteredWords,1,False,0,0,0,0,0,1,2224550,2272550,0,0,0,0,0,0,train
segunda_revision,ATMA,2020-05-28_05_36_59,43,ATMA_2020-05-28_05_36_59_43.wav,1LQDPDTQqsZzSDosfe8AGQnRr_sIpXVgP,NoStutteredWords,1,False,0,0,0,0,0,1,2255389,2303389,0,0,0,0,0,0,train
segunda_revision,ATMA,2020-05-28_05_38_09,11,ATMA_2020-05-28_05_38_09_11.wav,1JjykjFI3V8QL_qz9CVTc_Tihq9zhABqe,NoStutteredWords,1,False,0,0,0,0,0,1,658286,706286,0,0,0,0,0,0,train
segunda_revision,ATMA,2020-05-28_05_38_09,17,ATMA_2020-05-28_05_38_09_17.wav,1KeV123Y2TQfQloThaz766-ohDtwZh_x0,NoStutteredWords,1,False,0,0,0,0,0,1,969265,1017265,0,0,0,0,0,0,train
segunda_revision,ATMA,2020-05-28_05_38_22,4,ATMA_2020-05-28_05_38_22_4.wav,1HDIgpUVgXU6FqXa8sFS9h2ldB5kF_APN,NoStutteredWords,1,False,0,0,0,0,0,1,270520,318520,0,0,0,0,0,0,train
segunda_revision,ATMA,2020-05-28_05_38_22,8,ATMA_2020-05-28_05_38_22_8.wav,1HZnKQc63iSrsfH07Jckbm5sGFga4JPKt,NoStutteredWords,1,False,0,0,0,0,0,1,472755,520755,0,0,0,0,0,0,train
segunda_revision,ATMA,2020-05-28_05_38_22,13,ATMA_2020-05-28_05_38_22_13.wav,1GZsnohj20DoVihiiECmSXfGrqOqDDXN0,NoStutteredWords,1,False,0,0,0,0,0,1,702431,750431,0,0,0,0,0,0,train
segunda_revision,ATMA,2020-05-28_05_38_22,14,ATMA_2020-05-28_05_38_22_14.wav,1HNewfLwGR8B8ER4CSz-CNOCCfyQ86qin,NoStutteredWords,1,False,0,0,0,0,0,1,713356,761356,0,0,0,0,0,0,train
segunda_revision,ATMA,2020-05-28_05_38_22,23,ATMA_2020-05-28_05_38_22_23.wav,1Je-l-WKIXRvaTlNHd0LUOf3Gn_UNnp6s,NoStutteredWords,1,False,0,0,0,0,0,1,990944,1038944,0,0,0,0,0,0,train
segunda_revision,ATMA,2020-05-28_05_38_22,31,ATMA_2020-05-28_05_38_22_31.wav,1IHGcrePak_RJTQ0a7n0wzoPQvF8hqix5,Prolongation,1,False,0,0,0,0,1,0,1427045,1475045,0,0,0,0,0,0,train
segunda_revision,ATMA,2020-05-28_05_38_22,34,ATMA_2020-05-28_05_38_22_34.wav,1H5HoIDpCF26zfRLbDIulfCcJlL2h1nA3,NoStutteredWords,1,False,0,0,0,0,0,1,1566739,1614739,0,0,0,0,0,0,train
segunda_revision,ATMA,2020-05-28_05_38_22,38,ATMA_2020-05-28_05_38_22_38.wav,1HRQ1Jef_fwcHyg-1sMAjNu-VXSq5o14L,NoStutteredWords,1,False,0,0,0,0,0,1,1662414,1710414,0,0,0,0,0,0,train
segunda_revision,ATMA,2020-05-28_05_38_22,42,ATMA_2020-05-28_05_38_22_42.wav,1JHk2B4PWJbcLwvOmvBNUgpTbMZwsr4Gq,SoundRep,2,False,0,0,0,1,1,0,1880696,1928696,0,0,0,0,0,0,train
segunda_revision,ATMA,2020-05-28_05_38_22,51,ATMA_2020-05-28_05_38_22_51.wav,1GgfYtjz9PSH_LmWnR_qadIJYlXfa9wtZ,NoStutteredWords,1,False,0,0,0,0,0,1,2170032,2218032,0,0,0,0,0,0,train
segunda_revision,ATMA,2020-05-28_05_38_39,6,ATMA_2020-05-28_05_38_39_6.wav,1D8nNN81TNA2eCSy4gqa5w9AYbrIhT80X,NoStutteredWords,1,False,0,0,0,0,0,1,397173,445173,0,0,0,0,0,0,train
segunda_revision,ATMA,2020-05-28_05_38_39,13,ATMA_2020-05-28_05_38_39_13.wav,1C6wY6cL_Uez-GqHSay680iKb0S1gj5qS,Block,1,False,0,0,1,0,0,0,744839,792839,0,0,0,0,0,0,train
segunda_revision,ATMA,2020-05-28_05_38_39,27,ATMA_2020-05-28_05_38_39_27.wav,1DPM_7rDkrY29xpcDR-rmoz7FQr1qcXp4,NoStutteredWords,1,False,0,0,0,0,0,1,1479232,1527232,0,0,0,0,0,0,train
segunda_revision,ATMA,2020-05-28_05_38_39,28,ATMA_2020-05-28_05_38_39_28.wav,1BXSOE92ABxfsEk66k_JJeuTVr0Ok4DZE,NoStutteredWords,1,False,0,0,0,0,0,1,1587698,1635698,0,0,0,0,0,0,train
segunda_revision,ATMA,2020-05-28_05_38_39,33,ATMA_2020-05-28_05_38_39_33.wav,1BjJQrmolDLQDSDtz7SG92QbHJ66u4_Kq,NoStutteredWords,1,False,0,0,0,0,0,1,1811417,1859417,0,0,0,0,0,0,train
segunda_revision,ATMA,2020-05-28_05_38_39,37,ATMA_2020-05-28_05_38_39_37.wav,1EO815ANC9UxUCnIitd9Xbk9e8hkqRnQh,NoStutteredWords,1,False,0,0,0,0,0,1,1971303,2019303,0,0,0,0,0,0,train
segunda_revision,ATMA,2020-05-28_05_38_39,38,ATMA_2020-05-28_05_38_39_38.wav,1CWnSBb26jFqqGz0TjoVxjhDAEZrJ1xfv,SoundRep,1,False,0,0,0,1,0,0,2041553,2089553,0,0,0,0,0,0,train
segunda_revision,ATMA,2020-05-28_05_38_39,42,ATMA_2020-05-28_05_38_39_42.wav,1CijFzo4oEE6GHAry3leo-db2-cYZL8TM,NoStutteredWords,1,False,0,0,0,0,0,1,2229048,2277048,0,0,0,0,0,0,train
segunda_revision,ATMA,2020-05-28_05_38_45,6,ATMA_2020-05-28_05_38_45_6.wav,16UN1Zr3KtoGzUg3lNjR8yVGDkDv3Vx2Y,NoStutteredWords,1,False,0,0,0,0,0,1,554299,602299,0,0,0,0,0,0,train
segunda_revision,ATMA,2020-05-28_05_38_45,10,ATMA_2020-05-28_05_38_45_10.wav,173s0NYhn9VQUVnP-gp-UMPvdaKRGFQkd,NoStutteredWords,1,False,0,0,0,0,0,1,651091,699091,0,0,0,0,1,0,train
segunda_revision,ATMA,2020-05-28_05_38_45,17,ATMA_2020-05-28_05_38_45_17.wav,17KZFBqzbh14kPxhWeVJ4usoV14I7LLsu,NoStutteredWords,1,False,0,0,0,0,0,1,1101057,1149057,0,0,0,0,1,0,train
segunda_revision,ATMA,2020-05-28_05_38_45,21,ATMA_2020-05-28_05_38_45_21.wav,16RHiGF7MBoOON9rhIRPcHd8C39KJHzMb,NoStutteredWords,1,False,0,0,0,0,0,1,1344847,1392847,0,0,0,0,1,0,train
segunda_revision,ATMA,2020-05-28_12_36_10,5,ATMA_2020-05-28_12_36_10_5.wav,1abpAIsq_M_Xm1gP7LtTRVwJfZYMYLig8,Prolongation,1,False,0,0,0,0,1,0,310023,358023,0,0,0,0,0,0,train
segunda_revision,ATMA,2020-05-28_12_36_10,7,ATMA_2020-05-28_12_36_10_7.wav,1dAXXLebx9Bm0mwfboZWH6-EsT3FdKsPW,NoStutteredWords,1,False,0,0,0,0,0,1,346383,394383,0,0,0,0,1,0,train
segunda_revision,ATMA,2020-05-28_12_36_10,11,ATMA_2020-05-28_12_36_10_11.wav,1cH6fyk-Z_38zonpDAzJJ8sxUiQmzGVgG,Prolongation,1,False,0,0,0,0,1,0,660634,708634,0,0,0,0,0,0,train
segunda_revision,ATMA,2020-05-28_12_36_10,17,ATMA_2020-05-28_12_36_10_17.wav,1cE3v4RTFLY-lMO7t2rN_EOzIbFbBHV8G,NoStutteredWords,1,False,0,0,0,0,0,1,899670,947670,0,0,0,0,0,0,train
segunda_revision,ATMA,2020-05-28_12_36_10,31,ATMA_2020-05-28_12_36_10_31.wav,1a2hf-gLDhyzF2pFmkSEV9r2PrkYcXnnz,NoStutteredWords,1,False,0,0,0,0,0,1,1451769,1499769,0,0,0,0,0,0,train
segunda_revision,ATMA,2020-05-28_12_36_10,34,ATMA_2020-05-28_12_36_10_34.wav,1au6OXVqadUGiKiMNxlR9atYdm-nGYYMN,NoStutteredWords,1,False,0,0,0,0,0,1,1861445,1909445,0,0,0,0,0,0,train
segunda_revision,ATMA,2020-05-28_12_36_10,40,ATMA_2020-05-28_12_36_10_40.wav,1bFNmaEOj49be5uMCc0Fwb-uCTRvICJFI,NoStutteredWords,1,False,0,0,0,0,0,1,2200976,2248976,0,0,0,0,0,0,train
segunda_revision,ATMA,2020-05-28_12_36_10,41,ATMA_2020-05-28_12_36_10_41.wav,1aHZuQxdaey5OJVKvwE_XCgIcpwgVppTo,NoStutteredWords,1,False,0,0,0,0,0,1,2285187,2333187,0,0,0,0,0,0,train
segunda_revision,ATMA,2020-05-28_12_36_42,0,ATMA_2020-05-28_12_36_42_0.wav,1gdWW7o3JuFuqbmC30cKCffBogudrXYj6,Block,1,False,0,0,1,0,0,0,11622,59622,0,0,0,0,0,0,train
segunda_revision,ATMA,2020-05-28_12_36_42,11,ATMA_2020-05-28_12_36_42_11.wav,1gcy7iVHmzfF9znAM_aOsz4F97LWQDkYy,Prolongation,1,False,0,0,0,0,1,0,810432,858432,0,0,0,0,0,0,train
segunda_revision,ATMA,2020-05-28_12_36_42,20,ATMA_2020-05-28_12_36_42_20.wav,1h937wKp5mq__HIB7_ESW4rQEFtDEXzwe,NoStutteredWords,1,False,0,0,0,0,0,1,1093594,1141594,0,0,0,0,0,0,train
segunda_revision,ATMA,2020-05-28_12_36_42,22,ATMA_2020-05-28_12_36_42_22.wav,1gYoBJCOY8KAqQxs2aKllOSP4baZWUwTA,NoStutteredWords,1,False,0,0,0,0,0,1,1140430,1188430,0,0,0,0,0,0,train
segunda_revision,ATMA,2020-05-28_12_36_42,23,ATMA_2020-05-28_12_36_42_23.wav,1gmFnsi74DK4cFlwU361xmvFKk1tBBMsT,NoStutteredWords,1,False,0,0,0,0,0,1,1206563,1254563,0,0,0,0,0,0,train
segunda_revision,ATMA,2020-05-28_12_36_42,30,ATMA_2020-05-28_12_36_42_30.wav,1hnaMc_FevlSW9fUb5RJIpaCu1eEfgd5g,NoStutteredWords,1,False,0,0,0,0,0,1,1502640,1550640,0,0,0,0,0,0,train
segunda_revision,ATMA,2020-05-28_12_36_58,0,ATMA_2020-05-28_12_36_58_0.wav,1NDrXEYYhrcKuIQ-QugGW495XewN_mZqQ,NoStutteredWords,1,False,0,0,0,0,0,1,82503,130503,0,0,0,0,0,0,train
segunda_revision,ATMA,2020-05-28_12_36_58,2,ATMA_2020-05-28_12_36_58_2.wav,1N6VT6WXTw0nHJ2Bha5N92VHVf8Cs2NQO,NoStutteredWords,1,False,0,0,0,0,0,1,212214,260214,0,0,0,0,0,0,train
segunda_revision,ATMA,2020-05-28_12_36_58,11,ATMA_2020-05-28_12_36_58_11.wav,1NPciXnIY38p4zYcea7FMgJAps5dVbonT,NoStutteredWords,1,False,0,0,0,0,0,1,966953,1014953,0,0,0,0,0,0,train
segunda_revision,ATMA,2020-05-28_12_36_58,19,ATMA_2020-05-28_12_36_58_19.wav,1MWa4JWP0FfkNckXS_brLvFoIHj-io926,SoundRep,1,False,0,0,0,1,0,0,1360685,1408685,0,0,0,0,0,0,train
segunda_revision,ATMA,2020-05-28_12_36_58,20,ATMA_2020-05-28_12_36_58_20.wav,1NFzeGUihlQpjILgDuvpugwLblLKc2jFX,NoStutteredWords,1,False,0,0,0,0,0,1,1409830,1457830,0,0,0,0,0,0,train
segunda_revision,ATMA,2020-05-28_12_37_14,1,ATMA_2020-05-28_12_37_14_1.wav,1ZCw4VhVZP-R7WSp6ATJyQbiKCXm9lTU0,NoStutteredWords,1,False,0,0,0,0,0,1,91138,139138,0,0,0,0,0,0,train
segunda_revision,ATMA,2020-05-28_12_37_14,4,ATMA_2020-05-28_12_37_14_4.wav,1_2nHgZGiALRZ6RkAkaRzd9lOSbDzJf4r,NoStutteredWords,1,False,0,0,0,0,0,1,193663,241663,0,0,0,0,0,0,train
segunda_revision,ATMA,2020-05-28_12_37_14,22,ATMA_2020-05-28_12_37_14_22.wav,1_-l4K9OjJEk8_wyBTNIE9TW8N6ovAlhz,NoStutteredWords,1,False,0,0,0,0,0,1,1265644,1313644,0,0,1,0,0,0,train
segunda_revision,ATMA,2020-05-28_12_37_14,24,ATMA_2020-05-28_12_37_14_24.wav,1_0F1tV7NHEr3C-SYnSd0XgsCJchd1CYa,NoStutteredWords,1,False,0,0,0,0,0,1,1405743,1453743,0,0,0,0,0,0,train
segunda_revision,ATMA,2020-05-28_12_37_14,29,ATMA_2020-05-28_12_37_14_29.wav,1ZwQra8cX0Jxh-GwXs6_L9uFp0281thzT,NoStutteredWords,1,False,0,0,0,0,0,1,1629641,1677641,0,0,0,0,0,0,train
segunda_revision,ATMA,2020-05-28_12_37_24,1,ATMA_2020-05-28_12_37_24_1.wav,1fssZoqVsyLIRb_W5u44kmdq8P_gfpeNZ,NoStutteredWords,1,False,0,0,0,0,0,1,155148,203148,0,0,0,0,0,0,train
segunda_revision,ATMA,2020-05-28_12_37_24,4,ATMA_2020-05-28_12_37_24_4.wav,1dhKR-HrkxKFgLvUq8qqbJOOWvUQWMF1R,NoStutteredWords,1,False,0,0,0,0,0,1,353894,401894,0,0,0,0,0,0,train
segunda_revision,ATMA,2020-05-28_12_37_24,10,ATMA_2020-05-28_12_37_24_10.wav,1emfkSgL8peaNwrFkLuxHZCVHFl6dh7hX,NoStutteredWords,1,False,0,0,0,0,0,1,730522,778522,0,0,0,0,0,0,train
segunda_revision,ATMA,2020-05-28_12_37_24,16,ATMA_2020-05-28_12_37_24_16.wav,1dj_S9MFfOB30694zJdSlXabafviOY-2A,Prolongation,1,False,0,0,0,0,1,0,1102444,1150444,0,0,0,0,1,0,train
segunda_revision,ATMA,2020-05-28_12_37_24,18,ATMA_2020-05-28_12_37_24_18.wav,1doRDvgeb9B0_U4mdsW54flHuJIEPzSkh,NoStutteredWords,1,False,0,0,0,0,0,1,1204885,1252885,0,0,0,0,0,0,train
segunda_revision,ATMA,2020-05-28_12_37_24,24,ATMA_2020-05-28_12_37_24_24.wav,1duidT9aoBTrbdQQM4uzlAr0TD0vEXPo0,NoStutteredWords,1,False,0,0,0,0,0,1,1657076,1705076,0,0,0,0,1,0,train
segunda_revision,ATMA,2020-05-29_03_49_57,17,ATMA_2020-05-29_03_49_57_17.wav,187VJ_77-H2jb13PJDjEWdASVpNuXXBPD,Block,1,False,0,0,1,0,0,0,703344,751344,0,0,0,0,0,0,train
segunda_revision,ATMA,2020-05-29_03_49_57,20,ATMA_2020-05-29_03_49_57_20.wav,17Gb7Hj4i8NKzFaa8O3SZsFUW454drIVN,NoStutteredWords,1,False,0,0,0,0,0,1,815785,863785,0,0,0,0,0,0,train
segunda_revision,ATMA,2020-05-29_03_49_57,31,ATMA_2020-05-29_03_49_57_31.wav,187NiuAY2NBpOuvCHTtb5eecMyFnzZiX-,NoStutteredWords,1,False,0,0,0,0,0,1,1141621,1189621,0,0,0,0,0,0,train
segunda_revision,ATMA,2020-05-29_03_50_21,19,ATMA_2020-05-29_03_50_21_19.wav,1RrPiD2PuxLsw3UV7TbGtQOwSpfCKOkhZ,NoStutteredWords,1,False,0,0,0,0,0,1,2065623,2113623,0,0,0,0,0,0,train
segunda_revision,ATMA,2020-05-29_03_50_21,22,ATMA_2020-05-29_03_50_21_22.wav,1RwjsipuKrNyY4As28MRjwY23DYVoJHg9,SoundRep,1,False,0,0,0,1,0,0,2245343,2293343,0,0,0,0,0,0,train
segunda_revision,ATMA,2020-05-29_03_50_21,29,ATMA_2020-05-29_03_50_21_29.wav,1SbfG_hPFDBDO7GDnreUuZ0lL67uT1yIt,NoStutteredWords,1,False,0,0,0,0,0,1,2561059,2609059,0,0,0,0,0,0,train
segunda_revision,ATMA,2020-05-29_03_50_43,1,ATMA_2020-05-29_03_50_43_1.wav,1mYK0aYHYIPYcli0j1M8nar2P6yw7fFVR,NoStutteredWords,1,False,0,0,0,0,0,1,61238,109238,0,0,0,0,0,0,train
segunda_revision,ATMA,2020-05-29_03_50_43,4,ATMA_2020-05-29_03_50_43_4.wav,1mGQ576D41_gf4Bys64xzM2ayCEzRL_lN,NoStutteredWords,1,False,0,0,0,0,0,1,203420,251420,0,0,0,0,0,0,train
segunda_revision,ATMA,2020-05-29_03_50_43,8,ATMA_2020-05-29_03_50_43_8.wav,1m70hR-2cY09n1Cwap8VqCwJcaX__7gy6,NoStutteredWords,1,False,0,0,0,0,0,1,386367,434367,0,0,0,0,0,0,train
segunda_revision,ATMA,2020-05-29_03_50_43,11,ATMA_2020-05-29_03_50_43_11.wav,1lxbURPofElUX0-9k_S2lLfx1-dNG8QfI,NoStutteredWords,1,False,0,0,0,0,0,1,535415,583415,0,0,0,0,0,0,train
segunda_revision,ATMA,2020-05-29_03_50_43,23,ATMA_2020-05-29_03_50_43_23.wav,1m1HlbGpLawv1uHeqYoBix2TPo9-_Asp_,NoStutteredWords,1,False,0,0,0,0,0,1,1064056,1112056,0,0,0,0,1,0,train
segunda_revision,ATMA,2020-05-29_03_50_43,33,ATMA_2020-05-29_03_50_43_33.wav,1l7Up4fz_-52FkJiHVq4jBRfaUhpArvn2,NoStutteredWords,1,False,0,0,0,0,0,1,1518749,1566749,0,0,0,0,0,0,train
segunda_revision,ATMA,2020-05-29_03_51_02,6,ATMA_2020-05-29_03_51_02_6.wav,1TR1sTXrDLhSL5MWwFXznQe1QOSb41HCF,NoStutteredWords,1,False,0,0,0,0,0,1,274216,322216,0,0,0,0,0,0,train
segunda_revision,ATMA,2020-05-29_03_51_02,20,ATMA_2020-05-29_03_51_02_20.wav,1UWys-36koQub7Y8yObo2hCOz9Tvhfp4I,NoStutteredWords,1,False,0,0,0,0,0,1,934220,982220,0,0,0,0,0,0,train
segunda_revision,ATMA,2020-05-29_03_51_02,21,ATMA_2020-05-29_03_51_02_21.wav,1SN63L6-a0IIM0Cq11Z4gPhNQJN4xHtZ5,NoStutteredWords,1,False,0,0,0,0,0,1,1009167,1057167,0,0,0,0,0,0,train
segunda_revision,ATMA,2020-05-29_03_51_02,38,ATMA_2020-05-29_03_51_02_38.wav,1UQNJ3oRBhvYtPaIgvkiMFdDSF81hct1o,NoStutteredWords,1,False,0,0,0,0,0,1,1774357,1822357,0,0,0,0,0,0,train
segunda_revision,ATMA,2020-05-29_03_51_02,47,ATMA_2020-05-29_03_51_02_47.wav,1UXvzQf44FDaNA1iBeoN3kvsp6s7vlV7Z,NoStutteredWords,1,False,0,0,0,0,0,1,2183697,2231697,0,0,0,0,0,0,train
segunda_revision,ATMA,2020-05-29_03_51_19,1,ATMA_2020-05-29_03_51_19_1.wav,12VEdcdKfs-9hcZuZLPcOLw6EcLxZuYei,NoStutteredWords,1,False,0,0,0,0,0,1,70976,118976,0,0,0,0,0,0,train
segunda_revision,ATMA,2020-05-29_03_51_19,7,ATMA_2020-05-29_03_51_19_7.wav,158lOTZOJS35ESyleh2YA4fN1Okkbqbn7,NoStutteredWords,1,False,0,0,0,0,0,1,260729,308729,0,0,0,0,0,0,train
segunda_revision,ATMA,2020-05-29_03_51_19,40,ATMA_2020-05-29_03_51_19_40.wav,1442LCOAW8RtNAzYtB07x1E_Pt9jkScXG,NoStutteredWords,1,False,0,0,0,0,0,1,1959341,2007341,0,0,0,0,0,0,train
segunda_revision,ATMA,2020-05-29_03_51_19,42,ATMA_2020-05-29_03_51_19_42.wav,11sSZHea43FRNut0FAbJ_tIqhmL2zvnCH,WordRep,1,False,0,1,0,0,0,0,2041579,2089579,0,0,0,0,0,0,train
segunda_revision,ATMA,2020-05-29_03_51_19,58,ATMA_2020-05-29_03_51_19_58.wav,12nkxhvTC3LoGurx3N-Ccz3hmh_xXjO7y,NoStutteredWords,1,False,0,0,0,0,0,1,2849943,2897943,0,0,0,0,0,0,train
segunda_revision,ATMA,2020-05-29_03_51_35,5,ATMA_2020-05-29_03_51_35_5.wav,1jBmrudS7ZKHbV--XVdDucZYWNc95Hknt,NoStutteredWords,1,False,0,0,0,0,0,1,358283,406283,0,0,0,0,0,0,train
segunda_revision,ATMA,2020-05-29_03_51_35,8,ATMA_2020-05-29_03_51_35_8.wav,1jonL7vAn7ooymyhncYiTQrSdS1jNqGOn,WordRep,1,False,0,1,0,0,0,0,456283,504283,0,0,0,0,0,0,train
segunda_revision,ATMA,2020-05-29_03_51_35,17,ATMA_2020-05-29_03_51_35_17.wav,1ij5H-XA2lxVDxzEmvShTUW4H0RiAMaR1,NoStutteredWords,1,False,0,0,0,0,0,1,861565,909565,0,0,0,0,0,0,train
segunda_revision,ATMA,2020-05-29_03_51_35,26,ATMA_2020-05-29_03_51_35_26.wav,1ijYmWxjIZyyw6q3jQbBuQ821iFbFYE5_,NoStutteredWords,1,False,0,0,0,0,0,1,1165237,1213237,0,0,0,0,0,0,train
segunda_revision,ATMA,2020-05-29_03_51_35,30,ATMA_2020-05-29_03_51_35_30.wav,1iuMf9XfR-tshsoY3x3MX0z91uhrywI11,NoStutteredWords,1,False,0,0,0,0,0,1,1281400,1329400,0,0,0,0,0,0,train
segunda_revision,ATMA,2020-05-29_03_51_35,37,ATMA_2020-05-29_03_51_35_37.wav,1kSKIuVDvHOxRrdbzxokfXR9vQX1iZ9rX,SoundRep,1,False,0,0,0,1,0,0,1642006,1690006,0,0,0,0,0,0,train
segunda_revision,ATMA,2020-05-29_03_51_35,43,ATMA_2020-05-29_03_51_35_43.wav,1jKFyvboMHxzxVSO3li0pWIT62ttguSBI,NoStutteredWords,1,False,0,0,0,0,0,1,1901528,1949528,0,0,0,0,0,0,train
segunda_revision,ATMA,2020-05-29_03_51_35,44,ATMA_2020-05-29_03_51_35_44.wav,1ij_7MXDjR33R2TPzPBPyYbrdY6n82Nut,NoStutteredWords,1,False,0,0,0,0,0,1,1909038,1957038,0,0,0,0,0,0,train
segunda_revision,ATMA,2020-05-29_03_51_35,50,ATMA_2020-05-29_03_51_35_50.wav,1k0-hL0SpBcDPGsoyECW0f17xEKHAu-Wg,NoStutteredWords,1,False,0,0,0,0,0,1,2250719,2298719,0,0,0,0,0,0,train
segunda_revision,ATMA,2020-05-29_03_51_35,55,ATMA_2020-05-29_03_51_35_55.wav,1kRjCjHVmI3pJszZU8i7PV_uwmzCUQ8q3,NoStutteredWords,1,False,0,0,0,0,0,1,2488830,2536830,0,0,0,0,0,0,train
segunda_revision,ATMA,2020-05-29_03_51_35,56,ATMA_2020-05-29_03_51_35_56.wav,1iyxVU8ohd68hJcvyz4hwxwrTr91-gwqg,NoStutteredWords,1,False,0,0,0,0,0,1,2519983,2567983,0,0,0,0,0,0,train
segunda_revision,ATMA,2020-05-29_03_51_53,0,ATMA_2020-05-29_03_51_53_0.wav,1yrGf-biDQQXiSLLpAyOP_XXhbBIY1fRA,Prolongation,1,False,0,0,0,0,1,0,16672,64672,0,0,0,0,0,0,train
segunda_revision,ATMA,2020-05-29_03_51_53,8,ATMA_2020-05-29_03_51_53_8.wav,1zv-3XzaENi90SFhTk6LAeFOZBVIfUM2p,NoStutteredWords,1,False,0,0,0,0,0,1,456422,504422,0,0,0,0,0,0,train
segunda_revision,ATMA,2020-05-29_03_51_53,39,ATMA_2020-05-29_03_51_53_39.wav,1yieJgc7h7IS8vlrNClW_3QkHbjPmnrjT,NoStutteredWords,1,False,0,0,0,0,0,1,1998316,2046316,0,0,0,0,0,0,train
segunda_revision,ATMA,2020-05-29_03_51_53,40,ATMA_2020-05-29_03_51_53_40.wav,1zsUTauwzES8UtLjQ6h1hZfI-V0DBfvYg,NoStutteredWords,1,False,0,0,0,0,0,1,2023554,2071554,0,0,0,0,0,0,train
segunda_revision,ATMA,2020-05-29_03_51_53,45,ATMA_2020-05-29_03_51_53_45.wav,1ypaMytOGSvGlGSWJnQw3YMW_BM5IcQhF,NoStutteredWords,1,False,0,0,0,0,0,1,2321041,2369041,0,0,0,0,0,0,train
segunda_revision,ATMA,2020-05-29_03_51_53,49,ATMA_2020-05-29_03_51_53_49.wav,1zHgnv2pvtsddnhWCXgiLUP0w0OOfce0X,NoStutteredWords,1,False,0,0,0,0,0,1,2499787,2547787,0,0,0,0,0,0,train
segunda_revision,ATMA,2020-05-29_03_52_01,9,ATMA_2020-05-29_03_52_01_9.wav,1w8fUAOy_mAZyImqi36fhpK6y1iYKA60Z,NoStutteredWords,1,False,0,0,0,0,0,1,513715,561715,0,0,0,0,0,0,train
segunda_revision,ATMA,2020-05-29_03_52_01,10,ATMA_2020-05-29_03_52_01_10.wav,1uGxozP2ZZVQ3vb5xIT8LfVGjxg0PWPbc,NoStutteredWords,1,False,0,0,0,0,0,1,654169,702169,0,0,0,0,0,0,train
segunda_revision,ATMA,2020-05-29_03_52_01,13,ATMA_2020-05-29_03_52_01_13.wav,1wE78HDAxjdc38B439yXuWYyn_VTAmmk2,NoStutteredWords,1,False,0,0,0,0,0,1,809207,857207,0,0,0,0,0,0,train
segunda_revision,ATMA,2020-05-29_03_52_01,33,ATMA_2020-05-29_03_52_01_33.wav,1vE-45J8xDswvRqFZQqxf1yqfN6x7zMZg,NoStutteredWords,1,False,0,0,0,0,0,1,1754771,1802771,0,0,0,0,0,0,train
segunda_revision,ATMA,2020-05-29_03_52_18,4,ATMA_2020-05-29_03_52_18_4.wav,1F7w5hKnp2qJ8p_LxKh9yj2C7jQzc2Ywa,NoStutteredWords,1,False,0,0,0,0,0,1,277166,325166,0,0,0,0,0,0,train
segunda_revision,ATMA,2020-05-29_03_52_18,16,ATMA_2020-05-29_03_52_18_16.wav,1In7gpvsUV1bEUAoHpIKziNaCWBZiHdl6,NoStutteredWords,1,False,0,0,0,0,0,1,809465,857465,0,0,0,0,0,0,train
segunda_revision,ATMA,2020-05-29_03_52_18,19,ATMA_2020-05-29_03_52_18_19.wav,1Ea2YTsKChISjC6iAZfySCp4M8fdHjdW9,NoStutteredWords,1,False,0,0,0,0,0,1,991662,1039662,0,0,0,0,0,0,train
segunda_revision,ATMA,2020-05-29_03_52_18,22,ATMA_2020-05-29_03_52_18_22.wav,1HDP2ie1_nlTXDX_4Cc9CFqUKKbdbpzuK,Block,1,False,0,0,1,0,0,0,1178927,1226927,0,0,0,0,0,0,train
segunda_revision,ATMA,2020-05-29_03_52_18,25,ATMA_2020-05-29_03_52_18_25.wav,1EhE16CBP92IbLLEs9RFTzGGfTXzSMhdJ,NoStutteredWords,1,False,0,0,0,0,0,1,1261670,1309670,0,0,0,0,0,0,train
segunda_revision,ATMA,2020-05-29_03_52_18,54,ATMA_2020-05-29_03_52_18_54.wav,1H86hw6ezHEedRzhGNnGkgHeQG5UitO8V,NoStutteredWords,1,False,0,0,0,0,0,1,2350262,2398262,0,0,0,0,0,0,train
segunda_revision,ATMA,2020-05-29_03_52_18,59,ATMA_2020-05-29_03_52_18_59.wav,1FFYhqOFJ59Ee4KlhebnWh9c_zZ8vUP80,NoStutteredWords,1,False,0,0,0,0,0,1,2550643,2598643,0,0,0,0,0,0,train
segunda_revision,ATMA,2020-05-29_03_52_18,60,ATMA_2020-05-29_03_52_18_60.wav,1E5_4DuPvctQL5ccLniaU2-29jcF-YdrF,NoStutteredWords,1,False,0,0,0,0,0,1,2576392,2624392,0,0,0,0,0,0,train
segunda_revision,ATMA,2020-05-29_03_52_18,63,ATMA_2020-05-29_03_52_18_63.wav,1HAmK27kDQ9vs5k53P3TroZmNNCh9oXEj,NoStutteredWords,1,False,0,0,0,0,0,1,2697888,2745888,0,0,0,0,0,0,train
segunda_revision,ATMA,2020-05-29_03_52_18,64,ATMA_2020-05-29_03_52_18_64.wav,1G0dWDR9KIvHuczvKXUgLk3l8LagbhTx8,SoundRep,1,False,0,0,0,1,0,0,2745991,2793991,0,0,0,0,0,0,train
segunda_revision,ATMA,2020-05-29_03_52_26,13,ATMA_2020-05-29_03_52_26_13.wav,1AAw2cUUSnA1W-oC1ym8lXN_FCxRmv5IF,Block,1,False,0,0,1,0,0,0,559713,607713,0,0,0,0,0,0,train
segunda_revision,ATMA,2020-05-29_03_52_26,18,ATMA_2020-05-29_03_52_26_18.wav,17lhoUYSOLFlKeKoIlbPJPFJdf7pnp8zg,NoStutteredWords,1,False,0,0,0,0,0,1,758097,806097,0,0,0,0,0,0,train
segunda_revision,ATMA,2020-05-29_03_52_26,20,ATMA_2020-05-29_03_52_26_20.wav,1A0gkP3Z9SsAvwnARa8P7JTXSkMRGna30,NoStutteredWords,1,False,0,0,0,0,0,1,934965,982965,0,0,0,0,0,0,train
segunda_revision,ATMA,2020-05-29_03_52_26,21,ATMA_2020-05-29_03_52_26_21.wav,19AS4AN4m6f8VYSJuSAgnbbC8g3p1GjAd,NoStutteredWords,1,False,0,0,0,0,0,1,966856,1014856,0,0,0,0,0,0,train
segunda_revision,ATMA,2020-05-29_03_52_26,22,ATMA_2020-05-29_03_52_26_22.wav,1A7pEclQkpXanq9xDsK-yH6lPuxKBIHLC,NoStutteredWords,1,False,0,0,0,0,0,1,988308,1036308,0,0,0,0,0,0,train
segunda_revision,ATMA,2020-05-29_03_52_26,29,ATMA_2020-05-29_03_52_26_29.wav,19sYhGKDbRart6WFTuUpTnIgmdYqmWpI7,NoStutteredWords,1,False,0,0,0,0,0,1,1254246,1302246,0,0,0,0,0,0,train
segunda_revision,ATMA,2020-05-29_03_52_26,42,ATMA_2020-05-29_03_52_26_42.wav,18Lt8tG0anTl3CoV5wFv68x8DTHS_AyUT,NoStutteredWords,1,False,0,0,0,0,0,1,1808527,1856527,0,0,0,0,0,0,train
segunda_revision,ATMA,2020-05-29_03_52_26,44,ATMA_2020-05-29_03_52_26_44.wav,19X7SpXfYTeb6B3YsfdhkpJCM2Emg1Ajs,Block,1,False,0,0,1,0,0,0,1898335,1946335,0,0,0,0,0,0,train
segunda_revision,ATMA,2020-05-30_06_21_00,2,ATMA_2020-05-30_06_21_00_2.wav,1b-C18H83J6FambpBW5Qs1yGLmN4OLo1Q,NoStutteredWords,1,False,0,0,0,0,0,1,101152,149152,0,0,0,0,0,0,train
segunda_revision,ATMA,2020-05-30_06_21_00,5,ATMA_2020-05-30_06_21_00_5.wav,1blU4DU77KQaJ5ZWQH0OpR5ovAxe82I2t,NoStutteredWords,1,False,0,0,0,0,0,1,247048,295048,0,0,0,0,0,0,train
segunda_revision,ATMA,2020-05-30_06_21_00,26,ATMA_2020-05-30_06_21_00_26.wav,1bNM0ceZTg5jroBR9YHlKaBN3RGj9W1x-,NoStutteredWords,1,False,0,0,0,0,0,1,1302439,1350439,0,0,0,0,0,0,train
segunda_revision,ATMA,2020-05-30_06_21_00,28,ATMA_2020-05-30_06_21_00_28.wav,1bad6NBJMcF2kjFuBL0GQ7BQL3jxKvTK7,NoStutteredWords,1,False,0,0,0,0,0,1,1448699,1496699,0,0,0,0,0,0,train
segunda_revision,ATMA,2020-05-30_06_21_39,3,ATMA_2020-05-30_06_21_39_3.wav,1xpMTiGC3Pz0Q-yNgOxCU78-UKCa7EW5A,SoundRep,1,False,0,0,0,1,0,0,198330,246330,0,0,0,0,0,0,train
segunda_revision,ATMA,2020-05-30_06_21_39,4,ATMA_2020-05-30_06_21_39_4.wav,1yBW1oAwR9YSaHMK9qazz5vZNhbtGHwHV,NoStutteredWords,1,False,0,0,0,0,0,1,354201,402201,0,0,0,0,0,0,train
segunda_revision,ATMA,2020-05-30_06_21_39,10,ATMA_2020-05-30_06_21_39_10.wav,1z-_1CvZv5LjHvpLsURo4FBI1wq0oq3-p,NoStutteredWords,1,False,0,0,0,0,0,1,608096,656096,0,0,0,0,0,0,train
segunda_revision,ATMA,2020-05-30_06_21_39,26,ATMA_2020-05-30_06_21_39_26.wav,1ybHYMGtbuIoc2Ajqkhrf1R5cJ9iqAdM9,NoStutteredWords,1,False,0,0,0,0,0,1,1457644,1505644,0,0,0,0,0,0,train
segunda_revision,ATMA,2020-05-30_06_21_54,4,ATMA_2020-05-30_06_21_54_4.wav,1dy-9H2Ab7ix3uCrCV5gkZOpHyYk3eucC,SoundRep,1,False,0,0,0,1,0,0,284736,332736,0,0,0,0,0,0,train
segunda_revision,ATMA,2020-05-30_06_21_54,11,ATMA_2020-05-30_06_21_54_11.wav,1dmQivvKo6sX2W9gjktL_Jt3uiffA1fHV,WordRep,1,False,0,1,0,0,0,0,790390,838390,0,0,0,0,0,0,train
segunda_revision,ATMA,2020-05-30_06_21_54,17,ATMA_2020-05-30_06_21_54_17.wav,1eD-mJYsO_C4tCoB_AO6e0HiIISK_dVxX,NoStutteredWords,1,False,0,0,0,0,0,1,1069609,1117609,0,0,0,0,0,0,train
segunda_revision,ATMA,2020-05-30_06_21_54,27,ATMA_2020-05-30_06_21_54_27.wav,1dsUo8CVzkNClWkPQ1lQS2WCrMQu0aSKA,NoStutteredWords,1,False,0,0,0,0,0,1,1557725,1605725,0,0,0,0,0,0,train
segunda_revision,ATMA,2020-05-30_06_21_54,30,ATMA_2020-05-30_06_21_54_30.wav,1f2j8k7gIo-h3eCik_zwS_NTVDiGevkCd,NoStutteredWords,1,False,0,0,0,0,0,1,1658383,1706383,0,0,0,0,0,0,train
segunda_revision,ATMA,2020-05-30_06_21_54,35,ATMA_2020-05-30_06_21_54_35.wav,1dnp9aWVcBuOmrvFFdeCjoFIXfe4W3fGk,NoStutteredWords,1,False,0,0,0,0,0,1,1861069,1909069,0,0,0,0,0,0,train
segunda_revision,ATMA,2020-05-30_06_22_11,14,ATMA_2020-05-30_06_22_11_14.wav,10vIDMxvtbKGkn2pJs0VR4oHxku9GcdGn,NoStutteredWords,1,False,0,0,0,0,0,1,688786,736786,0,0,0,0,0,0,train
segunda_revision,ATMA,2020-05-30_06_22_11,44,ATMA_2020-05-30_06_22_11_44.wav,10Svu8jFjKeDv-hHFXGtjbbUVJ6nVo7TR,NoStutteredWords,1,False,0,0,0,0,0,1,2052573,2100573,0,0,0,0,0,0,train
segunda_revision,ATMA,2020-05-30_06_22_11,48,ATMA_2020-05-30_06_22_11_48.wav,10ZDvRzUCJvaQP4Iu8ews4Nds-T5H9zM4,Block,1,False,0,0,1,0,0,0,2175777,2223777,0,0,0,0,0,0,train
segunda_revision,ATMA,2020-05-30_06_22_11,53,ATMA_2020-05-30_06_22_11_53.wav,1-zxEIipRsBamWOUC44LcH7I2E1GbWx6f,NoStutteredWords,1,False,0,0,0,0,0,1,2351629,2399629,0,0,0,0,0,0,train
segunda_revision,ATMA,2020-05-30_06_22_26,1,ATMA_2020-05-30_06_22_26_1.wav,1Q3uM77npa2FPPM2bRdJI8pWzPV0LPSoB,NoStutteredWords,1,False,0,0,0,0,0,1,105700,153700,0,0,0,0,0,0,train
segunda_revision,ATMA,2020-05-30_06_22_26,6,ATMA_2020-05-30_06_22_26_6.wav,1OiomoIEig-CviUu2G3nhW6Sq7r6un_Md,NoStutteredWords,1,False,0,0,0,0,0,1,508357,556357,0,0,0,0,0,0,train
segunda_revision,ATMA,2020-05-30_06_22_26,7,ATMA_2020-05-30_06_22_26_7.wav,1RFvyJnv0OH6zp_5VZouzUQQVKTQSvYac,SoundRep,1,False,0,0,0,1,0,0,549053,597053,0,0,0,0,0,0,train
segunda_revision,ATMA,2020-05-30_06_22_26,21,ATMA_2020-05-30_06_22_26_21.wav,1R1RE0POqdjTEU84HQBWV0wMbRvC-kESx,SoundRep,1,False,0,0,0,1,0,0,1186326,1234326,0,0,0,0,0,0,train
segunda_revision,ATMA,2020-05-30_06_22_26,25,ATMA_2020-05-30_06_22_26_25.wav,1R_uk5cmdBVtPmjBKY9cesoUDv82Ff7_Z,NoStutteredWords,1,False,0,0,0,0,0,1,1411992,1459992,0,0,0,1,0,0,train
segunda_revision,ATMA,2020-05-30_06_22_26,27,ATMA_2020-05-30_06_22_26_27.wav,1QooPM9BxaCKJcwUMLwsG45R2EqEcVD5G,NoStutteredWords,1,False,0,0,0,0,0,1,1512871,1560871,0,0,0,0,0,0,train
segunda_revision,ATMA,2020-05-30_06_22_26,33,ATMA_2020-05-30_06_22_26_33.wav,1OdcOhMFfVDzB8CDeJIx6W8aXMBmcxCMZ,NoStutteredWords,1,False,0,0,0,0,0,1,1795945,1843945,0,0,0,0,0,0,train
segunda_revision,ATMA,2020-05-30_06_22_26,35,ATMA_2020-05-30_06_22_26_35.wav,1PWd_8JIjr10vQ1vyMwxxov-xZq_XJMxQ,Prolongation,1,False,0,0,0,0,1,0,1963766,2011766,0,0,0,0,0,0,train
segunda_revision,ATMA,2020-05-30_10_13_02,0,ATMA_2020-05-30_10_13_02_0.wav,10EVIEj1sMBrUViccF9vjOEbc2HOllVlZ,NoStutteredWords,1,False,0,0,0,0,0,1,11339,59339,0,0,0,0,0,0,train
segunda_revision,ATMA,2020-05-30_10_13_02,36,ATMA_2020-05-30_10_13_02_36.wav,1-am-vGGgidgEHbeMkRdeNoIUeLcYLNMB,NoStutteredWords,1,False,0,0,0,0,0,1,1751963,1799963,0,0,0,0,0,0,train
segunda_revision,ATMA,2020-05-30_10_13_02,38,ATMA_2020-05-30_10_13_02_38.wav,1ISdFiwtzi_5Vp1kbPBefnJ0jm4HP6ez9,WordRep,1,False,0,1,0,0,0,0,1874349,1922349,0,0,0,0,0,0,train
segunda_revision,ATMA,2020-05-30_10_13_02,47,ATMA_2020-05-30_10_13_02_47.wav,1zdNOo_quojT1ZN0PHPE9bNxI5bnwHTpV,NoStutteredWords,1,False,0,0,0,0,0,1,2345020,2393020,0,0,0,0,0,0,train
segunda_revision,ATMA,2020-05-30_10_13_28,9,ATMA_2020-05-30_10_13_28_9.wav,1kYtifqR7J8xUveqqEa5IFy3a6u-238cQ,NoStutteredWords,1,False,0,0,0,0,0,1,589442,637442,0,0,0,0,0,0,train
segunda_revision,ATMA,2020-05-30_10_13_28,23,ATMA_2020-05-30_10_13_28_23.wav,1-k_NQjfjl9YoO1ZZlkwbKPH0P4-B75Kn,NoStutteredWords,1,False,0,0,0,0,0,1,1396216,1444216,0,0,0,0,0,0,train
segunda_revision,ATMA,2020-05-30_10_13_28,30,ATMA_2020-05-30_10_13_28_30.wav,15gyUbSHCLLjmHp9hxoCsrh-n7wYLWeFQ,NoStutteredWords,1,False,0,0,0,0,0,1,1855811,1903811,0,0,0,0,0,0,train
segunda_revision,ATMA,2020-05-30_10_13_28,39,ATMA_2020-05-30_10_13_28_39.wav,11kwzVAOxdl3uy1jD-v0RwC8SMQfSzOUH,SoundRep,1,False,0,0,0,1,0,0,2292643,2340643,0,0,0,0,0,0,train
segunda_revision,ATMA,2020-05-30_10_13_48,2,ATMA_2020-05-30_10_13_48_2.wav,1lwqb1jl5ZphZQfkjIsxjVHrntS0DVivd,NoStutteredWords,1,False,0,0,0,0,0,1,129091,177091,0,0,0,0,0,0,train
segunda_revision,ATMA,2020-05-30_10_13_48,3,ATMA_2020-05-30_10_13_48_3.wav,1kwulFMa6LX99qXDODt_Sz_s3tMR0e4CG,NoStutteredWords,1,False,0,0,0,0,0,1,142813,190813,0,0,0,0,0,0,train
segunda_revision,ATMA,2020-05-30_10_13_48,6,ATMA_2020-05-30_10_13_48_6.wav,1mP2H67p5PUeI9Ff_mzXyVKQ82KV8SF_t,NoStutteredWords,1,False,0,0,0,0,0,1,367694,415694,0,0,0,0,0,0,train
segunda_revision,ATMA,2020-05-30_10_13_48,7,ATMA_2020-05-30_10_13_48_7.wav,1lLd0Bx6ZB9MUTfgMjvwmxE0vPJK_NDJf,SoundRep,1,False,0,0,0,1,0,0,499477,547477,0,0,0,0,0,0,train
segunda_revision,ATMA,2020-05-30_10_13_48,16,ATMA_2020-05-30_10_13_48_16.wav,1lsFTrQArUft6fpbh6G_vESRXXZCzzViv,NoStutteredWords,1,False,0,0,0,0,0,1,853137,901137,0,0,0,0,0,0,train
segunda_revision,ATMA,2020-05-30_10_13_48,24,ATMA_2020-05-30_10_13_48_24.wav,1om_ImnYS0jjozp4i9Q1SvJxw6-DL3MQR,NoStutteredWords,1,False,0,0,0,0,0,1,1231749,1279749,0,0,0,0,0,0,train
segunda_revision,ATMA,2020-05-30_10_13_48,50,ATMA_2020-05-30_10_13_48_50.wav,1mxeANcyNb7pTSy467ikrXEM7A6EgUTBU,SoundRep,1,False,0,0,0,1,0,0,2478431,2526431,0,0,0,0,0,0,train
segunda_revision,ATMA,2020-05-30_10_14_21,6,ATMA_2020-05-30_10_14_21_6.wav,1d_cXjD1JaoZI_UEaH6F7frZ2PLIlM5dt,NoStutteredWords,1,False,0,0,0,0,0,1,481720,529720,0,0,0,0,0,0,train
segunda_revision,ATMA,2020-05-30_10_14_21,8,ATMA_2020-05-30_10_14_21_8.wav,1cLZpZd4_B06aJrjsl9sYaDIbqIuuqnYU,NoStutteredWords,1,False,0,0,0,0,0,1,576481,624481,0,0,0,0,0,0,train
segunda_revision,ATMA,2020-05-30_10_14_21,9,ATMA_2020-05-30_10_14_21_9.wav,1ctoXsHnY1dfNuDpcl42g9K45k9tO6EY9,NoStutteredWords,1,False,0,0,0,0,0,1,608769,656769,0,0,0,0,0,0,train
segunda_revision,ATMA,2020-05-30_10_14_21,21,ATMA_2020-05-30_10_14_21_21.wav,1deEnHc7cIsHYTYoZhTTQhPWa4nTEvsID,NoStutteredWords,1,False,0,0,0,0,0,1,1158486,1206486,0,0,0,0,0,0,train
segunda_revision,ATMA,2020-05-30_10_14_21,25,ATMA_2020-05-30_10_14_21_25.wav,1eRaLbmIgIlRJCdlqjOKYVfunyYk4Vu3T,NoStutteredWords,1,False,0,0,0,0,0,1,1398603,1446603,0,0,0,0,0,0,train
segunda_revision,ATMA,2020-05-30_10_14_21,28,ATMA_2020-05-30_10_14_21_28.wav,1eQOtk05YQaov-4jlWDBq_Vn_BdBoXTCL,NoStutteredWords,1,False,0,0,0,0,0,1,1504728,1552728,0,0,0,1,0,0,train
segunda_revision,ATMA,2020-05-30_10_14_21,29,ATMA_2020-05-30_10_14_21_29.wav,1f4RmtKF8NaVV-HTq463v-eqfj4MlZvzB,SoundRep,1,False,0,0,0,1,0,0,1591684,1639684,0,0,0,0,0,0,train
segunda_revision,ATMA,2020-05-30_10_14_21,30,ATMA_2020-05-30_10_14_21_30.wav,1cydAVpmwLMYnuxv5tGtWLRPzjwqHekoW,NoStutteredWords,1,False,0,0,0,0,0,1,1660745,1708745,0,0,0,0,0,0,train
segunda_revision,ATMA,2020-05-30_10_14_44,0,ATMA_2020-05-30_10_14_44_0.wav,1VS2E7yvwr-qP0WbmVPIO-aDSfMOhG2SV,NoStutteredWords,1,False,0,0,0,0,0,1,7171,55171,0,0,0,0,0,0,train
segunda_revision,ATMA,2020-05-30_10_14_44,2,ATMA_2020-05-30_10_14_44_2.wav,1WaL7cxye0V0WRRAy4__8Cixj1PlgADFT,NoStutteredWords,1,False,0,0,0,0,0,1,87869,135869,0,0,0,0,0,0,train
segunda_revision,ATMA,2020-05-30_10_14_44,5,ATMA_2020-05-30_10_14_44_5.wav,1Wqi_uMKRW50zj86YSPkHPPjINE5nU154,NoStutteredWords,1,False,0,0,0,0,0,1,233613,281613,0,0,0,0,0,0,train
segunda_revision,ATMA,2020-05-30_10_14_44,7,ATMA_2020-05-30_10_14_44_7.wav,1X6hNT3E4lia-2B1d6JmK3-MebV9cDuaC,Block,1,False,0,0,1,0,0,0,402136,450136,0,0,0,0,0,0,train
segunda_revision,ATMA,2020-05-30_10_14_44,13,ATMA_2020-05-30_10_14_44_13.wav,1WNDdoNvQJbu4RJQUJvtu1FQom7XrfUwX,WordRep,1,False,0,1,0,0,0,0,752000,800000,0,0,0,0,0,0,train
segunda_revision,ATMA,2020-05-30_10_14_44,16,ATMA_2020-05-30_10_14_44_16.wav,1W95zIUJzYzcbxNMLx10p4_Tvumtnw0dD,NoStutteredWords,1,False,0,0,0,0,0,1,845189,893189,0,0,0,0,0,0,train
segunda_revision,ATMA,2020-05-30_10_14_44,28,ATMA_2020-05-30_10_14_44_28.wav,1VLGvSw7vm1MK3MaRW3pkTFhj6Psb8-st,NoStutteredWords,1,False,0,0,0,0,0,1,1408266,1456266,0,0,0,0,0,0,train
segunda_revision,ATMA,2020-05-30_10_14_44,32,ATMA_2020-05-30_10_14_44_32.wav,1W8zKhujoNuOotE9ZqiBXGDCgpJN4ZxoT,NoStutteredWords,1,False,0,0,0,0,0,1,1577186,1625186,0,0,0,0,0,0,train
segunda_revision,ATMA,2020-05-30_10_14_44,40,ATMA_2020-05-30_10_14_44_40.wav,1VJZ7eZ9JBGpcF6R033gCSQygGjTB1NJa,SoundRep,1,False,0,0,0,1,0,0,2031161,2079161,0,0,0,0,0,0,train
segunda_revision,ATMA,2020-05-30_10_14_44,49,ATMA_2020-05-30_10_14_44_49.wav,1WIzhd6WHgZl4CeJFflVH9We0RpYFPzsM,NoStutteredWords,1,False,0,0,0,0,0,1,2427236,2475236,0,0,0,0,0,0,train
segunda_revision,ATMA,2020-05-30_10_14_44,52,ATMA_2020-05-30_10_14_44_52.wav,1YCKDD__IL-DVrSPk8YWA_sKwUhHCtzGj,NoStutteredWords,1,False,0,0,0,0,0,1,2542358,2590358,0,0,0,0,0,0,train
segunda_revision,ATMA,2020-06-01_08_19_47,11,ATMA_2020-06-01_08_19_47_11.wav,1qESFXwmY65YqbLkujun8FlL7w88V1Vnd,NoStutteredWords,1,False,0,0,0,0,0,1,626621,674621,0,0,0,0,0,0,train
segunda_revision,ATMA,2020-06-01_08_19_47,16,ATMA_2020-06-01_08_19_47_16.wav,1q6U7KEJvJI5BBQ2xX9LfyWUTTPpgds6g,Block,1,False,0,0,1,0,0,0,922573,970573,0,0,0,0,0,0,train
segunda_revision,ATMA,2020-06-01_08_19_47,20,ATMA_2020-06-01_08_19_47_20.wav,1qEzXnVt3MbnJFZZdVxPBQQ5cGqe1-2N2,SoundRep,1,False,0,0,0,1,0,0,1034955,1082955,0,0,0,0,0,0,train
segunda_revision,ATMA,2020-06-01_08_19_47,33,ATMA_2020-06-01_08_19_47_33.wav,188GiAXpJFsetKKhHf7ahj6hmiJIrcN0J,NoStutteredWords,1,False,0,0,0,0,0,1,1644374,1692374,0,0,0,0,0,0,train
segunda_revision,ATMA,2020-06-01_08_19_47,34,ATMA_2020-06-01_08_19_47_34.wav,1p5DsqkqN1mu-iJoz7xtUrIuZzL1hMeox,NoStutteredWords,1,False,0,0,0,0,0,1,1740590,1788590,0,0,0,1,0,0,train
segunda_revision,ATMA,2020-06-01_08_19_47,48,ATMA_2020-06-01_08_19_47_48.wav,1pfHPnRaLjyspvJmqatLZ8dIaVR18O3Uj,NoStutteredWords,1,False,0,0,0,0,0,1,2267317,2315317,0,0,0,0,0,0,train
segunda_revision,ATMA,2020-06-01_08_19_47,53,ATMA_2020-06-01_08_19_47_53.wav,19rsvw621VgOXU8I2fUKjKd6w0PeiHLml,NoStutteredWords,1,False,0,0,0,0,0,1,2541572,2589572,0,0,0,0,0,0,train
segunda_revision,ATMA,2020-06-01_08_20_07,4,ATMA_2020-06-01_08_20_07_4.wav,1wSRu9HUfLunY2LlGdHiOEA6iCMGGEr_L,NoStutteredWords,1,False,0,0,0,0,0,1,245775,293775,0,0,0,0,0,0,train
segunda_revision,ATMA,2020-06-01_08_20_07,7,ATMA_2020-06-01_08_20_07_7.wav,1x8-0Qk5lce0f5EshHqIW9qOnWvSVZCTo,Block,1,False,0,0,1,0,0,0,417980,465980,0,0,0,0,0,0,train
segunda_revision,ATMA,2020-06-01_08_20_07,16,ATMA_2020-06-01_08_20_07_16.wav,1wfcbvhlUtrl7T2NqrwAAyMaeHumP04qF,Block,1,False,0,0,1,0,0,0,805909,853909,0,0,0,0,0,0,train
segunda_revision,ATMA,2020-06-01_08_20_07,18,ATMA_2020-06-01_08_20_07_18.wav,1x_9WQHOML1Y-pSRikj8cM_L7uXthYSTo,NoStutteredWords,1,False,0,0,0,0,0,1,854690,902690,0,0,0,0,0,0,train
segunda_revision,ATMA,2020-06-01_08_20_07,21,ATMA_2020-06-01_08_20_07_21.wav,1wN1ZGPg2wmyGDtjl0XGGNDnwkxCaTtRs,Block,1,False,0,0,1,0,0,0,1038659,1086659,0,0,0,0,0,0,train
segunda_revision,ATMA,2020-06-01_08_20_07,42,ATMA_2020-06-01_08_20_07_42.wav,1wPHZEWGjXPSJcbfB63BhsDPtPcJXWcgc,NoStutteredWords,1,False,0,0,0,0,0,1,2086490,2134490,0,0,0,0,0,0,train
segunda_revision,ATMA,2020-06-01_08_20_44,1,ATMA_2020-06-01_08_20_44_1.wav,1c_obUErtI5pxuQ7XPVROOeR6iK04uh2u,Block,1,False,0,0,1,0,0,0,84758,132758,0,0,0,0,0,0,train
segunda_revision,ATMA,2020-06-01_08_20_44,6,ATMA_2020-06-01_08_20_44_6.wav,1cJTroK47F4gfh18ZQXnHuszBwk39x30j,NoStutteredWords,1,False,0,0,0,0,0,1,399109,447109,0,0,0,1,0,0,train
segunda_revision,ATMA,2020-06-01_08_20_44,10,ATMA_2020-06-01_08_20_44_10.wav,1ckdo-9bX6dhl_W5rRTexj8tv2Kv0RNA_,NoStutteredWords,1,False,0,0,0,0,0,1,717124,765124,0,0,0,0,0,0,train
segunda_revision,ATMA,2020-06-01_08_20_44,11,ATMA_2020-06-01_08_20_44_11.wav,1c230mmrPiLbdCvLrP8hhLpOLiWnPK8Ml,NoStutteredWords,1,False,0,0,0,0,0,1,754809,802809,0,0,0,0,0,0,train
segunda_revision,ATMA,2020-06-01_08_20_44,18,ATMA_2020-06-01_08_20_44_18.wav,1clf85AYbuU9fpVwI_GPdgezWuDAaMnZ7,NoStutteredWords,1,False,0,0,0,0,0,1,1067424,1115424,0,0,0,0,0,0,train
segunda_revision,ATMA,2020-06-01_08_20_44,19,ATMA_2020-06-01_08_20_44_19.wav,1bHqYM3ismJJ_W5WocsdybFTvFwy4nxCC,SoundRep,1,False,0,0,0,1,0,0,1163630,1211630,0,0,0,0,0,0,train
segunda_revision,ATMA,2020-06-01_08_20_44,23,ATMA_2020-06-01_08_20_44_23.wav,1aW5Cupbkg9KD3oe5TU7S3xmSvDYMH3M9,NoStutteredWords,1,False,0,0,0,0,0,1,1284169,1332169,0,0,0,0,0,0,train
segunda_revision,ATMA,2020-06-01_08_20_44,31,ATMA_2020-06-01_08_20_44_31.wav,1ctXi5mgmy8Qlf7c_9qxWIt6_lxjwspDk,NoStutteredWords,1,False,0,0,0,0,0,1,1718377,1766377,0,0,0,0,0,0,train
segunda_revision,ATMA,2020-06-01_08_21_09,1,ATMA_2020-06-01_08_21_09_1.wav,1d8XMCR9POwf4VIwMRa7R1-tTy49D1PeF,NoStutteredWords,1,False,0,0,0,0,0,1,23251,71251,0,0,0,0,0,0,train
segunda_revision,ATMA,2020-06-01_08_21_09,31,ATMA_2020-06-01_08_21_09_31.wav,1daVhTkxjZ1YcCKvMX6paT7SawfaF7XnO,NoStutteredWords,1,False,0,0,0,0,0,1,1514638,1562638,0,0,0,0,0,0,train
segunda_revision,ATMA,2020-06-01_08_21_09,37,ATMA_2020-06-01_08_21_09_37.wav,1e73XAgpUml7DKI2IqAyyxD5xSAy5UWNo,Block,1,False,0,0,1,0,0,0,1763414,1811414,0,0,0,0,0,0,train
segunda_revision,ATMA,2020-06-01_08_21_09,40,ATMA_2020-06-01_08_21_09_40.wav,1eFlRJMQ69BI_WgdYrvnWHrhahzpwtHZu,NoStutteredWords,1,False,0,0,0,0,0,1,1936133,1984133,0,0,0,0,0,0,train
segunda_revision,ATMA,2020-06-01_08_37_54,6,ATMA_2020-06-01_08_37_54_6.wav,1Y0vpnZxBQEUX3NA2wUO8xZHBiNnfDnJb,NoStutteredWords,1,False,0,0,0,0,0,1,347637,395637,0,0,0,0,0,0,train
segunda_revision,ATMA,2020-06-01_08_37_54,8,ATMA_2020-06-01_08_37_54_8.wav,1X7vZ2188fmFWH0ydyrjzOzjNaTLmkYFv,NoStutteredWords,1,False,0,0,0,0,0,1,482088,530088,0,0,0,0,0,0,train
segunda_revision,ATMA,2020-06-01_08_37_54,11,ATMA_2020-06-01_08_37_54_11.wav,1XEkOM8aIMCV_9NkLFZA3nId5qWr9O482,NoStutteredWords,1,False,0,0,0,0,0,1,711920,759920,0,0,0,1,0,0,train
segunda_revision,ATMA,2020-06-01_08_37_54,14,ATMA_2020-06-01_08_37_54_14.wav,1WsBKuGeXhssvDJcWN3deMTDraiX32o5r,NoStutteredWords,1,False,0,0,0,0,0,1,844535,892535,0,0,0,0,0,0,train
segunda_revision,ATMA,2020-06-01_08_37_54,17,ATMA_2020-06-01_08_37_54_17.wav,1XZ9CS8uxjK2m4RJeWcbhbnFx4_maCb2P,NoStutteredWords,1,False,0,0,0,0,0,1,949592,997592,0,0,0,0,0,0,train
segunda_revision,ATMA,2020-06-01_08_37_54,18,ATMA_2020-06-01_08_37_54_18.wav,1XUg8LjQuPAX3u2kpOEZD9XwtE7w-N395,Block,1,False,0,0,1,0,0,0,1038468,1086468,0,0,0,0,0,0,train
segunda_revision,ATMA,2020-06-01_08_37_54,21,ATMA_2020-06-01_08_37_54_21.wav,1XaCx21Ekf9jROJqimJ_fMcx_PAoIkBtR,NoStutteredWords,1,False,0,0,0,0,0,1,1122896,1170896,0,0,0,0,0,0,train
segunda_revision,ATMA,2020-06-01_08_38_05,10,ATMA_2020-06-01_08_38_05_10.wav,1OKMGnzZi62MC24g5EYuzGigVpc05-RLs,NoStutteredWords,1,False,0,0,0,0,0,1,510205,558205,0,0,0,0,0,0,train
segunda_revision,ATMA,2020-06-01_08_38_05,11,ATMA_2020-06-01_08_38_05_11.wav,1NClKlzhjVfTCnBieGSlCeGTK0FVJkIJB,NoStutteredWords,1,False,0,0,0,0,0,1,547549,595549,0,0,0,0,0,0,train
segunda_revision,ATMA,2020-06-01_08_38_05,14,ATMA_2020-06-01_08_38_05_14.wav,1N0oNVEd0sbTi-TMuDpFoXOBs7stAuPaW,NoStutteredWords,1,False,0,0,0,0,0,1,700892,748892,0,0,0,0,0,0,train
segunda_revision,ATMA,2020-06-01_08_38_05,23,ATMA_2020-06-01_08_38_05_23.wav,1L5zz75kZ9TNNkMXICpTEkJJi5CBInGOz,NoStutteredWords,1,False,0,0,0,0,0,1,1124125,1172125,0,0,0,0,0,0,train
segunda_revision,ATMA,2020-06-01_08_38_05,25,ATMA_2020-06-01_08_38_05_25.wav,1LtaK0uPBVoK6ppr5i63v2uBESN0-mK01,Block,1,False,0,0,1,0,0,0,1222125,1270125,0,0,0,0,0,0,train
segunda_revision,ATMA,2020-06-01_08_38_05,26,ATMA_2020-06-01_08_38_05_26.wav,1Nsj1mpPxpxREXv544uuL9nLrQ3_jHZyQ,NoStutteredWords,1,False,0,0,0,0,0,1,1237508,1285508,0,0,0,0,0,0,train
segunda_revision,ATMA,2020-06-01_08_38_05,30,ATMA_2020-06-01_08_38_05_30.wav,1LGgiFslEOoH-dxoF4T5uX56KRyhEU2E0,SoundRep,1,False,0,0,0,1,0,0,1476256,1524256,0,0,0,0,0,0,train
segunda_revision,ATMA,2020-06-01_08_38_05,33,ATMA_2020-06-01_08_38_05_33.wav,1NnXTCQMSzFSGiC5GBynpJlW_S2owVcot,SoundRep,1,False,0,0,0,1,0,0,1600525,1648525,0,0,0,0,0,0,train
segunda_revision,ATMA,2020-06-01_08_38_05,36,ATMA_2020-06-01_08_38_05_36.wav,1OOEvq7znFNXG-3iN9vbjvrczSmGTdPAT,NoStutteredWords,1,False,0,0,0,0,0,1,1647990,1695990,0,0,0,0,0,0,train
segunda_revision,ATMA,2020-06-01_08_38_05,47,ATMA_2020-06-01_08_38_05_47.wav,1NinfJm6YPoVw4r-IzUb9en0GU4X5UIMR,NoStutteredWords,1,False,0,0,0,0,0,1,2095613,2143613,0,0,0,0,0,0,train
segunda_revision,ATMA,2020-06-01_08_38_22,7,ATMA_2020-06-01_08_38_22_7.wav,1fu2Z6ROV9adV1K9iy8GzDXeuoDe5Xxbm,WordRep,1,False,0,1,0,0,0,0,497779,545779,0,0,0,0,0,0,train
segunda_revision,ATMA,2020-06-01_08_38_22,9,ATMA_2020-06-01_08_38_22_9.wav,1hSEJzkOiFv5ImmbAZm4uvjNMkdAKFzk7,NoStutteredWords,1,False,0,0,0,0,0,1,611541,659541,0,0,0,0,0,0,train
segunda_revision,ATMA,2020-06-01_08_38_22,14,ATMA_2020-06-01_08_38_22_14.wav,1i28pvBcHpXGYmLoP6TNcn_stlh8vJgl9,NoStutteredWords,1,False,0,0,0,0,0,1,916081,964081,0,0,0,0,0,0,train
segunda_revision,ATMA,2020-06-01_08_38_22,18,ATMA_2020-06-01_08_38_22_18.wav,1fhScWGJP1G0c2EBDSByhSHT5SgndZOZ0,SoundRep,1,False,0,0,0,1,0,0,1265467,1313467,0,0,0,0,0,0,train
segunda_revision,ATMA,2020-06-01_08_38_22,28,ATMA_2020-06-01_08_38_22_28.wav,1hipzhp-x12WDhwtmdKVCg5aAegpR7f1m,NoStutteredWords,1,False,0,0,0,0,0,1,1724225,1772225,0,0,0,0,0,0,train
segunda_revision,ATMA,2020-06-01_08_38_22,39,ATMA_2020-06-01_08_38_22_39.wav,1fpTQTBycG8oTqRp9KsBpejcMTAetpIgB,NoStutteredWords,1,False,0,0,0,0,0,1,2295289,2343289,0,0,0,0,0,0,train
segunda_revision,ATMA,2020-06-01_08_38_34,6,ATMA_2020-06-01_08_38_34_6.wav,1ICap4MP5VQkyLReuqOwP_ilBYmnIIMsG,NoStutteredWords,1,False,0,0,0,0,0,1,237507,285507,0,0,0,0,0,0,train
segunda_revision,ATMA,2020-06-01_08_38_34,16,ATMA_2020-06-01_08_38_34_16.wav,1JVEf-TM8sB7M4IyeJjAyywD9SPBYIaLZ,NoStutteredWords,1,False,0,0,0,0,0,1,849559,897559,0,0,0,0,0,0,train
segunda_revision,ATMA,2020-06-01_08_38_34,26,ATMA_2020-06-01_08_38_34_26.wav,1IR8_HV1dAP7GG1m6gFGVEPveWoe9YX00,NoStutteredWords,1,False,0,0,0,0,0,1,1349449,1397449,0,0,0,0,0,0,train
segunda_revision,ATMA,2020-06-01_08_38_34,30,ATMA_2020-06-01_08_38_34_30.wav,1KeWKfQRU7qWHX42oQBORDsNPel7IIhq-,NoStutteredWords,1,False,0,0,0,0,0,1,1490128,1538128,0,0,0,0,0,0,train
segunda_revision,ATMA,2020-06-01_08_38_34,43,ATMA_2020-06-01_08_38_34_43.wav,1IHFFh6Ie_RJa2BoaNcwJE7HTvt3uEVLP,SoundRep,1,False,0,0,0,1,0,0,2040468,2088468,0,0,0,0,0,0,train
segunda_revision,ATMA,2020-06-01_08_38_51,28,ATMA_2020-06-01_08_38_51_28.wav,12HNbWedAlQRIl2D5gi-6X3z0Lm4j3tT2,NoStutteredWords,1,False,0,0,0,0,0,1,1337245,1385245,0,0,0,0,0,0,train
segunda_revision,ATMA,2020-06-01_08_38_51,38,ATMA_2020-06-01_08_38_51_38.wav,13Q-T0aeIahdBZUCSCV-350TPz9sdz9e8,NoStutteredWords,1,False,0,0,0,0,0,1,1791456,1839456,0,0,0,0,0,0,train
segunda_revision,ATMA,2020-06-01_08_38_51,44,ATMA_2020-06-01_08_38_51_44.wav,13Ljfm-bnx8KGAmA8UNwbQcCwOlust8eT,NoStutteredWords,1,False,0,0,0,0,0,1,1987329,2035329,0,0,0,0,0,0,train
segunda_revision,ATMA,2020-06-01_08_38_51,45,ATMA_2020-06-01_08_38_51_45.wav,11oGKMwEAAYtH88l5c9jibscVKhd3b342,NoStutteredWords,1,False,0,0,0,0,0,1,2007501,2055501,0,0,0,0,0,0,train
segunda_revision,ATMA,2020-06-01_08_38_51,47,ATMA_2020-06-01_08_38_51_47.wav,11iWSz_vvZz2a8GuXlyvdUJacbkB0L6ga,NoStutteredWords,1,False,0,0,0,0,0,1,2145300,2193300,0,0,0,0,0,0,train
segunda_revision,ATMA,2020-06-01_08_38_51,49,ATMA_2020-06-01_08_38_51_49.wav,13DdNWUhqS9MlX0M53sMcLAgUQWh8HBBv,NoStutteredWords,1,False,0,0,0,0,0,1,2211073,2259073,0,0,0,0,0,0,train
segunda_revision,ATMA,2020-06-01_08_39_04,4,ATMA_2020-06-01_08_39_04_4.wav,1zyN1XosNr630vEZ5xH4mYMVDfItBMuAk,NoStutteredWords,1,False,0,0,0,0,0,1,290238,338238,0,0,0,0,0,0,train
segunda_revision,ATMA,2020-06-01_08_39_04,13,ATMA_2020-06-01_08_39_04_13.wav,1zZovb7tsn9jQRQfNWa2pZRvfsjNdfOwd,NoStutteredWords,1,False,0,0,0,0,0,1,724857,772857,0,0,0,0,0,0,train
segunda_revision,ATMA,2020-06-01_08_39_04,35,ATMA_2020-06-01_08_39_04_35.wav,1zYSmmnfOhjWOsAas1LC7Nl_6x6nAzq3Y,SoundRep,1,False,0,0,0,1,0,0,1858961,1906961,0,0,0,0,0,0,train
segunda_revision,ATMA,2020-06-01_08_39_04,40,ATMA_2020-06-01_08_39_04_40.wav,1N1H6RYJWwEd1BeR031BbLNQG7l7Bx-Yj,NoStutteredWords,1,False,0,0,0,0,0,1,2017589,2065589,0,0,0,0,0,0,train
segunda_revision,ATMA,2020-06-02_04_15_44,3,ATMA_2020-06-02_04_15_44_3.wav,1hCc_YSpoGkwdelBJ43hSH3Sky-DjQBfG,NoStutteredWords,1,False,0,0,0,0,0,1,277474,325474,0,0,0,0,0,0,train
segunda_revision,ATMA,2020-06-02_04_15_44,19,ATMA_2020-06-02_04_15_44_19.wav,1gzjyazbgpxpnXxROwUR-P4pRepqeOVw3,SoundRep,1,False,0,0,0,1,0,0,877020,925020,0,0,0,0,0,0,train
segunda_revision,ATMA,2020-06-02_04_15_44,26,ATMA_2020-06-02_04_15_44_26.wav,1haf-pathDN9837QnS3E1Uk9pNF-NIpja,NoStutteredWords,1,False,0,0,0,0,0,1,1186258,1234258,0,0,0,0,0,0,train
segunda_revision,ATMA,2020-06-02_04_15_44,35,ATMA_2020-06-02_04_15_44_35.wav,1fCncF4WgiGuBHmstE-2ivJ8p3IK3yfQ2,NoStutteredWords,1,False,0,0,0,0,0,1,1711553,1759553,0,0,0,0,0,0,train
segunda_revision,ATMA,2020-06-02_04_15_44,44,ATMA_2020-06-02_04_15_44_44.wav,1ftrBRU1jl1tusGg-o3sx0FWzcILaCX39,WordRep,1,False,0,1,0,0,0,0,2043845,2091845,0,0,0,0,0,0,train
segunda_revision,ATMA,2020-06-02_04_16_06,7,ATMA_2020-06-02_04_16_06_7.wav,1_A8T5_9NCjgy-0H1pw1HBy9FGI-SWrR7,NoStutteredWords,1,False,0,0,0,0,0,1,320083,368083,0,0,0,0,0,0,train
segunda_revision,ATMA,2020-06-02_04_16_06,15,ATMA_2020-06-02_04_16_06_15.wav,1_MEHjoaGm2EKBvtRN4p_1Lq73cIF7Szq,NoStutteredWords,1,False,0,0,0,0,0,1,779532,827532,0,0,0,0,0,0,train
segunda_revision,ATMA,2020-06-02_04_16_06,21,ATMA_2020-06-02_04_16_06_21.wav,1aegjuuVr43SWDs3RatpokgPodRUpr_Au,NoStutteredWords,1,False,0,0,0,0,0,1,1090487,1138487,0,0,0,0,1,0,train
segunda_revision,ATMA,2020-06-02_04_16_06,22,ATMA_2020-06-02_04_16_06_22.wav,1_DPUAEojxwSVbgawO5FW1k0MiHCvB7Cv,NoStutteredWords,1,False,0,0,0,0,0,1,1113898,1161898,0,0,0,0,1,0,train
segunda_revision,ATMA,2020-06-02_04_16_06,36,ATMA_2020-06-02_04_16_06_36.wav,1YvgSTPGfj4U4cIsNQmKsv4AEjSg5pvos,Block,1,False,0,0,1,0,0,0,1796877,1844877,0,0,0,0,0,0,train
segunda_revision,ATMA,2020-06-02_04_16_06,40,ATMA_2020-06-02_04_16_06_40.wav,1YbSXuPn7NpOpQPg8dFvOGVB5SLmrrqEB,Block,1,False,0,0,1,0,0,0,1883773,1931773,0,0,0,0,0,0,train
segunda_revision,ATMA,2020-06-02_04_16_22,2,ATMA_2020-06-02_04_16_22_2.wav,1h_lTk8ytp5M9L6CaFYs_9j902VDCmKL7,Block,1,False,0,0,1,0,0,0,110849,158849,0,0,0,0,0,0,train
segunda_revision,ATMA,2020-06-02_04_16_22,9,ATMA_2020-06-02_04_16_22_9.wav,1g1joWKhkvSWL1SmS_RMHpfX7LmbpqBvK,NoStutteredWords,1,False,0,0,0,0,0,1,538640,586640,0,0,0,0,0,0,train
segunda_revision,ATMA,2020-06-02_04_16_22,16,ATMA_2020-06-02_04_16_22_16.wav,1iI5oM8L1S_gB6gb5z460CG5QIkyAnjRA,NoStutteredWords,1,False,0,0,0,0,0,1,916971,964971,0,0,0,0,0,0,train
segunda_revision,ATMA,2020-06-02_04_16_22,29,ATMA_2020-06-02_04_16_22_29.wav,1gFXq06VztJbf_bLkmffbyU8KKlGMa0am,SoundRep,1,False,0,0,0,1,0,0,1501539,1549539,0,0,0,0,0,0,train
segunda_revision,ATMA,2020-06-02_04_16_22,30,ATMA_2020-06-02_04_16_22_30.wav,1i3ZMQ4yEuL6dMo86_QgffC5YoT2RPYQo,NoStutteredWords,1,False,0,0,0,0,0,1,1535492,1583492,0,0,0,0,0,0,train
segunda_revision,ATMA,2020-06-02_04_16_22,32,ATMA_2020-06-02_04_16_22_32.wav,1iBLzt9SQJpuQeeKqLk8YHRXbYxXalDzW,NoStutteredWords,1,False,0,0,0,0,0,1,1635286,1683286,0,0,0,0,0,0,train
segunda_revision,ATMA,2020-06-02_04_16_22,37,ATMA_2020-06-02_04_16_22_37.wav,1hEZ-U6jChPJyu3obOz7Osa8JspzyBnko,NoStutteredWords,1,False,0,0,0,0,0,1,1828766,1876766,0,0,0,0,0,0,train
segunda_revision,ATMA,2020-06-02_04_16_22,44,ATMA_2020-06-02_04_16_22_44.wav,1ihCxA5BJnpuXBKyPgTO76RarbdcPhtRy,WordRep,1,False,0,1,0,0,0,0,2339092,2387092,0,0,0,0,0,0,train
segunda_revision,ATMA,2020-06-02_04_16_38,7,ATMA_2020-06-02_04_16_38_7.wav,1XInXouVxTYeBC5q1i_6JzMzuK6kUXgss,SoundRep,1,False,0,0,0,1,0,0,303708,351708,0,0,0,0,0,0,train
segunda_revision,ATMA,2020-06-02_04_16_38,20,ATMA_2020-06-02_04_16_38_20.wav,1VnuX7Rpc-fn5kriinqV6Z5XbSDp5BZ-L,NoStutteredWords,1,False,0,0,0,0,0,1,1039758,1087758,0,0,0,0,0,0,train
segunda_revision,ATMA,2020-06-02_04_16_38,27,ATMA_2020-06-02_04_16_38_27.wav,1VomDKsAX5LPgByc7KRoogMrhkhAMNjtw,SoundRep,1,False,0,0,0,1,0,0,1429999,1477999,0,0,0,0,0,0,train
segunda_revision,ATMA,2020-06-02_04_16_38,30,ATMA_2020-06-02_04_16_38_30.wav,1Xb4jQhoOHzPVRMmLChD6B2IeIEo8mwBo,Prolongation,1,False,0,0,0,0,1,0,1629608,1677608,0,0,0,0,0,0,train
segunda_revision,ATMA,2020-06-02_04_16_38,43,ATMA_2020-06-02_04_16_38_43.wav,1WMmxnGz1SYYOhc1jJ2tr3DsAMVMtBiWd,NoStutteredWords,1,False,0,0,0,0,0,1,2336419,2384419,0,0,0,0,0,0,train
segunda_revision,ATMA,2020-06-02_04_42_08,5,ATMA_2020-06-02_04_42_08_5.wav,1V1vT8t-6br9GVV3nLs9WlDW3E3rnPNh0,NoStutteredWords,1,False,0,0,0,0,0,1,327570,375570,0,0,0,0,0,0,train
segunda_revision,ATMA,2020-06-02_04_42_08,21,ATMA_2020-06-02_04_42_08_21.wav,1VVRV7gAGfAba2Ed-IYjT84T0Gxmm1l3X,Block,1,False,0,0,1,0,0,0,1218197,1266197,0,0,0,0,0,0,train
segunda_revision,ATMA,2020-06-02_04_42_08,33,ATMA_2020-06-02_04_42_08_33.wav,1WF6viTfiQt8ebVojqAaH82MStk95Uuib,NoStutteredWords,1,False,0,0,0,0,0,1,1725927,1773927,0,0,0,0,1,0,train
segunda_revision,ATMA,2020-06-02_04_42_08,40,ATMA_2020-06-02_04_42_08_40.wav,1VWfkrNRpci2MrH7U09XPOBtHtN_9JaT5,NoStutteredWords,1,False,0,0,0,0,0,1,2056069,2104069,0,0,0,0,0,0,train
segunda_revision,ATMA,2020-06-02_04_42_23,0,ATMA_2020-06-02_04_42_23_0.wav,1g8V_Od5R-gxvNzlM0l6j_LqsozufORC7,NoStutteredWords,1,False,0,0,0,0,0,1,29787,77787,0,0,0,0,0,0,train
segunda_revision,ATMA,2020-06-02_04_42_23,23,ATMA_2020-06-02_04_42_23_23.wav,1gKy6yxCLrWAryFw2xplrIx1gx-63AWTQ,NoStutteredWords,1,False,0,0,0,0,0,1,1411678,1459678,0,0,0,0,0,0,train
segunda_revision,ATMA,2020-06-02_04_42_23,25,ATMA_2020-06-02_04_42_23_25.wav,1elH7ezDlH-X-RgSr3_lQuKfCH-YQY2oi,Block,1,False,0,0,1,0,0,0,1516791,1564791,0,0,0,0,0,0,train
segunda_revision,ATMA,2020-06-02_04_42_23,39,ATMA_2020-06-02_04_42_23_39.wav,1fEWnrJANcsgc2kRxAin6_fcjQKr6NDVZ,NoStutteredWords,1,False,0,0,0,0,0,1,2371018,2419018,0,0,0,0,0,0,train
segunda_revision,ATMA,2020-06-02_04_42_38,1,ATMA_2020-06-02_04_42_38_1.wav,1-lSpcBlTdbEZRyr0feqqN7LikaTrQ0vx,Prolongation,1,False,0,0,0,0,1,0,38150,86150,0,0,0,0,0,0,train
segunda_revision,ATMA,2020-06-02_04_42_38,2,ATMA_2020-06-02_04_42_38_2.wav,11ah6x8TeOEGHw5o6FgWiRIDoX_6y0DKN,NoStutteredWords,1,False,0,0,0,0,0,1,180116,228116,0,0,0,1,0,0,train
segunda_revision,ATMA,2020-06-02_04_42_38,7,ATMA_2020-06-02_04_42_38_7.wav,10zqh4tJcPNb-yVzFMbiaKJSll2jYbi4E,NoStutteredWords,1,False,0,0,0,0,0,1,449971,497971,0,0,0,0,0,0,train
segunda_revision,ATMA,2020-06-02_04_42_38,27,ATMA_2020-06-02_04_42_38_27.wav,112XNquvU7OziJKdgm9HZsn7oquTRHgqd,Prolongation,1,False,0,0,0,0,1,0,1860758,1908758,0,0,0,0,0,0,train
segunda_revision,ATMA,2020-06-02_04_42_38,29,ATMA_2020-06-02_04_42_38_29.wav,10oREEFXT4RkyubKu8T5WTJVOD8zPHpgl,NoStutteredWords,1,False,0,0,0,0,0,1,2008796,2056796,0,0,0,0,0,0,train
segunda_revision,ATMA,2020-06-02_04_42_38,33,ATMA_2020-06-02_04_42_38_33.wav,10IC4Pbpzn1js75hrYnrJYq-P2V6An8WX,Block,1,False,0,0,1,0,0,0,2237868,2285868,0,0,0,0,1,0,train
segunda_revision,ATMA,2020-06-02_04_42_38,42,ATMA_2020-06-02_04_42_38_42.wav,11WCQOTnr1MzNVMtUsZzkt9OWjMpSkLvi,WordRep,2,False,0,1,0,0,1,0,2667471,2715471,0,0,0,0,0,0,train
segunda_revision,ATMA,2020-06-02_04_42_47,4,ATMA_2020-06-02_04_42_47_4.wav,1nW7bnjWXiIazLOI4hbHg7EWIBMlJr-gP,Block,1,False,0,0,1,0,0,0,306945,354945,0,0,0,0,0,0,train
segunda_revision,ATMA,2020-06-02_04_42_47,7,ATMA_2020-06-02_04_42_47_7.wav,1oBcwqyBwp4rKR5tFMc7sMqGO8cZOx_k5,Prolongation,1,False,0,0,0,0,1,0,463758,511758,0,0,0,0,0,0,train
segunda_revision,ATMA,2020-06-02_04_42_47,12,ATMA_2020-06-02_04_42_47_12.wav,1mP0qUW9GancCAl-FgF4TKGYWaZYMPxFO,NoStutteredWords,1,False,0,0,0,0,0,1,773684,821684,0,0,0,0,0,0,train
segunda_revision,ATMA,2020-06-02_04_42_47,13,ATMA_2020-06-02_04_42_47_13.wav,1na18oTFa3fbqVgSorTC7BwXg9vd4yuD1,NoStutteredWords,1,False,0,0,0,0,0,1,849567,897567,0,0,0,0,0,0,train
segunda_revision,ATMA,2020-06-02_04_42_47,17,ATMA_2020-06-02_04_42_47_17.wav,1n0PORE10in93tUa1KPCfcC1iDknBOGgK,Prolongation,1,False,0,0,0,0,1,0,1028750,1076750,0,0,0,1,0,0,train
segunda_revision,ATMA,2020-06-02_04_42_47,22,ATMA_2020-06-02_04_42_47_22.wav,1n2Ig0Y1dM97XQvgiGb3atxLRzsYAp7c4,Prolongation,1,False,0,0,0,0,1,0,1218753,1266753,0,0,0,0,0,0,train
segunda_revision,ATMA,2020-06-02_04_42_59,11,ATMA_2020-06-02_04_42_59_11.wav,1tceYrIrS9wr3REEyc0Bk80fNZbYG5_Vm,NoStutteredWords,1,False,0,0,0,0,0,1,678421,726421,0,0,0,0,1,0,train
segunda_revision,ATMA,2020-06-02_04_42_59,12,ATMA_2020-06-02_04_42_59_12.wav,1sOY8-J1tNGfimzJBoUmliA4r_NPi7KCV,NoStutteredWords,1,False,0,0,0,0,0,1,696656,744656,0,0,0,1,1,0,train
segunda_revision,ATMA,2020-06-02_04_42_59,19,ATMA_2020-06-02_04_42_59_19.wav,1tg3A0ja5DA9t6nNyxCqI3GOCeETDjW6_,Block,2,False,0,0,1,0,1,0,1040807,1088807,0,0,0,0,0,0,train
segunda_revision,ATMA,2020-06-02_04_42_59,28,ATMA_2020-06-02_04_42_59_28.wav,1sTxg197YsChIUXEjyqCURZCGCv9mGQ6i,NoStutteredWords,1,False,0,0,0,0,0,1,1364702,1412702,0,0,0,0,0,0,train
segunda_revision,ATMA,2020-06-02_04_43_11,2,ATMA_2020-06-02_04_43_11_2.wav,17_vjeUXI9aO4CnbLyCjENbjrGOJnlNxm,Block,1,False,0,0,1,0,0,0,425115,473115,0,0,0,0,0,0,train
segunda_revision,ATMA,2020-06-02_04_43_11,6,ATMA_2020-06-02_04_43_11_6.wav,17eKAePMJ0vjA6OmG05gOGz_g8TC-SWYj,Block,1,False,0,0,1,0,0,0,1200745,1248745,0,0,0,0,1,0,train
segunda_revision,ATMA,2020-06-02_04_43_11,8,ATMA_2020-06-02_04_43_11_8.wav,17_7UIgAw-bHLlVY_KwXtjQc31KaAJje-,NoStutteredWords,1,False,0,0,0,0,0,1,1333092,1381092,0,0,0,0,0,0,train
segunda_revision,ATMA,2020-06-03_05_34_19,1,ATMA_2020-06-03_05_34_19_1.wav,1IfXVcIIeODzr2BD5mBdXS-DGCQiwdjYd,Block,1,False,0,0,1,0,0,0,33999,81999,0,0,0,0,0,0,train
segunda_revision,ATMA,2020-06-03_05_34_19,3,ATMA_2020-06-03_05_34_19_3.wav,1IkDEpKULABiaMUGNmgFdtRoGVep5-zCl,NoStutteredWords,1,False,0,0,0,0,0,1,122092,170092,0,0,0,0,0,0,train
segunda_revision,ATMA,2020-06-03_05_34_19,4,ATMA_2020-06-03_05_34_19_4.wav,1FvFoVViFgrg4bPPMiQx-HtKzWdVaa_mT,NoStutteredWords,1,False,0,0,0,0,0,1,190695,238695,0,0,0,1,0,0,train
segunda_revision,ATMA,2020-06-03_05_34_19,22,ATMA_2020-06-03_05_34_19_22.wav,1Giq69m7wur9HolkILW7KdF7PQxpCB38t,Block,1,False,0,0,1,0,0,0,869704,917704,0,0,0,0,0,0,train
segunda_revision,ATMA,2020-06-03_05_34_19,34,ATMA_2020-06-03_05_34_19_34.wav,1GeIOzHCoW9MPm_YsNSRxhgVoRuVc5koh,NoStutteredWords,1,False,0,0,0,0,0,1,1376352,1424352,0,0,0,0,0,0,train
segunda_revision,ATMA,2020-06-03_05_34_19,36,ATMA_2020-06-03_05_34_19_36.wav,1IB8JKKPJDuWSjeOnnrCeCwoyc5SNGUWj,Prolongation,1,False,0,0,0,0,1,0,1411699,1459699,0,0,0,0,0,0,train
segunda_revision,ATMA,2020-06-03_05_34_19,48,ATMA_2020-06-03_05_34_19_48.wav,1HFLejxNrMI1E0hc24zwYrm1NQvYcB0My,NoStutteredWords,1,False,0,0,0,0,0,1,1894573,1942573,0,0,0,0,0,0,train
segunda_revision,ATMA,2020-06-03_05_34_19,58,ATMA_2020-06-03_05_34_19_58.wav,1IaOPCxh0QFu7qQ154AVzV6SWP76QjNQ0,SoundRep,1,False,0,0,0,1,0,0,2262109,2310109,0,0,0,0,0,0,train
segunda_revision,ATMA,2020-06-03_05_34_19,59,ATMA_2020-06-03_05_34_19_59.wav,1IhbrOELuQ9fcWZ7amrlXfhb2ywAdTDJ5,WordRep,1,False,0,1,0,0,0,0,2314053,2362053,0,0,0,0,0,0,train
segunda_revision,ATMA,2020-06-03_05_34_19,65,ATMA_2020-06-03_05_34_19_65.wav,1G0UT4zsutTsd6LMzZqQopwJnJm-pL8eG,WordRep,1,False,0,1,0,0,0,0,2515291,2563291,0,0,0,0,0,0,train
segunda_revision,ATMA,2020-06-03_05_34_19,72,ATMA_2020-06-03_05_34_19_72.wav,1Gu-deenRTPypxy7OJHWmPpYCEMmAWnnM,Prolongation,1,False,0,0,0,0,1,0,2819640,2867640,0,0,0,0,0,0,train
segunda_revision,ATMA,2020-06-03_05_34_19,73,ATMA_2020-06-03_05_34_19_73.wav,1HBd8N8cjx3F3e23K-GBxMU2HhfZqdnsu,Prolongation,1,False,0,0,0,0,1,0,2836597,2884597,0,0,0,0,0,0,train
segunda_revision,ATMA,2020-06-03_05_34_27,1,ATMA_2020-06-03_05_34_27_1.wav,1qWonzAOUO6t08De5qHpaPlBxRozkazC5,NoStutteredWords,1,False,0,0,0,0,0,1,48763,96763,0,0,0,0,0,0,train
segunda_revision,ATMA,2020-06-03_05_34_27,8,ATMA_2020-06-03_05_34_27_8.wav,1qA1d3Ygv-cWgt6252ljRqleiJcIYvRTV,NoStutteredWords,1,False,0,0,0,0,0,1,513797,561797,0,0,0,0,0,0,train
segunda_revision,ATMA,2020-06-03_05_34_27,9,ATMA_2020-06-03_05_34_27_9.wav,1rLLee5QTl3_lq8uXeeBFu9bJb__gb7F-,NoStutteredWords,1,False,0,0,0,0,0,1,535407,583407,0,0,0,0,0,0,train
segunda_revision,ATMA,2020-06-03_05_34_27,10,ATMA_2020-06-03_05_34_27_10.wav,1qKLvqZldH8Tm1oyD5X3vzthOUlWUYEY-,NoStutteredWords,1,False,0,0,0,0,0,1,663258,711258,0,0,0,0,0,0,train
segunda_revision,ATMA,2020-06-03_05_34_27,21,ATMA_2020-06-03_05_34_27_21.wav,1pN4ja9TytkZs9ZkxUgC0kmcl6ikdam-A,NoStutteredWords,1,False,0,0,0,0,0,1,1157947,1205947,0,0,0,0,0,0,train
segunda_revision,ATMA,2020-06-03_05_34_27,35,ATMA_2020-06-03_05_34_27_35.wav,1pW9ETPKteLmsEuPIQA4aqOuFcwgdFVGk,Prolongation,1,False,0,0,0,0,1,0,1718133,1766133,0,0,0,0,1,0,train
segunda_revision,ATMA,2020-06-03_05_34_27,41,ATMA_2020-06-03_05_34_27_41.wav,1pk2F-5PRQ4zr2eLu5x31c631lNXwOURD,NoStutteredWords,1,False,0,0,0,0,0,1,2033913,2081913,0,0,0,0,0,0,train
segunda_revision,ATMA,2020-06-03_05_38_59,3,ATMA_2020-06-03_05_38_59_3.wav,1w-hMR4qUGlIqIwk42g__783kEAbTXvgf,NoStutteredWords,1,False,0,0,0,0,0,1,139145,187145,0,0,0,0,0,0,train
segunda_revision,ATMA,2020-06-03_05_38_59,5,ATMA_2020-06-03_05_38_59_5.wav,1vnaHsYG_E6S59uDfQDJRmBss3WeQsnV0,NoStutteredWords,1,False,0,0,0,0,0,1,300785,348785,0,0,0,0,0,0,train
segunda_revision,ATMA,2020-06-03_05_38_59,14,ATMA_2020-06-03_05_38_59_14.wav,1xOQw0kOdNzQGep7-4a1fMYCxZ5wyCvnN,NoStutteredWords,1,False,0,0,0,0,0,1,674034,722034,0,0,0,0,0,0,train
segunda_revision,ATMA,2020-06-03_05_38_59,21,ATMA_2020-06-03_05_38_59_21.wav,1x5YwzdgHt_fgst2u0PM6AMe0OmobDXaG,SoundRep,1,False,0,0,0,1,0,0,1005315,1053315,0,0,0,0,0,0,train
segunda_revision,ATMA,2020-06-03_05_38_59,46,ATMA_2020-06-03_05_38_59_46.wav,1x0L49NlfA8ELQfTJnUFZa_KvBvmwjgBn,Prolongation,1,False,0,0,0,0,1,0,2206404,2254404,0,0,0,0,0,0,train
segunda_revision,ATMA,2020-06-03_05_38_59,53,ATMA_2020-06-03_05_38_59_53.wav,1ySQlgN7erFMfGQqYNs8ert7B1uSO_xRc,NoStutteredWords,1,False,0,0,0,0,0,1,2506211,2554211,0,0,0,0,0,0,train
segunda_revision,ATMA,2020-06-03_05_39_25,0,ATMA_2020-06-03_05_39_25_0.wav,1PLhiM6KO5VR0FHJR9OfTobw8FCfGUl8I,NoStutteredWords,1,False,0,0,0,0,0,1,6461,54461,0,0,0,0,0,0,train
segunda_revision,ATMA,2020-06-03_05_39_25,13,ATMA_2020-06-03_05_39_25_13.wav,1PQDt_GGaByTbzyn_1l7IEIz9r4IDlxXN,NoStutteredWords,1,False,0,0,0,0,0,1,489919,537919,0,0,0,0,0,0,train
segunda_revision,ATMA,2020-06-03_05_39_25,18,ATMA_2020-06-03_05_39_25_18.wav,1PxK0mkiucwjSJqiWlC9TY3jo1bcLMTdH,NoStutteredWords,1,False,0,0,0,0,0,1,703661,751661,0,0,0,0,0,0,train
segunda_revision,ATMA,2020-06-03_05_39_25,49,ATMA_2020-06-03_05_39_25_49.wav,1QosJnfklcNgAyK_59gTs3AAYhBoIyJBg,NoStutteredWords,1,False,0,0,0,0,0,1,1929181,1977181,0,0,0,0,0,0,train
segunda_revision,ATMA,2020-06-03_05_40_18,10,ATMA_2020-06-03_05_40_18_10.wav,1Fq9UrIYtwh8s1mXVSaKIPtYG1bcp7iAg,NoStutteredWords,1,False,0,0,0,0,0,1,642778,690778,0,0,0,1,0,0,train
segunda_revision,ATMA,2020-06-03_05_40_18,11,ATMA_2020-06-03_05_40_18_11.wav,1GCXtv3og5F8Ibq-ugLG_EnaCjuBybCGO,SoundRep,1,False,0,0,0,1,0,0,719798,767798,0,0,0,0,0,0,train
segunda_revision,ATMA,2020-06-03_05_40_18,21,ATMA_2020-06-03_05_40_18_21.wav,1FKeDgExMCmUd8EKwBMv5Z_S_So_2KARF,NoStutteredWords,1,False,0,0,0,0,0,1,1214561,1262561,0,0,0,0,0,0,train
segunda_revision,ATMA,2020-06-03_05_40_18,36,ATMA_2020-06-03_05_40_18_36.wav,1FRQzW-PbTFPk-otk0cL-wqUX6t7yGitc,NoStutteredWords,1,False,0,0,0,0,0,1,2035803,2083803,0,0,0,0,0,0,train
segunda_revision,ATMA,2020-06-03_05_40_44,19,ATMA_2020-06-03_05_40_44_19.wav,1_awuUapDl5kONAT2S8Ai_R5qW26taV1z,NoStutteredWords,1,False,0,0,0,0,0,1,893767,941767,0,0,0,0,0,0,train
segunda_revision,ATMA,2020-06-03_05_40_44,20,ATMA_2020-06-03_05_40_44_20.wav,1bHdApLYfPljoU3-ZfKEFYaAcPjSaCgKU,NoStutteredWords,1,False,0,0,0,0,0,1,944798,992798,0,0,0,0,0,0,train
segunda_revision,ATMA,2020-06-03_05_40_44,26,ATMA_2020-06-03_05_40_44_26.wav,1a1r8XPvEaBPBDU5_6lyGTrHvpcXlHhtC,NoStutteredWords,1,False,0,0,0,0,0,1,1204896,1252896,0,0,0,0,0,0,train
segunda_revision,ATMA,2020-06-03_05_41_07,15,ATMA_2020-06-03_05_41_07_15.wav,1zcJONiX_Ok1lVPmt35Ywl_TPKoJ1zjch,NoStutteredWords,1,False,0,0,0,0,0,1,1079220,1127220,0,0,0,0,0,0,train
segunda_revision,ATMA,2020-06-03_05_41_07,37,ATMA_2020-06-03_05_41_07_37.wav,1wuaU3m8YpIj3n-3PgUBYgzRy9hORuiH0,Block,2,False,0,0,1,0,1,0,2153780,2201780,0,0,0,0,0,0,train
segunda_revision,ATMA,2020-06-03_05_41_07,41,ATMA_2020-06-03_05_41_07_41.wav,1zcPJVUjClM0TxLsr7rvmb5J3axe-k-Pb,NoStutteredWords,1,False,0,0,0,0,0,1,2368165,2416165,0,0,0,0,1,0,train
segunda_revision,ATMA,2020-06-03_05_41_22,0,ATMA_2020-06-03_05_41_22_0.wav,1YeRslGu14iuExmlxfdREEka7zkwDTxN4,NoStutteredWords,1,False,0,0,0,0,0,1,39842,87842,0,0,0,0,1,0,train
segunda_revision,ATMA,2020-06-03_05_41_22,11,ATMA_2020-06-03_05_41_22_11.wav,1YX-B4tL0o9r8p-pV0PzL3gAMx_HLDS2H,NoStutteredWords,1,False,0,0,0,0,0,1,579920,627920,0,0,0,0,1,0,train
segunda_revision,ATMA,2020-06-03_05_41_22,14,ATMA_2020-06-03_05_41_22_14.wav,1Z9Xstc7tWH1W143oybJFI5bSyV9lsSbd,NoStutteredWords,1,False,0,0,0,0,0,1,701013,749013,0,0,0,0,0,0,train
segunda_revision,ATMA,2020-06-03_05_41_22,31,ATMA_2020-06-03_05_41_22_31.wav,1YXPwk98co8yTROxoLYVxCjUGPc15939X,NoStutteredWords,1,False,0,0,0,0,0,1,1427454,1475454,0,0,0,0,0,0,train
segunda_revision,ATMA,2020-06-03_05_41_22,42,ATMA_2020-06-03_05_41_22_42.wav,1YPlXHgeWiqW6RYXKahuCMXjneDoPMAhw,NoStutteredWords,1,False,0,0,0,0,0,1,1864128,1912128,0,0,0,0,1,0,train
segunda_revision,ATMA,2020-06-03_05_41_41,0,ATMA_2020-06-03_05_41_41_0.wav,1afPlIMsy9iq8dYJ1fU-977mLt3zGsQux,NoStutteredWords,1,False,0,0,0,0,0,1,11334,59334,0,0,0,0,0,0,train
segunda_revision,ATMA,2020-06-03_05_41_41,7,ATMA_2020-06-03_05_41_41_7.wav,1e8hDD9zt_OBV11Qf0g0B3KNKbMamUI1Z,NoStutteredWords,1,False,0,0,0,0,0,1,504830,552830,0,0,0,0,0,0,train
segunda_revision,ATMA,2020-06-03_05_41_41,16,ATMA_2020-06-03_05_41_41_16.wav,1c3bLatdXBXeROq8XAQqPTZRENj_BAXRR,SoundRep,1,False,0,0,0,1,0,0,1010648,1058648,0,0,0,0,0,0,train
segunda_revision,ATMA,2020-06-03_05_41_41,35,ATMA_2020-06-03_05_41_41_35.wav,1ehRrb-CGsK5CcViAs3bQJj8TktoJD_x_,NoStutteredWords,1,False,0,0,0,0,0,1,1989134,2037134,0,0,0,0,0,0,train
segunda_revision,ATMA,2020-06-03_05_41_41,36,ATMA_2020-06-03_05_41_41_36.wav,1cuVsMiu1f1KIdhJInRFTZxA1Q00g_JGq,NoStutteredWords,1,False,0,0,0,0,0,1,2009724,2057724,0,0,0,0,0,0,train
segunda_revision,ATMA,2020-06-03_05_42_02,2,ATMA_2020-06-03_05_42_02_2.wav,18btsyjrPI0N0uDM02zQ97R1pU6ZIGd1i,NoStutteredWords,1,False,0,0,0,0,0,1,73224,121224,0,0,0,0,0,0,train
segunda_revision,ATMA,2020-06-03_05_42_02,19,ATMA_2020-06-03_05_42_02_19.wav,18vyA9suvrvY5WewkVh84md3zSdMSipeZ,WordRep,1,False,0,1,0,0,0,0,1039559,1087559,0,0,0,0,0,0,train
segunda_revision,ATMA,2020-06-03_05_42_02,41,ATMA_2020-06-03_05_42_02_41.wav,18doWHYzcblfXVWj5-UrDnGDsXZd1j9nm,NoStutteredWords,1,False,0,0,0,0,0,1,2086695,2134695,0,0,0,0,0,0,train
segunda_revision,ATMA,2020-06-04_06_17_13,2,ATMA_2020-06-04_06_17_13_2.wav,1Of1c9H45u6XGqoy5R08nCwinFptq0hkz,NoStutteredWords,1,False,0,0,0,0,0,1,157567,205567,0,0,0,0,0,0,train
segunda_revision,ATMA,2020-06-04_06_17_13,18,ATMA_2020-06-04_06_17_13_18.wav,1ODx2wsUeObzZVdnaECd6swud1R0h22Ty,NoStutteredWords,1,False,0,0,0,0,0,1,1132944,1180944,0,0,0,0,0,0,train
segunda_revision,ATMA,2020-06-04_06_17_13,40,ATMA_2020-06-04_06_17_13_40.wav,1PUzVntzG51HCKMIgPm9nHLYjQMzLRGCG,NoStutteredWords,1,False,0,0,0,0,0,1,2404832,2452832,0,0,0,0,0,0,train
segunda_revision,ATMA,2020-06-04_06_17_13,45,ATMA_2020-06-04_06_17_13_45.wav,1Ps8ezXuP9FPktcJQCxfD4UqY-LUXmRGJ,NoStutteredWords,1,False,0,0,0,0,0,1,2640561,2688561,0,0,0,0,0,0,train
segunda_revision,ATMA,2020-06-04_06_17_13,46,ATMA_2020-06-04_06_17_13_46.wav,1RVAg13jDvegGnr5GOmru91ZojB_C7jaP,SoundRep,1,False,0,0,0,1,0,0,2685913,2733913,0,0,0,0,0,0,train
segunda_revision,ATMA,2020-06-04_06_17_13,50,ATMA_2020-06-04_06_17_13_50.wav,1OhJuHs_Qioaf1dlwg48RA5ySpI9l_9H0,NoStutteredWords,1,False,0,0,0,0,0,1,2842327,2890327,0,0,0,1,0,0,train
segunda_revision,ATMA,2020-06-04_06_17_42,0,ATMA_2020-06-04_06_17_42_0.wav,1IdZC6bZ89-uV86ckhtW3ToBCbehk51sH,NoStutteredWords,1,False,0,0,0,0,0,1,5639,53639,0,0,0,0,0,0,train
segunda_revision,ATMA,2020-06-04_06_17_42,1,ATMA_2020-06-04_06_17_42_1.wav,1NTiii_4Aav4rxfT8Mg92kixq9BMXc38J,NoStutteredWords,1,False,0,0,0,0,0,1,27540,75540,0,0,0,0,0,0,train
segunda_revision,ATMA,2020-06-04_06_17_42,6,ATMA_2020-06-04_06_17_42_6.wav,1LTuI7KEI_nzE2HkexyPHVm8ZvRkvpXuR,NoStutteredWords,1,False,0,0,0,0,0,1,228078,276078,0,0,0,0,0,0,train
segunda_revision,ATMA,2020-06-04_06_17_42,11,ATMA_2020-06-04_06_17_42_11.wav,1LbPmEBhvXN06ku7gA8cujo9km72YAqez,Block,1,False,0,0,1,0,0,0,472336,520336,0,0,0,0,0,0,train
segunda_revision,ATMA,2020-06-04_06_17_42,16,ATMA_2020-06-04_06_17_42_16.wav,1M946BRzvKyO_dehi--fgliXxEClx9BQe,Block,1,False,0,0,1,0,0,0,641305,689305,0,0,0,0,0,0,train
segunda_revision,ATMA,2020-06-04_06_17_42,20,ATMA_2020-06-04_06_17_42_20.wav,1KQBnDzTz1N4LRi1IGx9YE2vybC2Ogloa,Block,1,False,0,0,1,0,0,0,823246,871246,0,0,0,0,0,0,train
segunda_revision,ATMA,2020-06-04_06_17_42,24,ATMA_2020-06-04_06_17_42_24.wav,1NBcB_H9Sc0iMhvLdsk08KXzWiPID9_NF,NoStutteredWords,1,False,0,0,0,0,0,1,921815,969815,0,0,0,0,0,0,train
segunda_revision,ATMA,2020-06-04_06_17_42,30,ATMA_2020-06-04_06_17_42_30.wav,1NR2fPruBzMIsWadq7pBs52hFNOjH_-Jw,NoStutteredWords,1,False,0,0,0,0,0,1,1268822,1316822,0,0,0,0,0,0,train
segunda_revision,ATMA,2020-06-04_06_17_42,31,ATMA_2020-06-04_06_17_42_31.wav,1NW42b2ISg03z-mgTKCTcjtxDM9AR_xTK,NoStutteredWords,1,False,0,0,0,0,0,1,1329463,1377463,0,0,0,0,0,0,train
segunda_revision,ATMA,2020-06-04_06_17_42,32,ATMA_2020-06-04_06_17_42_32.wav,1MkCB2iCefAvNI2ioiOYeWgxq8vTzAPBp,NoStutteredWords,1,False,0,0,0,0,0,1,1378098,1426098,0,0,0,0,0,0,train
segunda_revision,ATMA,2020-06-04_06_17_42,35,ATMA_2020-06-04_06_17_42_35.wav,1NGiTD2Hw1nRieWudlFlXvj55CbHTTR4A,NoStutteredWords,1,False,0,0,0,0,0,1,1506270,1554270,0,0,0,0,0,0,train
segunda_revision,ATMA,2020-06-04_06_17_42,47,ATMA_2020-06-04_06_17_42_47.wav,1KdK7I3XGRG2Fgap76ec2epENsJ3RlFrM,NoStutteredWords,1,False,0,0,0,0,0,1,2022822,2070822,0,0,0,0,0,0,train
segunda_revision,ATMA,2020-06-04_06_17_42,58,ATMA_2020-06-04_06_17_42_58.wav,1Jme54o1f0MtlWUXrCJVuXNBFjk0IWpOQ,NoStutteredWords,1,False,0,0,0,0,0,1,2502500,2550500,0,0,0,0,0,0,train
segunda_revision,ATMA,2020-06-04_06_17_56,2,ATMA_2020-06-04_06_17_56_2.wav,1BHhR4N5syk0u7gdbYbgHoJL9ZTIh6TWb,NoStutteredWords,1,False,0,0,0,0,0,1,142495,190495,0,0,0,0,0,0,train
segunda_revision,ATMA,2020-06-04_06_17_56,4,ATMA_2020-06-04_06_17_56_4.wav,1BeKeU55EipYvLC_a2GUoDH2ua4BMDnU2,SoundRep,1,False,0,0,0,1,0,0,270275,318275,0,0,0,0,0,0,train
segunda_revision,ATMA,2020-06-04_06_17_56,6,ATMA_2020-06-04_06_17_56_6.wav,1AmQ-YoYE97pIAHa6SHAalPb6EjmCLkFB,NoStutteredWords,1,False,0,0,0,0,0,1,339700,387700,0,0,0,0,0,0,train
segunda_revision,ATMA,2020-06-04_06_17_56,9,ATMA_2020-06-04_06_17_56_9.wav,1A7YqPeC-bxYIOvY5uihW1dukVhoZ6tXN,WordRep,1,False,0,1,0,0,0,0,568158,616158,0,0,0,0,1,0,train
segunda_revision,ATMA,2020-06-04_06_17_56,20,ATMA_2020-06-04_06_17_56_20.wav,19eOKuon7l-hBZ47ZDSq9DvK7Sod-t_1o,WordRep,1,False,0,1,0,0,0,0,1109654,1157654,0,0,0,0,0,0,train
segunda_revision,ATMA,2020-06-04_06_17_56,29,ATMA_2020-06-04_06_17_56_29.wav,1BB_t8jk_OnrIVAI9ASFonIVUsSpIJBtU,NoStutteredWords,1,False,0,0,0,0,0,1,1444380,1492380,0,0,0,0,0,0,train
segunda_revision,ATMA,2020-06-04_06_17_56,39,ATMA_2020-06-04_06_17_56_39.wav,19nId3uWn0-hFMyWuSMw5j8OJ2PJeqQCX,NoStutteredWords,1,False,0,0,0,0,0,1,1800604,1848604,0,0,0,0,0,0,train
segunda_revision,ATMA,2020-06-04_06_17_56,49,ATMA_2020-06-04_06_17_56_49.wav,1B73GuAJeXSrzkBjjwgAvIwFuZW47iNjz,Prolongation,1,False,0,0,0,0,1,0,2232059,2280059,0,0,0,0,0,0,train
segunda_revision,ATMA,2020-06-04_06_18_03,10,ATMA_2020-06-04_06_18_03_10.wav,12kW3hCqkZKeEgt-g2jC3-V_uzSK7YtTi,NoStutteredWords,1,False,0,0,0,0,0,1,652445,700445,0,0,0,0,0,0,train
segunda_revision,ATMA,2020-06-04_06_18_03,14,ATMA_2020-06-04_06_18_03_14.wav,14wTEOhRXA2CdyMwVMYpyM_7WRNgt-yIT,NoStutteredWords,1,False,0,0,0,0,0,1,794048,842048,0,0,0,1,0,0,train
segunda_revision,ATMA,2020-06-04_06_18_03,23,ATMA_2020-06-04_06_18_03_23.wav,12eaMzzmU5cPdpRR0Gz5Pz6vRC31XV0rX,NoStutteredWords,1,False,0,0,0,0,0,1,1243576,1291576,0,0,0,0,0,0,train
segunda_revision,ATMA,2020-06-04_06_18_03,29,ATMA_2020-06-04_06_18_03_29.wav,13GgjHVU-WNRP95MIIpSe5rPoVbOtJIUD,NoStutteredWords,1,False,0,0,0,0,0,1,1590499,1638499,0,0,0,0,0,0,train
segunda_revision,ATMA,2020-06-04_06_18_03,31,ATMA_2020-06-04_06_18_03_31.wav,14QZxzwT8WhMCmcX0EkJPqHcj8h0K1xB7,SoundRep,2,False,0,0,0,1,1,0,1668802,1716802,0,0,0,0,0,0,train
segunda_revision,ATMA,2020-06-04_06_18_03,32,ATMA_2020-06-04_06_18_03_32.wav,14ixfUilZ0GhJxyjMJncxgLzNrJZQk6VW,SoundRep,2,False,0,0,0,1,1,0,1688433,1736433,0,0,0,0,0,0,train
segunda_revision,ATMA,2020-06-04_06_18_03,38,ATMA_2020-06-04_06_18_03_38.wav,1460SzrbVdVB3q3TLYidIvNbJ3wohIllj,NoStutteredWords,1,False,0,0,0,0,0,1,2097517,2145517,0,0,0,0,0,0,train
segunda_revision,ATMA,2020-06-04_06_18_03,39,ATMA_2020-06-04_06_18_03_39.wav,12SAsNqrB40f0njS5J66ur0wEQiYc1rkt,NoStutteredWords,1,False,0,0,0,0,0,1,2157227,2205227,0,0,0,0,0,0,train
segunda_revision,ATMA,2020-06-04_06_18_11,5,ATMA_2020-06-04_06_18_11_5.wav,1SvpDOIAQ_BLV5w4wpSACg5siib_v2p4y,NoStutteredWords,1,False,0,0,0,0,0,1,284753,332753,0,0,0,0,0,0,train
segunda_revision,ATMA,2020-06-04_06_18_11,27,ATMA_2020-06-04_06_18_11_27.wav,1TKUHecZ9fKW20EUpqvw__oGt6vqT3LE0,NoStutteredWords,1,False,0,0,0,0,0,1,1426769,1474769,0,0,0,0,0,0,train
segunda_revision,ATMA,2020-06-04_06_36_12,3,ATMA_2020-06-04_06_36_12_3.wav,1q7do-vz9QX7P2mw7nUlytbUzT66GR9CM,NoStutteredWords,1,False,0,0,0,0,0,1,206391,254391,0,0,0,0,0,0,train
segunda_revision,ATMA,2020-06-04_06_36_12,8,ATMA_2020-06-04_06_36_12_8.wav,1q-sLtPTYGIIUyPRJ3W8YjfNlPQDkqmTn,NoStutteredWords,1,False,0,0,0,0,0,1,548734,596734,0,0,0,0,0,0,train
segunda_revision,ATMA,2020-06-04_06_36_31,3,ATMA_2020-06-04_06_36_31_3.wav,1qyZMYLWGd5pmfMqzuiingObaoDfsb42b,NoStutteredWords,1,False,0,0,0,0,0,1,261347,309347,0,0,0,0,0,0,train
segunda_revision,ATMA,2020-06-04_06_36_31,17,ATMA_2020-06-04_06_36_31_17.wav,1oJ3jvtoJJhmpVlhMubawZL7S-iYVz0L6,NoStutteredWords,1,False,0,0,0,0,0,1,876624,924624,0,0,0,0,0,0,train
segunda_revision,ATMA,2020-06-04_06_36_31,24,ATMA_2020-06-04_06_36_31_24.wav,1q2BwAqX3oTVnjS4eeC5ZowKKWPhLtNDp,NoStutteredWords,1,False,0,0,0,0,0,1,1314957,1362957,0,0,0,1,0,0,train
segunda_revision,ATMA,2020-06-04_06_36_31,34,ATMA_2020-06-04_06_36_31_34.wav,1onPiD6CnkaY2nWVofsWA_ZWb_wY2wMxO,NoStutteredWords,1,False,0,0,0,0,0,1,1788641,1836641,0,0,0,0,0,0,train
segunda_revision,ATMA,2020-06-04_06_36_31,35,ATMA_2020-06-04_06_36_31_35.wav,1q_VENrlGlJl5nUYvh2Per5xtgw1cJSIJ,NoStutteredWords,1,False,0,0,0,0,0,1,1844570,1892570,0,0,0,0,0,0,train
segunda_revision,ATMA,2020-06-04_06_36_31,36,ATMA_2020-06-04_06_36_31_36.wav,1ocwL8fyJsfItuPHCWoWhmMVSWJqTchcc,Prolongation,1,False,0,0,0,0,1,0,1886812,1934812,0,0,0,0,0,0,train
segunda_revision,ATMA,2020-06-04_06_36_31,39,ATMA_2020-06-04_06_36_31_39.wav,1oSrW9Y1jmjDnvETJsu6ZB0K5oit4ASil,NoStutteredWords,1,False,0,0,0,0,0,1,2166928,2214928,0,0,0,0,0,0,train
segunda_revision,ATMA,2020-06-04_06_36_31,43,ATMA_2020-06-04_06_36_31_43.wav,1oy5c9dhDXVUrcaoOo9kjdvU0ThChkRVi,NoStutteredWords,1,False,0,0,0,0,0,1,2393397,2441397,0,0,0,0,0,0,train
segunda_revision,ATMA,2020-06-04_06_36_31,44,ATMA_2020-06-04_06_36_31_44.wav,1qe49CnXaE0w69aWAm4Tji3JqrwBmPnPG,NoStutteredWords,1,False,0,0,0,0,0,1,2439529,2487529,0,0,0,0,0,0,train
segunda_revision,ATMA,2020-06-04_06_36_46,1,ATMA_2020-06-04_06_36_46_1.wav,1ZM_CHReukcVIfB1pUDodqMHqxRV5jYTJ,SoundRep,1,False,0,0,0,1,0,0,144108,192108,1,0,0,0,0,0,train
segunda_revision,ATMA,2020-06-04_06_36_46,7,ATMA_2020-06-04_06_36_46_7.wav,1XPdsTaFFUCC5MjONtOXcD-_U4UNtYeSv,NoStutteredWords,1,False,0,0,0,0,0,1,544775,592775,0,0,0,0,0,0,train
segunda_revision,ATMA,2020-06-04_06_36_46,15,ATMA_2020-06-04_06_36_46_15.wav,1ZJ_ToEn39Z3CmScBuB4HZMsbo7h60zx4,NoStutteredWords,1,False,0,0,0,0,0,1,902119,950119,0,0,0,0,0,0,train
segunda_revision,ATMA,2020-06-04_06_36_46,31,ATMA_2020-06-04_06_36_46_31.wav,1YOlD252yoBfBQ-HSanyahTUmdNLRAp7a,SoundRep,1,False,0,0,0,1,0,0,1757548,1805548,1,0,0,0,0,0,train
segunda_revision,ATMA,2020-06-04_06_36_59,13,ATMA_2020-06-04_06_36_59_13.wav,16PhwVY8E_eg5TmvLcTQsbYicS3EcTOP-,NoStutteredWords,1,False,0,0,0,0,0,1,1004829,1052829,0,0,0,0,0,0,train
segunda_revision,ATMA,2020-06-04_06_36_59,19,ATMA_2020-06-04_06_36_59_19.wav,16shYmlojrU__r1QF0xjHeL4L1nZVrcww,NoStutteredWords,1,False,0,0,0,0,0,1,1320433,1368433,0,0,0,0,0,0,train
segunda_revision,ATMA,2020-06-04_06_36_59,29,ATMA_2020-06-04_06_36_59_29.wav,15PPmeP10Rz8olse9C-WvX7hU8_icw55h,NoStutteredWords,1,False,0,0,0,0,0,1,1707107,1755107,0,0,0,0,0,0,train
segunda_revision,ATMA,2020-06-04_06_37_17,7,ATMA_2020-06-04_06_37_17_7.wav,1kgRQiTSk5ahHp-5eykeFzUaeSmPppbta,NoStutteredWords,1,False,0,0,0,0,0,1,444144,492144,0,0,0,0,0,0,train
segunda_revision,ATMA,2020-06-04_06_37_17,17,ATMA_2020-06-04_06_37_17_17.wav,1kb0i5GEH6JY-zgU9v6BWkbBGev8C1MsJ,NoStutteredWords,1,False,0,0,0,0,0,1,981152,1029152,0,0,0,0,0,0,train
segunda_revision,ATMA,2020-06-04_06_37_17,23,ATMA_2020-06-04_06_37_17_23.wav,1kIZZ0qCgtZD1JT-p3jf5O_y796eNILOB,NoStutteredWords,1,False,0,0,0,0,0,1,1273956,1321956,0,0,0,0,0,0,train
segunda_revision,ATMA,2020-06-04_06_37_17,24,ATMA_2020-06-04_06_37_17_24.wav,1lPZ9h6yqaEqRmlRCBwlwtSNQpELg9w7X,NoStutteredWords,1,False,0,0,0,0,0,1,1284011,1332011,0,0,0,0,0,0,train
segunda_revision,ATMA,2020-06-04_06_37_17,31,ATMA_2020-06-04_06_37_17_31.wav,1kMMe5anTnb-33rvwdWbZp_aMIYPixFnj,NoStutteredWords,1,False,0,0,0,0,0,1,1657563,1705563,0,0,0,0,0,0,train
segunda_revision,ATMA,2020-06-04_06_37_17,32,ATMA_2020-06-04_06_37_17_32.wav,1k0kV7xd7cPmu0hMmDRcHqGu84H1FV9vh,NoStutteredWords,1,False,0,0,0,0,0,1,1735315,1783315,0,0,0,0,0,0,train
segunda_revision,ATMA,2020-06-05_03_55_30,2,ATMA_2020-06-05_03_55_30_2.wav,1-yORFmPVmxMqnofkH1gUo88EpLkVnkuB,NoStutteredWords,1,False,0,0,0,0,0,1,189200,237200,0,0,0,1,0,0,train
segunda_revision,ATMA,2020-06-05_03_55_30,7,ATMA_2020-06-05_03_55_30_7.wav,1-yjTbpI44uCFP1kUgtnFZScrsSsmVkDG,NoStutteredWords,1,False,0,0,0,0,0,1,486339,534339,0,0,0,0,0,0,train
segunda_revision,ATMA,2020-06-05_03_55_30,12,ATMA_2020-06-05_03_55_30_12.wav,1-49bIqR9Wi5Cu6bEQdJN9iUpn-l-yPyV,NoStutteredWords,1,False,0,0,0,0,0,1,911366,959366,0,0,0,0,0,0,train
segunda_revision,ATMA,2020-06-05_03_55_30,17,ATMA_2020-06-05_03_55_30_17.wav,1-XdBS-uDjatdKYrZ3O0s-VTRLDwRcje9,Block,1,False,0,0,1,0,0,0,1142447,1190447,0,0,0,0,0,0,train
segunda_revision,ATMA,2020-06-05_03_55_30,22,ATMA_2020-06-05_03_55_30_22.wav,1-TXwHJSRiD7cvn-hm1QAi_H9QvYe25qP,NoStutteredWords,1,False,0,0,0,0,0,1,1327465,1375465,0,0,0,0,0,0,train
segunda_revision,ATMA,2020-06-05_03_55_47,1,ATMA_2020-06-05_03_55_47_1.wav,1TP1xENAQQMDSYdlh95RnCvjzP-DRbUFh,NoStutteredWords,1,False,0,0,0,0,0,1,55728,103728,0,0,0,0,1,0,train
segunda_revision,ATMA,2020-06-05_03_55_47,4,ATMA_2020-06-05_03_55_47_4.wav,1ToEV0K71s_5PjZ2X2qHKZqAMBN90Fo1v,NoStutteredWords,1,False,0,0,0,0,0,1,137892,185892,0,0,0,0,1,0,train
segunda_revision,ATMA,2020-06-05_03_55_47,13,ATMA_2020-06-05_03_55_47_13.wav,1T6yx9quxK7_-teKj9-6PfcSTZGGmEpUM,NoStutteredWords,1,False,0,0,0,0,0,1,677277,725277,0,0,0,0,1,0,train
segunda_revision,ATMA,2020-06-05_03_55_47,25,ATMA_2020-06-05_03_55_47_25.wav,1Tib9025hTJ15nZRv3MsrOM37QFKAfzSg,NoStutteredWords,1,False,0,0,0,0,0,1,1417431,1465431,0,0,0,0,0,0,train
segunda_revision,ATMA,2020-06-05_03_56_03,2,ATMA_2020-06-05_03_56_03_2.wav,1xwoqO8TTJy1oEXjTGof-6QJ-_eenMQGH,NoStutteredWords,1,False,0,0,0,0,0,1,213526,261526,0,0,0,0,1,0,train
segunda_revision,ATMA,2020-06-05_03_56_03,6,ATMA_2020-06-05_03_56_03_6.wav,1xMfvKoovKfC3w7QJzPt8ZEnXRkMIe49s,NoStutteredWords,1,False,0,0,0,0,0,1,469848,517848,0,0,0,0,1,0,train
segunda_revision,ATMA,2020-06-05_03_56_03,11,ATMA_2020-06-05_03_56_03_11.wav,1wUhINU0Y1WYGjG5seRtCAl-gCUH_L_G4,SoundRep,1,False,0,0,0,1,0,0,807776,855776,0,0,0,0,0,0,train
segunda_revision,ATMA,2020-06-05_03_56_03,20,ATMA_2020-06-05_03_56_03_20.wav,1ycrcyKsAEw5e8lSJFRJdPCx8yUmZ3hdQ,Block,1,False,0,0,1,0,0,0,1287750,1335750,0,0,0,0,0,0,train
segunda_revision,ATMA,2020-06-05_03_56_03,25,ATMA_2020-06-05_03_56_03_25.wav,1y-hlJ68NHilxIMZTX8Q4cUHdGIGuXT9B,NoStutteredWords,1,False,0,0,0,0,0,1,1553148,1601148,0,0,0,0,1,0,train
segunda_revision,ATMA,2020-06-05_03_56_03,37,ATMA_2020-06-05_03_56_03_37.wav,1x7LSMarct2uNsZAu9a7ILM0C4wOqz_tQ,Block,1,False,0,0,1,0,0,0,2062858,2110858,0,0,0,0,0,0,train
segunda_revision,ATMA,2020-06-05_03_56_03,39,ATMA_2020-06-05_03_56_03_39.wav,1ye8-NeygSGLMTipHRNKzcHFRabrjcxfD,NoStutteredWords,1,False,0,0,0,0,0,1,2168592,2216592,0,0,0,0,0,0,train
segunda_revision,ATMA,2020-06-05_03_56_35,2,ATMA_2020-06-05_03_56_35_2.wav,1p-Neu-4fuNcmZjSEK0R3qUHf5wSDytEL,NoStutteredWords,1,False,0,0,0,0,0,1,121015,169015,0,0,0,0,0,0,train
segunda_revision,ATMA,2020-06-05_03_56_35,4,ATMA_2020-06-05_03_56_35_4.wav,1ohbLzuWBQ--SleLH7qyMzW1c0KTEHz8L,NoStutteredWords,1,False,0,0,0,0,0,1,287023,335023,0,0,0,0,1,0,train
segunda_revision,ATMA,2020-06-05_03_56_35,27,ATMA_2020-06-05_03_56_35_27.wav,1oZNMPzrXrk8O5_seMpZ4NPILCMl45ZSg,Block,1,False,0,0,1,0,0,0,1555594,1603594,0,0,0,0,0,0,train
segunda_revision,ATMA,2020-06-05_03_56_48,15,ATMA_2020-06-05_03_56_48_15.wav,1rVxA5fuh89gfI6GMu7L2OzNWK15KXCaP,SoundRep,1,False,0,0,0,1,0,0,701107,749107,0,0,0,0,0,0,train
segunda_revision,ATMA,2020-06-05_03_56_48,22,ATMA_2020-06-05_03_56_48_22.wav,1rYrVtrWeiy_oy0aHY2QarwOUM-grxxEA,NoStutteredWords,1,False,0,0,0,0,0,1,990715,1038715,0,0,0,0,0,0,train
segunda_revision,ATMA,2020-06-05_03_56_48,35,ATMA_2020-06-05_03_56_48_35.wav,1sd2qS-6CBCs7wJZEMkjYdt4mCIb1USBY,Block,1,False,0,0,1,0,0,0,1549832,1597832,0,0,0,0,0,0,train
segunda_revision,ATMA,2020-06-05_03_57_06,4,ATMA_2020-06-05_03_57_06_4.wav,1raEbqc3-jwru0b4yqkJI3QWs2Eyxv0pT,NoStutteredWords,1,False,0,0,0,0,0,1,261832,309832,0,0,0,0,0,0,train
segunda_revision,ATMA,2020-06-05_03_57_06,11,ATMA_2020-06-05_03_57_06_11.wav,1r3sebFWQSUshyEoaXRZSog2vxnQUx_3y,NoStutteredWords,1,False,0,0,0,0,0,1,550282,598282,0,0,0,0,0,0,train
segunda_revision,ATMA,2020-06-05_03_57_06,14,ATMA_2020-06-05_03_57_06_14.wav,1rS0Veg0V_SxqIgvagtpvRWUsMgni5cb-,NoStutteredWords,1,False,0,0,0,0,0,1,738383,786383,0,0,0,0,0,0,train
segunda_revision,ATMA,2020-06-05_03_57_06,19,ATMA_2020-06-05_03_57_06_19.wav,1szwmeFDyqupWyt9PUPZKla9Ukzfc53tF,NoStutteredWords,1,False,0,0,0,0,0,1,1102874,1150874,0,0,0,0,0,0,train
segunda_revision,ATMA,2020-06-05_03_57_06,24,ATMA_2020-06-05_03_57_06_24.wav,1qxq7SL8gjBIjIJLs3lEtQtrLCIDPZeuw,NoStutteredWords,1,False,0,0,0,0,0,1,1343333,1391333,0,0,0,0,0,0,train
segunda_revision,ATMA,2020-06-05_03_57_06,26,ATMA_2020-06-05_03_57_06_26.wav,1rvp3WaN2aqg_w2LExgeeao1kCdGuFiSp,NoStutteredWords,1,False,0,0,0,0,0,1,1380325,1428325,0,0,0,0,0,0,train
segunda_revision,ATMA,2020-06-05_03_57_06,29,ATMA_2020-06-05_03_57_06_29.wav,1s6heVW0XRtoaLN1yCZHYYip_3hHuR4yH,NoStutteredWords,1,False,0,0,0,0,0,1,1482437,1530437,0,0,0,0,0,0,train
segunda_revision,ATMA,2020-06-05_03_57_06,34,ATMA_2020-06-05_03_57_06_34.wav,1r_tZbtpE4wmEIrmgnGdaJSj7yUFiFa1c,NoStutteredWords,1,False,0,0,0,0,0,1,1732611,1780611,0,0,0,0,0,0,train
segunda_revision,ATMA,2020-06-05_03_57_06,43,ATMA_2020-06-05_03_57_06_43.wav,1r-QgujKdHlxjaA6nM6dlgx-Lw915mXKI,NoStutteredWords,1,False,0,0,0,0,0,1,2189002,2237002,0,0,0,0,0,0,train
segunda_revision,ATMA,2020-06-05_03_57_06,47,ATMA_2020-06-05_03_57_06_47.wav,1sHuJyKtJmAtykcIx8lPs_zBS0AY6Wc6a,NoStutteredWords,1,False,0,0,0,0,0,1,2369464,2417464,0,0,0,0,0,0,train
segunda_revision,ATMA,2020-06-05_08_42_24,8,ATMA_2020-06-05_08_42_24_8.wav,1Rf5DcBvPI2KfnGtXzEK2TKV2sUIcvrXA,NoStutteredWords,1,False,0,0,0,0,0,1,517001,565001,0,0,0,0,0,0,train
segunda_revision,ATMA,2020-06-05_08_42_24,28,ATMA_2020-06-05_08_42_24_28.wav,1QWT1JUYpuvgNTGYJXdmwnrWGZziVVCzO,NoStutteredWords,1,False,0,0,0,0,0,1,1677962,1725962,0,0,0,0,0,0,train
segunda_revision,ATMA,2020-06-05_08_42_40,8,ATMA_2020-06-05_08_42_40_8.wav,1jehxHWuzZRfWEo4N--8t3opex_KeCvT_,NoStutteredWords,1,False,0,0,0,0,0,1,605180,653180,0,0,0,0,0,0,train
segunda_revision,ATMA,2020-06-05_08_42_40,18,ATMA_2020-06-05_08_42_40_18.wav,1k96dvw9M6UfkuW6rdeztf3orbNeHuBCp,NoStutteredWords,1,False,0,0,0,0,0,1,1193736,1241736,0,0,0,0,0,0,train
segunda_revision,ATMA,2020-06-05_08_42_40,24,ATMA_2020-06-05_08_42_40_24.wav,1kJ7U0rFODpj61zx8lP_8Tj2DroQkVx84,NoStutteredWords,1,False,0,0,0,0,0,1,1571896,1619896,0,0,0,0,0,0,train
segunda_revision,ATMA,2020-06-05_08_42_40,26,ATMA_2020-06-05_08_42_40_26.wav,1jxUw2s8CVPpky5X3acJmjtvzwNfvnyNO,NoStutteredWords,1,False,0,0,0,0,0,1,1671009,1719009,0,0,0,0,0,0,train
segunda_revision,ATMA,2020-06-05_08_42_40,30,ATMA_2020-06-05_08_42_40_30.wav,1kXYlJfaoVmjfu3DOToDDWSgN8Gyzv8dB,NoStutteredWords,1,False,0,0,0,0,0,1,1999660,2047660,0,0,0,0,0,0,train
segunda_revision,ATMA,2020-06-05_08_42_52,6,ATMA_2020-06-05_08_42_52_6.wav,1cwzIZNQd52QxEMjFpeQWv-eadwfIbvri,Block,1,False,0,0,1,0,0,0,299010,347010,0,0,0,0,0,0,train
segunda_revision,ATMA,2020-06-05_08_42_52,15,ATMA_2020-06-05_08_42_52_15.wav,1d8kYLxbfBYrluInHkKqRzH7GSuoirqyz,NoStutteredWords,1,False,0,0,0,0,0,1,838824,886824,0,0,0,0,0,0,train
segunda_revision,ATMA,2020-06-05_08_42_52,18,ATMA_2020-06-05_08_42_52_18.wav,1cwze0MiEAQ6jHqObGnQnYNO9SWobepjq,NoStutteredWords,1,False,0,0,0,0,0,1,1036277,1084277,0,0,0,0,0,0,train
segunda_revision,ATMA,2020-06-05_08_42_52,23,ATMA_2020-06-05_08_42_52_23.wav,1dBRHh0WlcMYg58oDfn4HmSqlss0s1AhT,NoStutteredWords,1,False,0,0,0,0,0,1,1286234,1334234,0,0,0,0,0,0,train
segunda_revision,ATMA,2020-06-05_08_43_06,15,ATMA_2020-06-05_08_43_06_15.wav,1qfRXANTMDu5k1C-NNQbLwsztaHSWoOHN,NoStutteredWords,1,False,0,0,0,0,0,1,841338,889338,0,0,0,0,0,0,train
segunda_revision,ATMA,2020-06-05_08_43_06,28,ATMA_2020-06-05_08_43_06_28.wav,1rGtCZQeND79vxWGuob86xonx2RzmnfJL,NoStutteredWords,1,False,0,0,0,0,0,1,1713768,1761768,0,0,0,0,0,0,train
segunda_revision,ATMA,2020-06-06_08_53_08,0,ATMA_2020-06-06_08_53_08_0.wav,1OKJTkyBHddihSecHTUUJ8g6mLvkQVbko,Prolongation,1,False,0,0,0,0,1,0,23051,71051,0,0,0,0,0,0,train
segunda_revision,ATMA,2020-06-06_08_53_08,4,ATMA_2020-06-06_08_53_08_4.wav,1Nsy3oP9I8sY8whoZcAeH0gLBTtKow7lJ,NoStutteredWords,1,False,0,0,0,0,0,1,214953,262953,0,0,0,0,0,0,train
segunda_revision,ATMA,2020-06-06_08_53_08,12,ATMA_2020-06-06_08_53_08_12.wav,1O44V_N1YsqYnew6kiXBhE32DWnciQLq0,Block,1,False,0,0,1,0,0,0,671414,719414,0,0,0,0,0,0,train
segunda_revision,ATMA,2020-06-06_08_53_08,19,ATMA_2020-06-06_08_53_08_19.wav,1OA--uH-XqrI5zLDnAdcPM3VCHvwkN2y0,NoStutteredWords,1,False,0,0,0,0,0,1,1016617,1064617,0,0,0,0,0,0,train
segunda_revision,ATMA,2020-06-06_08_53_08,34,ATMA_2020-06-06_08_53_08_34.wav,1Nd4q_TAdlhzPUFuz8OL1tNgS47Prxmis,NoStutteredWords,1,False,0,0,0,0,0,1,1564224,1612224,0,0,0,0,0,0,train
segunda_revision,ATMA,2020-06-06_08_53_08,38,ATMA_2020-06-06_08_53_08_38.wav,1O3XCTKNRQB5ky-Tq0lcs0a2M_2TWCZjy,NoStutteredWords,1,False,0,0,0,0,0,1,1718474,1766474,0,0,0,0,0,0,train
segunda_revision,ATMA,2020-06-06_08_53_08,41,ATMA_2020-06-06_08_53_08_41.wav,1OYb8lk2F2C8dzl7AEP4UIKh2L3EtDmuz,NoStutteredWords,1,False,0,0,0,0,0,1,1836120,1884120,0,0,0,0,0,0,train
segunda_revision,ATMA,2020-06-06_08_53_57,2,ATMA_2020-06-06_08_53_57_2.wav,1sqesn7Mv2ZNDQZV6wDUOdk8XsPSspmkr,Block,1,False,0,0,1,0,0,0,75631,123631,0,0,0,0,0,0,train
segunda_revision,ATMA,2020-06-06_08_53_57,11,ATMA_2020-06-06_08_53_57_11.wav,1rUPY_7IaNVmIOdBa8HtTLXXe2bc4Gngu,NoStutteredWords,1,False,0,0,0,0,0,1,634157,682157,0,0,0,0,0,0,train
segunda_revision,ATMA,2020-06-06_08_53_57,23,ATMA_2020-06-06_08_53_57_23.wav,1tp24B00pLcaRDmCCwanCuFU8E2YhK2ZD,SoundRep,1,False,0,0,0,1,0,0,1230269,1278269,0,0,0,0,0,0,train
segunda_revision,ATMA,2020-06-06_08_53_57,30,ATMA_2020-06-06_08_53_57_30.wav,1sc6yUix3MNoKUXSBVrCe30Qt_y8n7iXy,NoStutteredWords,1,False,0,0,0,0,0,1,1528625,1576625,0,0,0,0,0,0,train
segunda_revision,ATMA,2020-06-06_08_53_57,35,ATMA_2020-06-06_08_53_57_35.wav,1sPODxMaWSyWHKgOLbY24gFBTRgGUcHfu,WordRep,2,False,0,1,0,0,1,0,1759995,1807995,0,0,0,0,0,0,train
segunda_revision,ATMA,2020-06-06_08_53_57,39,ATMA_2020-06-06_08_53_57_39.wav,1trFM5hBMccHZU5-ZDlJzEgxeW156yBD4,NoStutteredWords,1,False,0,0,0,0,0,1,1900333,1948333,0,0,0,0,0,0,train
segunda_revision,ATMA,2020-06-06_08_53_57,43,ATMA_2020-06-06_08_53_57_43.wav,1rixHBHiE9PnJPmLBz70_yfClUMtaNA2Y,NoStutteredWords,1,False,0,0,0,0,0,1,2010544,2058544,0,0,0,0,0,0,train
segunda_revision,ATMA,2020-06-06_08_53_57,50,ATMA_2020-06-06_08_53_57_50.wav,1rp7EL3qSBIjDfT_sqTAtOeXTBvCXY1pZ,NoStutteredWords,1,False,0,0,0,0,0,1,2238559,2286559,0,0,0,0,0,0,train
segunda_revision,ATMA,2020-06-06_08_53_57,51,ATMA_2020-06-06_08_53_57_51.wav,1usczevHn5f59Zud5t9-xf1MWt53wBlWW,NoStutteredWords,1,False,0,0,0,0,0,1,2327658,2375658,0,0,0,0,0,0,train
segunda_revision,ATMA,2020-06-06_08_54_01,5,ATMA_2020-06-06_08_54_01_5.wav,1lIJxYtSdMCCUHLJFTXZd-Y--jOVm8kKc,NoStutteredWords,1,False,0,0,0,0,0,1,227971,275971,0,0,0,0,0,0,train
segunda_revision,ATMA,2020-06-06_08_54_01,20,ATMA_2020-06-06_08_54_01_20.wav,1lXe8cYn64omo4V7SvF__FxHtCBuCs9_E,NoStutteredWords,1,False,0,0,0,0,0,1,1106505,1154505,0,0,0,0,0,0,train
segunda_revision,ATMA,2020-06-06_08_54_26,17,ATMA_2020-06-06_08_54_26_17.wav,1nS1-SXYHsSMnsz7tz1--uS6Rz_GIPo-M,SoundRep,1,False,0,0,0,1,0,0,904703,952703,0,0,0,0,0,0,train
segunda_revision,ATMA,2020-05-27_03_54_34,1,ATMA_2020-05-27_03_54_34_1.wav,1EvIrPphHCGmPDbeuJOfIjO62Rz6PimL0,NoStutteredWords,1,False,0,0,0,0,0,1,62228,110228,0,0,0,0,0,0,train
segunda_revision,ATMA,2020-05-27_03_54_34,4,ATMA_2020-05-27_03_54_34_4.wav,1ETY-s2WLfsiEmSGmtC1j01RhtI0RbPfw,NoStutteredWords,1,False,0,0,0,0,0,1,272075,320075,0,0,0,0,0,0,train
segunda_revision,ATMA,2020-05-27_03_54_34,10,ATMA_2020-05-27_03_54_34_10.wav,1F6hV9Kh_OzYG8OsLOhWeRHO_ScKiglVl,NoStutteredWords,1,False,0,0,0,0,0,1,562109,610109,0,0,0,0,0,0,train
segunda_revision,ATMA,2020-05-27_03_54_34,25,ATMA_2020-05-27_03_54_34_25.wav,1Ewsx9x1t7TNf3TjKl5GgNkrAWnzB6P5s,NoStutteredWords,1,False,0,0,0,0,0,1,1164767,1212767,0,0,0,0,0,0,train
segunda_revision,ATMA,2020-05-27_03_54_34,26,ATMA_2020-05-27_03_54_34_26.wav,1F6mGeYej9J82IuWBQBc58xG6qzTKZ-Bh,NoStutteredWords,1,False,0,0,0,0,0,1,1221286,1269286,0,0,0,0,0,0,train
segunda_revision,ATMA,2020-05-27_03_55_03,0,ATMA_2020-05-27_03_55_03_0.wav,186jHwFf8ML6Y5nQu0wXsG6NKH3DEYC4T,NoStutteredWords,1,False,0,0,0,0,0,1,73382,121382,0,0,0,1,0,0,train
segunda_revision,ATMA,2020-05-27_03_55_03,5,ATMA_2020-05-27_03_55_03_5.wav,17vJoKPqaAemmX3jToiOSfgCK5TqbPBZZ,NoStutteredWords,1,False,0,0,0,0,0,1,467041,515041,0,0,0,0,0,0,train
segunda_revision,ATMA,2020-05-27_03_55_03,6,ATMA_2020-05-27_03_55_03_6.wav,15MrY2EdI3IiZAePmmaC1ukVYtmgp47dT,NoStutteredWords,1,False,0,0,0,0,0,1,556108,604108,0,0,0,0,0,0,train
segunda_revision,ATMA,2020-05-27_03_55_03,20,ATMA_2020-05-27_03_55_03_20.wav,15OQb5CWpabvwA7nLR0gy4K3bMZRI-S25,NoStutteredWords,1,False,0,0,0,0,0,1,1169414,1217414,0,0,0,0,0,0,train
segunda_revision,ATMA,2020-05-27_03_55_03,26,ATMA_2020-05-27_03_55_03_26.wav,172PL8n1zgvuaG1aDQJe00IdGJI6k5d-q,NoStutteredWords,1,False,0,0,0,0,0,1,1439492,1487492,0,0,0,0,0,0,train
segunda_revision,ATMA,2020-05-27_03_55_03,29,ATMA_2020-05-27_03_55_03_29.wav,18DcjXtCpI3CkRJZ_7IaRvT-c6ayVcn6M,Prolongation,1,False,0,0,0,0,1,0,1492079,1540079,0,0,0,0,0,0,train
segunda_revision,ATMA,2020-05-27_03_55_03,30,ATMA_2020-05-27_03_55_03_30.wav,16YklQhnn_SgvNnDbpFmbQhKyXcgUNCd9,NoStutteredWords,1,False,0,0,0,0,0,1,1539139,1587139,0,0,0,0,0,0,train
segunda_revision,ATMA,2020-05-27_03_55_03,35,ATMA_2020-05-27_03_55_03_35.wav,178cOojKFyppdL7jvg9w9tIapMtffYn_C,NoStutteredWords,1,False,0,0,0,0,0,1,1821823,1869823,0,0,0,0,0,0,train
segunda_revision,ATMA,2020-05-27_03_55_25,0,ATMA_2020-05-27_03_55_25_0.wav,14nm52EjO6F540b8TzSDnbkBmR0BTeizI,NoStutteredWords,1,False,0,0,0,0,0,1,89694,137694,0,0,0,0,0,0,train
segunda_revision,ATMA,2020-05-27_03_55_25,10,ATMA_2020-05-27_03_55_25_10.wav,14YgW0imfRb7C_Pq8WBr4a4B_nLSau9_0,NoStutteredWords,1,False,0,0,0,0,0,1,665728,713728,0,0,0,0,0,0,train
segunda_revision,ATMA,2020-05-27_03_55_25,13,ATMA_2020-05-27_03_55_25_13.wav,14m3ypFphiGyxESNBeidZFjybciFi7qDP,NoStutteredWords,1,False,0,0,0,0,0,1,862455,910455,0,0,0,0,0,0,train
segunda_revision,ATMA,2020-05-27_03_55_25,27,ATMA_2020-05-27_03_55_25_27.wav,14tpHppFbZFVRVvCj3kHp_Puu_0edK-5g,NoStutteredWords,1,False,0,0,0,0,0,1,1559589,1607589,0,0,0,0,0,0,train
segunda_revision,ATMA,2020-05-27_03_55_25,28,ATMA_2020-05-27_03_55_25_28.wav,14lNFAKjqPVvCvZQcO8K5QKH24N1IazE-,NoStutteredWords,1,False,0,0,0,0,0,1,1625834,1673834,0,0,0,0,0,0,train
segunda_revision,ATMA,2020-05-27_03_55_51,5,ATMA_2020-05-27_03_55_51_5.wav,1alQPGPpOWSPwOWkqOHF2qX_JQ13YcugV,NoStutteredWords,1,False,0,0,0,0,0,1,238895,286895,0,0,0,0,0,0,train
segunda_revision,ATMA,2020-05-27_03_55_51,8,ATMA_2020-05-27_03_55_51_8.wav,1aI_COpEbW6Id9yp-y0RGcuaW90FrI9Vs,SoundRep,1,False,0,0,0,1,0,0,387354,435354,0,0,0,0,0,0,train
segunda_revision,ATMA,2020-05-27_03_55_51,13,ATMA_2020-05-27_03_55_51_13.wav,1a5qd-VRAy8yG6_sWfdKej5S0z-akOUlw,NoStutteredWords,1,False,0,0,0,0,0,1,620907,668907,0,0,0,0,0,0,train
segunda_revision,ATMA,2020-05-27_03_55_51,15,ATMA_2020-05-27_03_55_51_15.wav,1afmqx7G6ftDOkOVwmwzxdwnx8YGF2NYJ,NoStutteredWords,1,False,0,0,0,0,0,1,829986,877986,0,0,0,1,0,0,train
segunda_revision,ATMA,2020-05-27_03_55_51,18,ATMA_2020-05-27_03_55_51_18.wav,1abGaMqsEptUWhu5zgcWxokAGcQHYGJZi,NoStutteredWords,1,False,0,0,0,0,0,1,953701,1001701,0,0,0,0,0,0,train
segunda_revision,ATMA,2020-05-27_03_55_51,19,ATMA_2020-05-27_03_55_51_19.wav,1_G9WV2b1ukSSOptSgMt4RArP4q0qQxJu,Prolongation,1,False,0,0,0,0,1,0,971614,1019614,0,0,0,0,0,0,train
segunda_revision,ATMA,2020-05-27_03_55_51,21,ATMA_2020-05-27_03_55_51_21.wav,1afkMddQM5Bd5s02tpjHDvs8nzasYs1Tz,Block,1,False,0,0,1,0,0,0,1029912,1077912,0,0,0,0,0,0,train
segunda_revision,ATMA,2020-05-27_03_56_16,0,ATMA_2020-05-27_03_56_16_0.wav,1o9heMehNGgRXsKlxMLiYBGjTKMi-fohU,NoStutteredWords,1,False,0,0,0,0,0,1,56011,104011,0,0,0,0,1,0,train
segunda_revision,ATMA,2020-05-27_03_56_16,2,ATMA_2020-05-27_03_56_16_2.wav,1oNsheKfoerKaEkeFQ3UV6TKRrNqxHx3Z,NoStutteredWords,1,False,0,0,0,0,0,1,176818,224818,0,0,0,0,0,0,train
segunda_revision,ATMA,2020-05-27_03_56_16,8,ATMA_2020-05-27_03_56_16_8.wav,1oBSvbgTBlwlkTRaSA0-egLCwmNpd6GcO,Block,1,False,0,0,1,0,0,0,522987,570987,0,0,0,0,0,0,train
segunda_revision,ATMA,2020-05-27_03_56_16,10,ATMA_2020-05-27_03_56_16_10.wav,1pPd5AhypXEk7BfSRHe0kcryscFuxXHuk,NoStutteredWords,1,False,0,0,0,0,0,1,628262,676262,0,0,0,0,0,0,train
segunda_revision,ATMA,2020-05-27_03_56_16,12,ATMA_2020-05-27_03_56_16_12.wav,1mjtHzzXgBOFdHLGu691wOj_QQ6Lq6RPH,NoStutteredWords,1,False,0,0,0,0,0,1,718722,766722,0,0,0,0,1,0,train
segunda_revision,ATMA,2020-05-27_03_56_16,15,ATMA_2020-05-27_03_56_16_15.wav,1pSfQaCkJv61o3RWvFMd6E3z8XccVkrUy,NoStutteredWords,1,False,0,0,0,0,0,1,901842,949842,0,0,0,0,1,0,train
segunda_revision,ATMA,2020-05-27_03_56_16,21,ATMA_2020-05-27_03_56_16_21.wav,1m6uccHKI99Xkoc04Ih2Za4gc49Hmt_3B,NoStutteredWords,1,False,0,0,0,0,0,1,1153817,1201817,0,0,0,0,0,0,train
segunda_revision,ATMA,2020-05-27_03_56_16,28,ATMA_2020-05-27_03_56_16_28.wav,1o44JoYgI_DDXf-Ek7Td7o5VG8AqvQEnB,NoStutteredWords,1,False,0,0,0,0,0,1,1465295,1513295,0,0,0,1,1,0,train
segunda_revision,ATMA,2020-05-27_03_56_16,33,ATMA_2020-05-27_03_56_16_33.wav,1njjvkxBXertThY0xmyZQLy3cPfk9UhkC,Block,1,False,0,0,1,0,0,0,1699569,1747569,0,0,0,0,0,0,train
segunda_revision,ATMA,2020-05-27_03_56_16,35,ATMA_2020-05-27_03_56_16_35.wav,1oB4o1hKNIwP_veZJ-RhoAX1EWdFsxK9q,NoStutteredWords,1,False,0,0,0,0,0,1,1769166,1817166,0,0,0,0,0,0,train
segunda_revision,ATMA,2020-05-27_06_06_55,8,ATMA_2020-05-27_06_06_55_8.wav,1BJQ8xwOTiM2zqIaFiN9e5Y1KdtF6diDE,NoStutteredWords,1,False,0,0,0,0,0,1,322996,370996,0,0,0,0,0,0,train
segunda_revision,ATMA,2020-05-27_06_06_55,11,ATMA_2020-05-27_06_06_55_11.wav,1CaX1bXTHRvpWpc6vCc-NznlzeMV2gqzx,Block,2,False,0,0,1,0,1,0,453984,501984,0,0,0,0,0,0,train
segunda_revision,ATMA,2020-05-27_06_06_55,12,ATMA_2020-05-27_06_06_55_12.wav,1D0D2Iy3D-EG6w1ezmbyQ_TfG2ANt7kPG,NoStutteredWords,1,False,0,0,0,0,0,1,495735,543735,0,0,0,0,0,0,train
segunda_revision,ATMA,2020-05-27_06_06_55,17,ATMA_2020-05-27_06_06_55_17.wav,1DB5lcJmhKvYVMZcReyVdDi3Lb13V04Tg,SoundRep,1,False,0,0,0,1,0,0,746327,794327,0,0,0,0,0,0,train
segunda_revision,ATMA,2020-05-27_06_06_55,25,ATMA_2020-05-27_06_06_55_25.wav,1Bl30J3oUATii958bFWo6ryVts_J1obii,NoStutteredWords,1,False,0,0,0,0,0,1,1068791,1116791,0,0,0,0,0,0,train
segunda_revision,ATMA,2020-05-27_06_06_55,34,ATMA_2020-05-27_06_06_55_34.wav,1DItv7LgexUv_jRnQjY6uGkO0N9pACNUL,Prolongation,1,False,0,0,0,0,1,0,1407483,1455483,0,0,0,0,0,0,train
segunda_revision,ATMA,2020-05-27_06_06_55,37,ATMA_2020-05-27_06_06_55_37.wav,1CeTPcENYX7V0pkTCRCVZ3OKedOsibEBK,NoStutteredWords,1,False,0,0,0,0,0,1,1551187,1599187,0,0,0,0,0,0,train
segunda_revision,ATMA,2020-05-27_06_06_55,39,ATMA_2020-05-27_06_06_55_39.wav,1BuCC005io5q1VJRVSwtCXgrUdCC7ibZp,Block,1,False,0,0,1,0,0,0,1686191,1734191,0,0,0,0,0,0,train
segunda_revision,ATMA,2020-05-27_06_06_55,41,ATMA_2020-05-27_06_06_55_41.wav,1Bt6mEwZWEAHYKMalwiIwygZ25K6s917k,NoStutteredWords,1,False,0,0,0,0,0,1,1746631,1794631,0,0,0,0,0,0,train
segunda_revision,ATMA,2020-05-27_10_23_37,2,ATMA_2020-05-27_10_23_37_2.wav,1rzpNxZ5WN2y9vWiglIalMDtjByt5yROP,NoStutteredWords,1,False,0,0,0,0,0,1,96548,144548,0,0,0,0,0,0,train
segunda_revision,ATMA,2020-05-27_10_23_37,5,ATMA_2020-05-27_10_23_37_5.wav,1nW88o9rEfB0b4i0GW-30bI1mRdDfgcuI,NoStutteredWords,1,False,0,0,0,0,0,1,275663,323663,0,0,0,0,0,0,train
segunda_revision,ATMA,2020-05-27_10_23_37,6,ATMA_2020-05-27_10_23_37_6.wav,1SAJljv4nQb-fVPZzy24nBUt4bvodnyOI,NoStutteredWords,1,False,0,0,0,0,0,1,300576,348576,0,0,0,0,0,0,train
segunda_revision,ATMA,2020-05-27_10_23_37,8,ATMA_2020-05-27_10_23_37_8.wav,1_9c4sa4ZbBdBHpZyBt99mCUj0cUMtaCY,NoStutteredWords,1,False,0,0,0,0,0,1,513806,561806,0,0,0,1,0,0,train
segunda_revision,ATMA,2020-05-27_10_23_37,9,ATMA_2020-05-27_10_23_37_9.wav,1-9hnWPNBmx6jb8tvziZhROgMIH1X3MhM,Block,1,False,0,0,1,0,0,0,549474,597474,0,0,0,0,0,0,train
segunda_revision,ATMA,2020-05-27_10_23_37,23,ATMA_2020-05-27_10_23_37_23.wav,1fvxz5ehTegN5eagr8yF5pWcnkuxfmM9E,Block,1,False,0,0,1,0,0,0,1531234,1579234,0,0,0,0,1,0,train
segunda_revision,ATMA,2020-05-27_10_23_55,7,ATMA_2020-05-27_10_23_55_7.wav,18P1W5fYHjPgUqKXuIVNpymusZ6dwIJJl,WordRep,1,False,0,1,0,0,0,0,521342,569342,0,0,0,0,0,0,train
segunda_revision,ATMA,2020-05-27_10_24_13,1,ATMA_2020-05-27_10_24_13_1.wav,1c34FRfPkzAxZTjdemmdXXJbCnWbHLyZk,NoStutteredWords,1,False,0,0,0,0,0,1,110339,158339,0,0,0,0,0,0,train
segunda_revision,ATMA,2020-05-27_10_24_13,5,ATMA_2020-05-27_10_24_13_5.wav,1ciKXAAOy17w7u8mHj187EinjFy1KSBp1,NoStutteredWords,1,False,0,0,0,0,0,1,572176,620176,0,0,0,0,0,0,train
segunda_revision,ATMA,2020-05-27_10_24_13,8,ATMA_2020-05-27_10_24_13_8.wav,1c1I09PAZBcG_9Y2m_WBJ060VF9ATmtty,SoundRep,1,False,0,0,0,1,0,0,703186,751186,0,0,0,0,0,0,train
segunda_revision,ATMA,2020-05-27_10_24_13,9,ATMA_2020-05-27_10_24_13_9.wav,1cidestNnL6gEiA6em-AdfqlEttNQb3gd,NoStutteredWords,1,False,0,0,0,0,0,1,761456,809456,0,0,0,0,0,0,train
segunda_revision,ATMA,2020-05-27_10_24_13,10,ATMA_2020-05-27_10_24_13_10.wav,1cf47vzAHu5oQEKyTo5KKb5IV6yWK7XyW,SoundRep,1,False,0,0,0,1,0,0,888074,936074,0,0,0,0,0,0,train
segunda_revision,ATMA,2020-05-27_10_24_13,13,ATMA_2020-05-27_10_24_13_13.wav,1c7zXZhn4ELTg1XRyiuOSsRNifNhFkQl2,NoStutteredWords,1,False,0,0,0,0,0,1,1006155,1054155,0,0,0,0,0,0,train
segunda_revision,ATMA,2020-05-27_10_24_13,14,ATMA_2020-05-27_10_24_13_14.wav,1cncPWmp7u9wif-HvtzNvFawtcSMi2DY7,NoStutteredWords,1,False,0,0,0,0,0,1,1152948,1200948,0,0,0,0,0,0,train
segunda_revision,ATMA,2020-05-27_10_24_30,0,ATMA_2020-05-27_10_24_30_0.wav,1AeNCioHvReqcCSpevNu1TJSer8TunjP3,NoStutteredWords,1,False,0,0,0,0,0,1,15801,63801,0,0,0,0,0,0,train
segunda_revision,ATMA,2020-05-27_10_24_30,2,ATMA_2020-05-27_10_24_30_2.wav,1ArDEa33sNy6qVlHV-r_DPpzWNwX50w1Z,NoStutteredWords,1,False,0,0,0,0,0,1,202356,250356,0,0,0,0,0,0,train
segunda_revision,ATMA,2020-05-27_10_24_30,3,ATMA_2020-05-27_10_24_30_3.wav,1As7Lh7KcxOK1tkMZxdRlHcP9rcE0HwHq,NoStutteredWords,1,False,0,0,0,0,0,1,284696,332696,0,0,0,0,0,0,train
segunda_revision,ATMA,2020-05-27_10_24_30,6,ATMA_2020-05-27_10_24_30_6.wav,1ArupayiVh_jIycnW_3HNe4a-dFlgVz-s,NoStutteredWords,1,False,0,0,0,0,0,1,470415,518415,0,0,0,0,0,0,train
segunda_revision,ATMA,2020-05-27_10_24_30,9,ATMA_2020-05-27_10_24_30_9.wav,1BwnwZm-8_pXITBiud9Qvta4i-Rwf2LeB,NoStutteredWords,1,False,0,0,0,0,0,1,590882,638882,0,0,0,0,0,0,train
segunda_revision,ATMA,2020-05-27_10_24_30,10,ATMA_2020-05-27_10_24_30_10.wav,1A_2wdpWXP6gpulaLi8WqqsX_iy-Y2oEp,NoStutteredWords,1,False,0,0,0,0,0,1,664985,712985,0,0,0,0,0,0,train
segunda_revision,ATMA,2020-05-27_10_24_30,18,ATMA_2020-05-27_10_24_30_18.wav,1BmVbu9jO0Gpe82GmRooNjyf66zKKLNUL,NoStutteredWords,1,False,0,0,0,0,0,1,1640215,1688215,0,0,0,0,0,0,train
segunda_revision,ATMA,2020-05-28_05_36_59,19,ATMA_2020-05-28_05_36_59_19.wav,1KqniU_mzr9dleCU16qAOfAoOif0y0oZM,NoStutteredWords,1,False,0,0,0,0,0,1,1086234,1134234,0,0,0,0,0,0,train
segunda_revision,ATMA,2020-05-28_05_36_59,22,ATMA_2020-05-28_05_36_59_22.wav,1M2ZVGxWhObsedjdhyuCEv9043oFntMVw,Block,1,False,0,0,1,0,0,0,1252260,1300260,0,0,0,0,0,0,train
segunda_revision,ATMA,2020-05-28_05_36_59,24,ATMA_2020-05-28_05_36_59_24.wav,1MC0UYZkowfs0HfOhfE7bfeWtJJZuL-pR,NoStutteredWords,1,False,0,0,0,0,0,1,1351736,1399736,0,0,0,0,0,0,train
segunda_revision,ATMA,2020-05-28_05_36_59,35,ATMA_2020-05-28_05_36_59_35.wav,1LoSnaCv7_S161Ld-_eq_SZ-Nvr7VpU63,NoStutteredWords,1,False,0,0,0,0,0,1,1836624,1884624,0,0,0,0,0,0,train
segunda_revision,ATMA,2020-05-28_05_36_59,47,ATMA_2020-05-28_05_36_59_47.wav,1LxNFcAfrWwiA329qCnBkyU3Y0GEMTciP,WordRep,1,False,0,1,0,0,0,0,2396001,2444001,0,0,0,0,0,0,train
segunda_revision,ATMA,2020-05-28_05_36_59,48,ATMA_2020-05-28_05_36_59_48.wav,1MGQXoiVfmQDx4HrGUxSC0X6s7GQ0BPFF,NoStutteredWords,1,False,0,0,0,0,0,1,2454427,2502427,0,0,0,0,0,0,train
segunda_revision,ATMA,2020-05-28_05_38_09,0,ATMA_2020-05-28_05_38_09_0.wav,1KZPBLZmGqqUFq9GXq3GGhAuRpcZg9Oqu,NoStutteredWords,1,False,0,0,0,0,0,1,45390,93390,0,0,0,0,0,0,train
segunda_revision,ATMA,2020-05-28_05_38_09,2,ATMA_2020-05-28_05_38_09_2.wav,1Kbgjx2vChYP0EBZaiWnNGlk32y0Jinzk,SoundRep,1,False,0,0,0,1,0,0,162213,210213,0,0,0,0,0,0,train
segunda_revision,ATMA,2020-05-28_05_38_09,6,ATMA_2020-05-28_05_38_09_6.wav,1KDF8bycL4AFi8A7EBeOqbIZft4YRIgia,NoStutteredWords,1,False,0,0,0,0,0,1,433969,481969,0,0,0,0,0,0,train
segunda_revision,ATMA,2020-05-28_05_38_09,19,ATMA_2020-05-28_05_38_09_19.wav,1J9EIIczFnWzK6f-pHOSnSpIgyQXB1Jdn,Block,1,False,0,0,1,0,0,0,1033557,1081557,0,0,0,0,0,0,train
segunda_revision,ATMA,2020-05-28_05_38_09,20,ATMA_2020-05-28_05_38_09_20.wav,1KQMPuy1VaqRaz3eQKx46ZyKZuxWUQXPU,NoStutteredWords,1,False,0,0,0,0,0,1,1066656,1114656,1,0,0,0,0,0,train
segunda_revision,ATMA,2020-05-28_05_38_09,22,ATMA_2020-05-28_05_38_09_22.wav,1JQwIk2yiXfkAdtSwTq6qet0E9yPYiewd,NoStutteredWords,1,False,0,0,0,0,0,1,1155906,1203906,0,0,0,0,0,0,train
segunda_revision,ATMA,2020-05-28_05_38_09,25,ATMA_2020-05-28_05_38_09_25.wav,1JiuDmiuRsbY5AuEk4sINnoH68gHUkaMh,NoStutteredWords,1,False,0,0,0,0,0,1,1288323,1336323,0,0,0,0,1,0,train
segunda_revision,ATMA,2020-05-28_05_38_09,44,ATMA_2020-05-28_05_38_09_44.wav,1J4CvNZpdT554XFrA5nVSqWtjC-b9X3g7,NoStutteredWords,1,False,0,0,0,0,0,1,1995614,2043614,0,0,0,0,0,0,train
segunda_revision,ATMA,2020-05-28_05_38_09,45,ATMA_2020-05-28_05_38_09_45.wav,1JTl02-gSXRjOaMIGWHHT_6eDF-Nroy9Z,Block,1,False,0,0,1,0,0,0,2042629,2090629,0,0,0,0,0,0,train
segunda_revision,ATMA,2020-05-28_05_38_09,46,ATMA_2020-05-28_05_38_09_46.wav,1JSqjbMbEqTa5hAIhqjMhnm9Tw96Cl_kD,Block,1,False,0,0,1,0,0,0,2068326,2116326,0,0,0,0,0,0,train
segunda_revision,ATMA,2020-05-28_05_38_09,48,ATMA_2020-05-28_05_38_09_48.wav,1JBEUFuOXrZA_5hI3l6v9Apmu7x4j12Xe,NoStutteredWords,1,False,0,0,0,0,0,1,2118372,2166372,0,0,0,0,0,0,train
segunda_revision,ATMA,2020-05-28_05_38_09,49,ATMA_2020-05-28_05_38_09_49.wav,1JtuVgIdaUVjFRxggHEmHM91HMLl93ghD,NoStutteredWords,1,False,0,0,0,0,0,1,2159204,2207204,0,0,0,0,0,0,train
segunda_revision,ATMA,2020-05-28_05_38_22,1,ATMA_2020-05-28_05_38_22_1.wav,1HTU-sFFpNbXudv16TP5QuvNlRyha833l,NoStutteredWords,1,False,0,0,0,0,0,1,61130,109130,0,0,0,0,0,0,train
segunda_revision,ATMA,2020-05-28_05_38_22,10,ATMA_2020-05-28_05_38_22_10.wav,1G72tiPJyKVOUGhooFW2g8WvX5fak8Qpo,NoStutteredWords,1,False,0,0,0,0,0,1,515412,563412,0,0,0,1,0,0,train
segunda_revision,ATMA,2020-05-28_05_38_22,15,ATMA_2020-05-28_05_38_22_15.wav,1IbRQN2FdypvktAXR16wqrAdRo7_gb6mg,Block,1,False,0,0,1,0,0,0,742304,790304,0,0,0,0,0,0,train
segunda_revision,ATMA,2020-05-28_05_38_22,18,ATMA_2020-05-28_05_38_22_18.wav,1GEIwZdhs6CMJMnTXsqYJpTplH5CWEnup,Block,1,False,0,0,1,0,0,0,858291,906291,0,0,0,0,0,0,train
segunda_revision,ATMA,2020-05-28_05_38_22,27,ATMA_2020-05-28_05_38_22_27.wav,1HPllg41YWRzfz7z3ypDaJ7dCxZ6_1DVZ,NoStutteredWords,1,False,0,0,0,0,0,1,1277427,1325427,0,0,0,0,0,0,train
segunda_revision,ATMA,2020-05-28_05_38_22,28,ATMA_2020-05-28_05_38_22_28.wav,1G6nxwBFQYgetLqib4oONLZEErgGb0s-n,NoStutteredWords,1,False,0,0,0,0,0,1,1307263,1355263,0,0,0,0,0,0,train
segunda_revision,ATMA,2020-05-28_05_38_22,29,ATMA_2020-05-28_05_38_22_29.wav,1J_NZZgtQZF1W_v-5SCGS0sWSfu1AcvDv,NoStutteredWords,1,False,0,0,0,0,0,1,1358589,1406589,0,0,0,0,0,0,train
segunda_revision,ATMA,2020-05-28_05_38_22,32,ATMA_2020-05-28_05_38_22_32.wav,1HT0vlfi51LO7-unzuh9r7Tp0G6BLdYsW,NoStutteredWords,1,False,0,0,0,0,0,1,1451931,1499931,0,0,0,0,0,0,train
segunda_revision,ATMA,2020-05-28_05_38_22,45,ATMA_2020-05-28_05_38_22_45.wav,1JdWHFJAYVLC-MvnyXatgcuD0mr9AymM4,NoStutteredWords,1,False,0,0,0,0,0,1,1938165,1986165,0,0,0,0,0,0,train
segunda_revision,ATMA,2020-05-28_05_38_22,48,ATMA_2020-05-28_05_38_22_48.wav,1JBDMxeZh58Tf5K_wb1ApT0TEo1Ebgkc-,NoStutteredWords,1,False,0,0,0,0,0,1,2000300,2048300,0,0,0,0,0,0,train
segunda_revision,ATMA,2020-05-28_05_38_22,52,ATMA_2020-05-28_05_38_22_52.wav,1I_BFhs2mhsOdyKbROKaI5Q7Q9RDfdcXr,NoStutteredWords,1,False,0,0,0,0,0,1,2215379,2263379,0,0,0,0,0,0,train
segunda_revision,ATMA,2020-05-28_05_38_22,53,ATMA_2020-05-28_05_38_22_53.wav,1IPDeDFEtqSyD8Os98Orb_bqYvYz8Vk0X,Block,1,False,0,0,1,0,0,0,2260306,2308306,0,0,0,0,0,0,train
segunda_revision,ATMA,2020-05-28_05_38_39,0,ATMA_2020-05-28_05_38_39_0.wav,1Da4BlraXDKNMo2R2FC1xMIuZoVZ7cUc4,Prolongation,1,False,0,0,0,0,1,0,22014,70014,0,0,0,0,0,0,train
segunda_revision,ATMA,2020-05-28_05_38_39,11,ATMA_2020-05-28_05_38_39_11.wav,1FwC_VxwZn-0NceLJr_BHcMIU_5oRdd3a,NoStutteredWords,1,False,0,0,0,0,0,1,618712,666712,1,0,0,0,0,0,train
segunda_revision,ATMA,2020-05-28_05_38_39,15,ATMA_2020-05-28_05_38_39_15.wav,1EDQPOe0I6SfvQ-3KcLVvBiQdDgopPLdB,NoStutteredWords,1,False,0,0,0,0,0,1,790769,838769,0,0,0,0,0,0,train
segunda_revision,ATMA,2020-05-28_05_38_39,16,ATMA_2020-05-28_05_38_39_16.wav,1CtJPzyutOYv0qo8oKi5g3N2YwFnXSDTD,NoStutteredWords,1,False,0,0,0,0,0,1,802810,850810,0,0,0,0,0,0,train
segunda_revision,ATMA,2020-05-28_05_38_39,24,ATMA_2020-05-28_05_38_39_24.wav,1CZ72kquqyDLETMjrgjndSX0OL3Naa57G,Prolongation,1,False,0,0,0,0,1,0,1341371,1389371,0,0,0,0,0,0,train
segunda_revision,ATMA,2020-05-28_05_38_39,26,ATMA_2020-05-28_05_38_39_26.wav,1E5KStb0YCc7LaPVguc1J321LA1IlNa3M,Block,1,False,0,0,1,0,0,0,1417142,1465142,0,0,0,0,0,0,train
segunda_revision,ATMA,2020-05-28_05_38_39,31,ATMA_2020-05-28_05_38_39_31.wav,1Cnk4ajv_Mb61l_3P5aHXGCVJkP4ZUzn5,NoStutteredWords,1,False,0,0,0,0,0,1,1698546,1746546,0,0,0,0,1,0,train
segunda_revision,ATMA,2020-05-28_05_38_39,32,ATMA_2020-05-28_05_38_39_32.wav,1Cb5RaQVQ-HkgFrWkZ-4OpV7383higgA0,SoundRep,1,False,0,0,0,1,0,0,1758563,1806563,0,0,0,0,0,0,train
segunda_revision,ATMA,2020-05-28_05_38_39,35,ATMA_2020-05-28_05_38_39_35.wav,1Cx9s_RNEi0x8qYVIf97LZpQk0CZlPCxa,SoundRep,1,False,0,0,0,1,0,0,1936822,1984822,0,0,0,0,0,0,train
segunda_revision,ATMA,2020-05-28_05_38_39,41,ATMA_2020-05-28_05_38_39_41.wav,1BN9ChnwBB8tveFg1vfR6LcFu_lbtx-u5,NoStutteredWords,1,False,0,0,0,0,0,1,2162599,2210599,0,0,0,0,0,0,train
segunda_revision,ATMA,2020-05-28_05_38_39,44,ATMA_2020-05-28_05_38_39_44.wav,1DVk3shkq9gli2wdqkXq6XPN0WMMY0J9W,NoStutteredWords,1,False,0,0,0,0,0,1,2281502,2329502,0,0,0,0,0,0,train
segunda_revision,LPJM,2020-05-27_03_59_43,2,LPJM_2020-05-27_03_59_43_2.wav,1NbgzYmyxibbbM_ddAbSKjr9DVBkCZ9fx,SoundRep,2,False,0,0,0,1,1,0,120396,168396,0,0,0,0,0,0,train
segunda_revision,LPJM,2020-05-27_03_59_43,8,LPJM_2020-05-27_03_59_43_8.wav,1M7ag7n8zOqc8pkLlu2dQ-A8g37TgvtQS,NoStutteredWords,1,False,0,0,0,0,0,1,539715,587715,0,0,0,0,0,0,train
segunda_revision,LPJM,2020-05-27_03_59_43,9,LPJM_2020-05-27_03_59_43_9.wav,1Nr5t-LI2h2VOLPOotIEmg3Lq5sqiyylU,NoStutteredWords,1,False,0,0,0,0,0,1,669823,717823,0,0,0,1,0,0,train
segunda_revision,LPJM,2020-05-27_05_12_27,8,LPJM_2020-05-27_05_12_27_8.wav,1lksuKYkA8sEye0wrpRndAUc-lWWN-Dds,NoStutteredWords,1,False,0,0,0,0,0,1,1404257,1452257,0,0,0,0,0,0,train
segunda_revision,LPJM,2020-05-27_05_12_27,15,LPJM_2020-05-27_05_12_27_15.wav,1ld432dSL2i3-YYx4QsVGll7idCCSHGH8,NoStutteredWords,1,False,0,0,0,0,0,1,2596995,2644995,0,0,0,1,0,0,train
segunda_revision,LPJM,2020-05-27_05_12_27,18,LPJM_2020-05-27_05_12_27_18.wav,1kanHY6agJkbsb9K4qz9vh__WkeU21WL3,Prolongation,1,False,0,0,0,0,1,0,2861014,2909014,0,0,0,0,0,0,train
segunda_revision,LPJM,2020-05-27_05_12_27,22,LPJM_2020-05-27_05_12_27_22.wav,1kfAeolKi0E4ew_Bv_705q0gwB0MFbzDa,NoStutteredWords,1,False,0,0,0,0,0,1,3254930,3302930,0,0,0,0,0,0,train
segunda_revision,LPJM,2020-05-27_06_56_07,4,LPJM_2020-05-27_06_56_07_4.wav,1rHECg62zysYCAGpRgxrTDtSn_lyGABO6,Block,1,False,0,0,1,0,0,0,324986,372986,0,0,0,0,0,0,train
segunda_revision,LPJM,2020-05-27_06_56_07,5,LPJM_2020-05-27_06_56_07_5.wav,1qcNnrk5v8Xbuz2Km2bkwqcdvkejtvGUt,NoStutteredWords,1,False,0,0,0,0,0,1,436683,484683,0,0,0,0,0,0,train
segunda_revision,LPJM,2020-05-27_06_56_07,9,LPJM_2020-05-27_06_56_07_9.wav,1qUTz49738pLzjF7ODWVImCiusd6UxMj0,NoStutteredWords,1,False,0,0,0,0,0,1,1006542,1054542,0,0,0,0,0,0,train
segunda_revision,LPJM,2020-05-27_08_31_29,2,LPJM_2020-05-27_08_31_29_2.wav,1OOnHnAFn5HrSCDlcd8gTCeV2Qy5k1qJV,NoStutteredWords,1,False,0,0,0,0,0,1,202577,250577,0,0,0,1,0,0,train
segunda_revision,LPJM,2020-05-27_08_31_29,5,LPJM_2020-05-27_08_31_29_5.wav,1Puk9Zmnyqhn-afdOOggUI0gAO5B7Fc23,NoStutteredWords,1,False,0,0,0,0,0,1,384392,432392,0,0,0,0,0,0,train
segunda_revision,LPJM,2020-05-27_08_31_29,12,LPJM_2020-05-27_08_31_29_12.wav,1PhrD9LLQ8Pki7dazENpy1HhwWxgjY_zo,Block,1,False,0,0,1,0,0,0,669801,717801,0,0,0,0,0,0,train
segunda_revision,LPJM,2020-05-27_08_31_29,27,LPJM_2020-05-27_08_31_29_27.wav,1MXY83UIW_LX5d9f98uogXdUmUX4RGxbB,NoStutteredWords,1,False,0,0,0,0,0,1,1273499,1321499,0,0,0,0,0,0,train
segunda_revision,LPJM,2020-05-27_08_31_29,29,LPJM_2020-05-27_08_31_29_29.wav,1PjmS_K57CjNMASo6C87LZ7c1uVQdE8SF,NoStutteredWords,1,False,0,0,0,0,0,1,1385181,1433181,0,0,0,0,0,0,train
segunda_revision,LPJM,2020-05-27_08_31_29,36,LPJM_2020-05-27_08_31_29_36.wav,1O9dFkSL594xGE49sNK_gH-Hph4MHBL9S,NoStutteredWords,1,False,0,0,0,0,0,1,1639438,1687438,0,0,0,0,0,0,train
segunda_revision,LPJM,2020-05-27_08_31_29,38,LPJM_2020-05-27_08_31_29_38.wav,1NlN-_yWOr4T-GNpLatX-98FWKJ-RiRVM,NoStutteredWords,1,False,0,0,0,0,0,1,1757444,1805444,0,0,0,0,0,0,train
segunda_revision,LPJM,2020-05-27_08_31_29,39,LPJM_2020-05-27_08_31_29_39.wav,1NfRHnE9mW7q3vSLNpi_SiAlp721E6Ti8,NoStutteredWords,1,False,0,0,0,0,0,1,1845378,1893378,0,0,0,0,0,0,train
segunda_revision,LPJM,2020-05-27_08_31_29,40,LPJM_2020-05-27_08_31_29_40.wav,1PQFgyyCfeS6ECDnMzTM8SabXC8kvbZSa,Prolongation,1,False,0,0,0,0,1,0,1878471,1926471,0,0,0,0,0,0,train
segunda_revision,LPJM,2020-05-27_08_31_29,48,LPJM_2020-05-27_08_31_29_48.wav,1NSLJtRKZX8q_yg0RurXPKbcuKwudfGiG,NoStutteredWords,1,False,0,0,0,0,0,1,2229965,2277965,0,0,0,0,0,0,train
segunda_revision,LPJM,2020-05-27_08_36_38,16,LPJM_2020-05-27_08_36_38_16.wav,1pYrVN_os_mvp3LYJfrVuUk3Kw1lsXaWJ,NoStutteredWords,1,False,0,0,0,0,0,1,852273,900273,0,0,0,0,0,0,train
segunda_revision,LPJM,2020-05-27_08_36_38,23,LPJM_2020-05-27_08_36_38_23.wav,1pocFnifd1A0-AGmaovA9_ZQTCrZC7Q-s,NoStutteredWords,1,False,0,0,0,0,0,1,1179077,1227077,0,0,0,0,0,0,train
segunda_revision,LPJM,2020-05-27_08_36_38,34,LPJM_2020-05-27_08_36_38_34.wav,1mn-c25A7HPhTq0fVp1x86N1GuZrmxHC2,NoStutteredWords,1,False,0,0,0,0,0,1,1661359,1709359,0,0,0,0,0,0,train
segunda_revision,LPJM,2020-05-27_08_36_38,46,LPJM_2020-05-27_08_36_38_46.wav,1oc2rDEd2i77972EZxEsB36hsLNmhVOQ_,Block,1,False,0,0,1,0,0,0,2282669,2330669,0,0,0,0,0,0,train
segunda_revision,LPJM,2020-05-27_08_36_38,54,LPJM_2020-05-27_08_36_38_54.wav,1nk6gFU4-sChkXh9dFJ6xpboz7qkzCtgX,NoStutteredWords,1,False,0,0,0,0,0,1,2572842,2620842,0,0,0,0,0,0,train
segunda_revision,LPJM,2020-05-27_09_34_40,2,LPJM_2020-05-27_09_34_40_2.wav,1IUpz3OEPZaGtu_DKxBmPF6oGjIK4x8YD,NoStutteredWords,1,False,0,0,0,0,0,1,130442,178442,0,0,0,0,0,0,train
segunda_revision,LPJM,2020-05-27_09_34_40,6,LPJM_2020-05-27_09_34_40_6.wav,1Ib_bY56conFXdl0SKSj3z7Ck5iHbE10-,NoStutteredWords,1,False,0,0,0,0,0,1,317760,365760,0,0,0,0,0,0,train
segunda_revision,LPJM,2020-05-27_09_34_40,25,LPJM_2020-05-27_09_34_40_25.wav,1EykRm9LrIRro-8XyrzKaYAScmX5i2r2S,NoStutteredWords,1,False,0,0,0,0,0,1,1364464,1412464,0,0,0,0,0,0,train
segunda_revision,LPJM,2020-05-27_09_34_40,33,LPJM_2020-05-27_09_34_40_33.wav,1HJFfBsDTkIN2jDagN-iVLqZYXd2Daigk,NoStutteredWords,1,False,0,0,0,0,0,1,1732968,1780968,0,0,0,0,0,0,train
segunda_revision,LPJM,2020-05-27_09_34_40,38,LPJM_2020-05-27_09_34_40_38.wav,1G0stpjVmLY_VNV8p4NwF41NrV5nBzgfB,NoStutteredWords,1,False,0,0,0,0,0,1,2000147,2048147,0,0,0,0,0,0,train
segunda_revision,LPJM,2020-05-27_09_40_28,5,LPJM_2020-05-27_09_40_28_5.wav,1YauU5OeU1ev6Q0LmBRIfqgm1Y4dBb3_J,NoStutteredWords,1,False,0,0,0,0,0,1,276131,324131,0,0,0,0,0,0,train
segunda_revision,LPJM,2020-05-27_09_40_28,12,LPJM_2020-05-27_09_40_28_12.wav,1XeomCA-QYy0YKdRLAra90_bMmQv77FfU,NoStutteredWords,1,False,0,0,0,0,0,1,585642,633642,0,0,0,0,0,0,train
segunda_revision,LPJM,2020-05-27_09_40_28,13,LPJM_2020-05-27_09_40_28_13.wav,1WJuki-s52sFCf7K7kAV3PtKv68H6aVEe,NoStutteredWords,1,False,0,0,0,0,0,1,637162,685162,0,0,0,0,0,0,train
segunda_revision,LPJM,2020-05-27_09_40_28,16,LPJM_2020-05-27_09_40_28_16.wav,1YRKm6nGBZfktwr_EDpZuq11llQjPcD9G,NoStutteredWords,1,False,0,0,0,0,0,1,749074,797074,0,0,0,0,0,0,train
segunda_revision,LPJM,2020-05-27_09_40_28,21,LPJM_2020-05-27_09_40_28_21.wav,1VSlqXFqh-9znLDFBQ_MgHRQpEAI35TkY,NoStutteredWords,1,False,0,0,0,0,0,1,888729,936729,0,0,0,1,0,0,train
segunda_revision,LPJM,2020-05-27_09_40_28,36,LPJM_2020-05-27_09_40_28_36.wav,1YMT4NKqujKhm5AZRSTDO37atHdyg2jh8,NoStutteredWords,1,False,0,0,0,0,0,1,1933986,1981986,0,0,0,0,0,0,train
segunda_revision,LPJM,2020-05-27_09_40_28,38,LPJM_2020-05-27_09_40_28_38.wav,1Yb_BxWVSmvBdlO6-fU_DNJIkUR2zpX73,NoStutteredWords,1,False,0,0,0,0,0,1,2026854,2074854,0,0,0,1,0,0,train
segunda_revision,LPJM,2020-05-27_09_40_28,46,LPJM_2020-05-27_09_40_28_46.wav,1V5IbXdrwaWx2eq07FJBdxiaEwGlXC710,Block,1,False,0,0,1,0,0,0,2441501,2489501,0,0,0,0,0,0,train
segunda_revision,LPJM,2020-05-27_09_40_28,48,LPJM_2020-05-27_09_40_28_48.wav,1ZKOkUs50DmP05O4CJgsBscMKxppRbVcn,NoStutteredWords,1,False,0,0,0,0,0,1,2525152,2573152,0,0,0,1,0,0,train
segunda_revision,LPJM,2020-05-27_09_40_28,52,LPJM_2020-05-27_09_40_28_52.wav,1VUg83iRUC0gFhhN_BIh5AdPvwR9xzrU4,NoStutteredWords,1,False,0,0,0,0,0,1,2774441,2822441,0,0,0,0,0,0,train
segunda_revision,LPJM,2020-05-27_09_43_21,4,LPJM_2020-05-27_09_43_21_4.wav,1c_P4IIkfBii0TclRS807Um7CmWeJ1RDO,NoStutteredWords,1,False,0,0,0,0,0,1,318002,366002,0,0,0,0,0,0,train
segunda_revision,LPJM,2020-05-27_09_43_21,6,LPJM_2020-05-27_09_43_21_6.wav,1bizslxQd_alQAD_jcAckdmdq8N1cBOey,NoStutteredWords,1,False,0,0,0,0,0,1,686657,734657,0,0,0,0,0,0,train
segunda_revision,LPJM,2020-05-27_09_43_21,11,LPJM_2020-05-27_09_43_21_11.wav,1c7gShNaVmRNaJzwmZ8j00DJI096RH53z,Block,1,False,0,0,1,0,0,0,1108257,1156257,0,0,0,0,0,0,train
segunda_revision,LPJM,2020-05-27_09_43_21,29,LPJM_2020-05-27_09_43_21_29.wav,1biXWgh8dxm07sEBgP9WecuHLV0idqbuw,Block,1,False,0,0,1,0,0,0,1795336,1843336,0,0,0,0,0,0,train
segunda_revision,LPJM,2020-05-27_09_43_21,32,LPJM_2020-05-27_09_43_21_32.wav,1co7XXyS0lIktOq7rc8qRVSKzbkNh36CF,NoStutteredWords,1,False,0,0,0,0,0,1,1897042,1945042,0,0,0,0,0,0,train
segunda_revision,LPJM,2020-05-27_09_43_21,35,LPJM_2020-05-27_09_43_21_35.wav,1bzN9sAIi2nmw_aCBbPpjT9DxOSo7neKy,NoStutteredWords,1,False,0,0,0,0,0,1,2051254,2099254,0,0,0,0,0,0,train
segunda_revision,LPJM,2020-05-27_10_10_06,3,LPJM_2020-05-27_10_10_06_3.wav,1pLevGnXt5ElQvIGexSt6zvfmUtleRGjq,NoStutteredWords,1,False,0,0,0,0,0,1,302090,350090,0,0,0,0,0,0,train
segunda_revision,LPJM,2020-05-27_10_10_06,13,LPJM_2020-05-27_10_10_06_13.wav,1oSm0Dw3EsBN1vvgvs-7mgcIh_BG8vzP8,NoStutteredWords,1,False,0,0,0,0,0,1,898872,946872,0,0,0,0,0,0,train
segunda_revision,LPJM,2020-05-27_10_10_06,14,LPJM_2020-05-27_10_10_06_14.wav,1nqOxpuDXPrlXPiW2biW86dlKjyp2hgSI,NoStutteredWords,1,False,0,0,0,0,0,1,931108,979108,0,0,0,0,0,0,train
segunda_revision,LPJM,2020-05-27_10_10_06,17,LPJM_2020-05-27_10_10_06_17.wav,1mPrBj0nwM8FibnNhY03mkAwOAYzDj4oq,NoStutteredWords,1,False,0,0,0,0,0,1,1112789,1160789,0,0,0,0,0,0,train
segunda_revision,LPJM,2020-05-27_10_10_06,25,LPJM_2020-05-27_10_10_06_25.wav,1nzQ4YAVzRSjOjIDTgQxsWSk3_iW_L1Dr,NoStutteredWords,1,False,0,0,0,0,0,1,1786720,1834720,0,0,0,0,0,0,train
segunda_revision,LPJM,2020-05-27_11_10_05,4,LPJM_2020-05-27_11_10_05_4.wav,1uilIm7kUmUMNyWwxBYVy-yDi-KIYAt-R,NoStutteredWords,1,False,0,0,0,0,0,1,253038,301038,0,0,0,0,0,0,train
segunda_revision,LPJM,2020-05-27_11_10_05,5,LPJM_2020-05-27_11_10_05_5.wav,1tGUsY07cJrO9Luh3dce4xTfRDeOO2YFO,NoStutteredWords,1,False,0,0,0,0,0,1,302390,350390,0,0,0,1,0,0,train
segunda_revision,LPJM,2020-05-27_11_10_05,15,LPJM_2020-05-27_11_10_05_15.wav,1uVpM8cRTzcvzgk7SG-7Ou0R0yMvfuxw0,NoStutteredWords,1,False,0,0,0,0,0,1,1050913,1098913,0,0,0,0,0,0,train
segunda_revision,LPJM,2020-05-27_11_10_05,17,LPJM_2020-05-27_11_10_05_17.wav,1uv9tIqkF8_DfYR-L6N6Hr7Gi6-SZQOOj,NoStutteredWords,1,False,0,0,0,0,0,1,1300593,1348593,0,0,0,0,0,0,train
segunda_revision,LPJM,2020-05-27_11_10_05,30,LPJM_2020-05-27_11_10_05_30.wav,1tWtAxdmJvv-sBk8WCm3zp8Zw0EjzVuWN,NoStutteredWords,1,False,0,0,0,0,0,1,2587202,2635202,0,0,0,0,0,0,train
segunda_revision,LPJM,2020-05-28_06_13_35,1,LPJM_2020-05-28_06_13_35_1.wav,1fC_D5cjCyt_3Qy1JLX1oscFLtjxtBAkB,NoStutteredWords,1,False,0,0,0,0,0,1,94854,142854,0,0,0,0,0,0,train
segunda_revision,LPJM,2020-05-28_06_13_35,4,LPJM_2020-05-28_06_13_35_4.wav,1g1CQBCn8g9blVXBtJZ5U0uMlbAY5t2u0,NoStutteredWords,1,False,0,0,0,0,0,1,423979,471979,0,0,0,0,0,0,train
segunda_revision,LPJM,2020-05-28_06_13_35,5,LPJM_2020-05-28_06_13_35_5.wav,1etkHsedb_eWK7J1SwgPyJaROjG_7YtIl,NoStutteredWords,1,False,0,0,0,0,0,1,458977,506977,0,0,0,0,0,0,train
segunda_revision,LPJM,2020-05-28_06_13_35,12,LPJM_2020-05-28_06_13_35_12.wav,1ddANae-REYpxrRDVXOROFpuXdUQ_xeKf,NoStutteredWords,1,False,0,0,0,0,0,1,982626,1030626,0,0,0,0,0,0,train
segunda_revision,LPJM,2020-05-28_06_13_35,23,LPJM_2020-05-28_06_13_35_23.wav,1cvhX_JsIUiobb8eY0GZuBST6LFbBZGlw,NoStutteredWords,1,False,0,0,0,0,0,1,1420202,1468202,0,0,0,0,0,0,train
segunda_revision,LPJM,2020-05-28_06_18_10,7,LPJM_2020-05-28_06_18_10_7.wav,1UY3TDF2_G8qRdahUV--TwAUty3yBdfxm,NoStutteredWords,1,False,0,0,0,0,0,1,542367,590367,0,0,0,1,0,0,train
segunda_revision,LPJM,2020-05-28_07_40_55,1,LPJM_2020-05-28_07_40_55_1.wav,1YSbGsq2g7PXhsj6NBRgilI5vx5UkwXzD,SoundRep,1,False,0,0,0,1,0,0,70456,118456,0,0,0,0,0,0,train
segunda_revision,LPJM,2020-05-28_07_40_55,7,LPJM_2020-05-28_07_40_55_7.wav,1_CO9q1aUl-tzIx3Q7aJpS8vNGP71X8RT,Block,1,False,0,0,1,0,0,0,346500,394500,0,0,0,0,0,0,train
segunda_revision,LPJM,2020-05-28_07_40_55,14,LPJM_2020-05-28_07_40_55_14.wav,1aALJsXBqh5v65ySFPn9Kln8K2-yCkA4R,NoStutteredWords,1,False,0,0,0,0,0,1,677332,725332,0,0,0,0,0,0,train
segunda_revision,LPJM,2020-05-28_07_40_55,21,LPJM_2020-05-28_07_40_55_21.wav,1Zk9dnwU9Dmqd6v-SgXGaLxH9eeLWkKAW,NoStutteredWords,1,False,0,0,0,0,0,1,1002760,1050760,0,0,0,0,0,0,train
segunda_revision,LPJM,2020-05-28_07_40_55,26,LPJM_2020-05-28_07_40_55_26.wav,1_g0hwnUajMTZThk3ErUxhQFejH8KJDpF,NoStutteredWords,1,False,0,0,0,0,0,1,1152485,1200485,0,0,0,0,0,0,train
segunda_revision,LPJM,2020-05-28_07_40_55,35,LPJM_2020-05-28_07_40_55_35.wav,1YzHQGHXgnrKtq6C0mLec_8xCEn7HjXAM,NoStutteredWords,1,False,0,0,0,0,0,1,1772569,1820569,0,0,0,1,0,0,train
segunda_revision,LPJM,2020-05-28_07_45_55,22,LPJM_2020-05-28_07_45_55_22.wav,1WWPZNomqbBQh6Yf84x_mx0nWXFoF22nq,NoStutteredWords,1,False,0,0,0,0,0,1,1204528,1252528,0,0,0,0,0,0,train
segunda_revision,LPJM,2020-05-28_07_45_55,39,LPJM_2020-05-28_07_45_55_39.wav,1Yf6jULthNmbGxahALZNULTnP96m3j2-Z,NoStutteredWords,1,False,0,0,0,0,0,1,1927900,1975900,0,0,0,0,0,0,train
segunda_revision,LPJM,2020-05-28_09_12_02,2,LPJM_2020-05-28_09_12_02_2.wav,1WssWl1vXuWX0BszvoaOmdhwj5DBaS5tO,NoStutteredWords,1,False,0,0,0,0,0,1,88933,136933,0,0,0,0,0,0,train
segunda_revision,LPJM,2020-05-28_09_12_02,21,LPJM_2020-05-28_09_12_02_21.wav,1WaOBY8C32qgv0fDuGPWssi8tj9jLyHA9,NoStutteredWords,1,False,0,0,0,0,0,1,949307,997307,0,0,0,0,0,0,train
segunda_revision,LPJM,2020-05-28_09_12_02,26,LPJM_2020-05-28_09_12_02_26.wav,1YfXKkLtw8Y7Yn5h9TD9sZhs6RrWqrcMu,NoStutteredWords,1,False,0,0,0,0,0,1,1180087,1228087,0,0,0,0,0,0,train
segunda_revision,LPJM,2020-05-28_09_12_02,36,LPJM_2020-05-28_09_12_02_36.wav,1VlZeL5D2xP8D_JKYgOQ8Ws9I6l6egSPM,NoStutteredWords,1,False,0,0,0,0,0,1,1646940,1694940,0,0,0,0,0,0,train
segunda_revision,LPJM,2020-05-28_09_12_02,42,LPJM_2020-05-28_09_12_02_42.wav,1WYXVI52HdUCDLk8_rQEpyOEyJzN5S1X6,NoStutteredWords,1,False,0,0,0,0,0,1,1930828,1978828,0,0,0,0,0,0,train
segunda_revision,LPJM,2020-05-28_09_12_02,49,LPJM_2020-05-28_09_12_02_49.wav,1XzugOk8-960osNIUERS6EAX71kZFa5wq,NoStutteredWords,1,False,0,0,0,0,0,1,2251860,2299860,0,0,0,0,0,0,train
segunda_revision,LPJM,2020-05-28_09_12_02,52,LPJM_2020-05-28_09_12_02_52.wav,1XLbIhwiuTZYa30H22kYSd9Qv9VfsQcIw,NoStutteredWords,1,False,0,0,0,0,0,1,2407228,2455228,0,0,0,0,0,0,train
segunda_revision,LPJM,2020-05-28_09_15_07,5,LPJM_2020-05-28_09_15_07_5.wav,1Gx4WxQGyws0atVW8FTn1QsqIifI1Betm,NoStutteredWords,1,False,0,0,0,0,0,1,315721,363721,0,0,0,0,0,0,train
segunda_revision,LPJM,2020-05-28_09_15_07,10,LPJM_2020-05-28_09_15_07_10.wav,1GaBXDTcAU_gvjkpmUscUJT9IaMHADFsc,NoStutteredWords,1,False,0,0,0,0,0,1,572225,620225,0,0,0,0,0,0,train
segunda_revision,LPJM,2020-05-28_09_15_07,15,LPJM_2020-05-28_09_15_07_15.wav,1FrYGtLqJ5t_77B21MxZ9n4oRgTOeYn4l,NoStutteredWords,1,False,0,0,0,0,0,1,810210,858210,0,0,0,0,0,0,train
segunda_revision,LPJM,2020-05-28_09_15_07,34,LPJM_2020-05-28_09_15_07_34.wav,1F8jgeQBFdZOboZlbZmajXUWxC1vDWWdq,NoStutteredWords,1,False,0,0,0,0,0,1,1616158,1664158,0,0,0,0,0,0,train
segunda_revision,LPJM,2020-05-28_09_15_07,42,LPJM_2020-05-28_09_15_07_42.wav,1GP4gLgbSgcdMDaF2ik-4zmelqNKpTwYz,NoStutteredWords,1,False,0,0,0,0,0,1,1976322,2024322,0,0,0,0,0,0,train
segunda_revision,LPJM,2020-05-28_09_15_07,49,LPJM_2020-05-28_09_15_07_49.wav,1Eo4aS0Oe3LhUn8haZYBxMIg5YU9ZDfmu,NoStutteredWords,1,False,0,0,0,0,0,1,2328667,2376667,0,0,0,0,0,0,train
segunda_revision,LPJM,2020-05-28_09_18_07,4,LPJM_2020-05-28_09_18_07_4.wav,1NkJyEZvayLKbqnrU_-1iNr-pKnFjkciZ,NoStutteredWords,1,False,0,0,0,0,0,1,205492,253492,0,0,0,0,0,0,train
segunda_revision,LPJM,2020-05-28_09_18_07,14,LPJM_2020-05-28_09_18_07_14.wav,1PE3Tsb5Eu2pOMcj45dvvDGJ98_Eo1WlP,NoStutteredWords,1,False,0,0,0,0,0,1,733006,781006,0,0,0,0,0,0,train
segunda_revision,LPJM,2020-05-28_09_18_07,23,LPJM_2020-05-28_09_18_07_23.wav,1OdHOGxUiGgXrK6StQvT16l17CTlknzxb,NoStutteredWords,1,False,0,0,0,0,0,1,1122180,1170180,0,0,0,0,0,0,train
segunda_revision,LPJM,2020-05-28_09_18_07,32,LPJM_2020-05-28_09_18_07_32.wav,1QhGc4ty1Jhby4txegwMp7O01Ok-NXV22,NoStutteredWords,1,False,0,0,0,0,0,1,1427802,1475802,0,0,0,0,0,0,train
segunda_revision,LPJM,2020-05-28_09_18_07,33,LPJM_2020-05-28_09_18_07_33.wav,1PmK76VQKWMHDZMu6uxTOJ2_ScSTgt1Cw,Prolongation,1,False,0,0,0,0,1,0,1454975,1502975,0,0,0,0,0,0,train
segunda_revision,LPJM,2020-05-28_09_18_07,37,LPJM_2020-05-28_09_18_07_37.wav,1R1T1KC25bPuc9dv5Svr6yQ_t-WovTqOk,NoStutteredWords,1,False,0,0,0,0,0,1,1600661,1648661,0,0,0,0,0,0,train
segunda_revision,LPJM,2020-05-28_09_18_07,46,LPJM_2020-05-28_09_18_07_46.wav,1Q8RmldvxADmo90767hT4ZbM-g8_Doy6j,NoStutteredWords,1,False,0,0,0,0,0,1,1999282,2047282,0,0,0,0,0,0,train
segunda_revision,LPJM,2020-05-28_09_18_07,53,LPJM_2020-05-28_09_18_07_53.wav,1PWlQa01MmvqHBM656QMwD5ctVWAEKm_z,NoStutteredWords,1,False,0,0,0,0,0,1,2303598,2351598,0,0,0,0,0,0,train
segunda_revision,LPJM,2020-05-28_09_21_51,3,LPJM_2020-05-28_09_21_51_3.wav,1q_zZc6Zcv85gzHGwElPg9zcrdRWh4_Dw,NoStutteredWords,1,False,0,0,0,0,0,1,178833,226833,0,0,0,0,0,0,train
segunda_revision,LPJM,2020-05-28_09_21_51,25,LPJM_2020-05-28_09_21_51_25.wav,1pE63yjB2eJ36EFJfKfFDKn2FdBZAM6zV,NoStutteredWords,1,False,0,0,0,0,0,1,1348799,1396799,0,0,0,0,0,0,train
segunda_revision,LPJM,2020-05-28_09_21_51,29,LPJM_2020-05-28_09_21_51_29.wav,1qefE5x9dujO_abpnsB2VAopaIrPkxENk,NoStutteredWords,1,False,0,0,0,0,0,1,1565416,1613416,0,0,0,1,0,0,train
segunda_revision,LPJM,2020-05-28_09_21_51,31,LPJM_2020-05-28_09_21_51_31.wav,1omwwF7OfCNU1PFmYDDd2c_S60Qr6lfl0,NoStutteredWords,1,False,0,0,0,0,0,1,1650332,1698332,0,0,0,0,0,0,train
segunda_revision,LPJM,2020-05-28_09_21_51,32,LPJM_2020-05-28_09_21_51_32.wav,1rI0QBlUFQzKljmDUy9ev-shJY4Vxi5l3,NoStutteredWords,1,False,0,0,0,0,0,1,1722092,1770092,0,0,0,0,0,0,train
segunda_revision,LPJM,2020-05-28_09_21_51,37,LPJM_2020-05-28_09_21_51_37.wav,1srDEPPGY9OLhzznRPlxfYMmxUbMhwICR,NoStutteredWords,1,False,0,0,0,0,0,1,1943521,1991521,0,0,0,0,0,0,train
segunda_revision,LPJM,2020-05-28_09_21_51,39,LPJM_2020-05-28_09_21_51_39.wav,1sJPjCRsbCMajXI2-tmRu3DI0kK-tA0WL,NoStutteredWords,1,False,0,0,0,0,0,1,2051320,2099320,0,0,0,0,0,0,train
segunda_revision,LPJM,2020-05-28_09_24_06,5,LPJM_2020-05-28_09_24_06_5.wav,1yhqz3W0FNCeV-MvR9GpRzZxBOMZLUUYt,NoStutteredWords,1,False,0,0,0,0,0,1,237137,285137,0,0,0,0,0,0,train
segunda_revision,LPJM,2020-05-28_09_24_06,7,LPJM_2020-05-28_09_24_06_7.wav,1zDvp_s6Q3xdwiB_Xt4xvg5tYr_Zis23_,NoStutteredWords,1,False,0,0,0,0,0,1,287955,335955,0,0,0,0,0,0,train
segunda_revision,LPJM,2020-05-28_09_24_06,13,LPJM_2020-05-28_09_24_06_13.wav,1x-04w24hVnVGuys1oyOrMYZ2tv6iQOae,NoStutteredWords,1,False,0,0,0,0,0,1,592598,640598,0,0,0,0,0,0,train
segunda_revision,LPJM,2020-05-28_09_24_06,19,LPJM_2020-05-28_09_24_06_19.wav,1wlCFiQ4SK4rYixjrP1J2gA2SZFLbsXLN,NoStutteredWords,1,False,0,0,0,0,0,1,881235,929235,0,0,0,0,0,0,train
segunda_revision,LPJM,2020-05-28_09_24_06,20,LPJM_2020-05-28_09_24_06_20.wav,1y_XqoteAS1jdwoL6KrQ6pccYILwRyuH6,NoStutteredWords,1,False,0,0,0,0,0,1,917287,965287,0,0,0,0,0,0,train
segunda_revision,LPJM,2020-05-28_09_24_06,21,LPJM_2020-05-28_09_24_06_21.wav,1zCAYdlpxO3p0ouLtYfF2Swz01jMUceCo,NoStutteredWords,1,False,0,0,0,0,0,1,942403,990403,0,0,0,0,0,0,train
segunda_revision,LPJM,2020-05-28_09_24_06,28,LPJM_2020-05-28_09_24_06_28.wav,1yq8Q2Wwg6EYRod57m7ZYLBPGBlJtt3OO,NoStutteredWords,1,False,0,0,0,0,0,1,1272826,1320826,0,0,0,0,0,0,train
segunda_revision,LPJM,2020-05-29_07_22_36,4,LPJM_2020-05-29_07_22_36_4.wav,1LTYYBCZB41ERlHahHHsLrvxNQZe2U82Z,NoStutteredWords,1,False,0,0,0,0,0,1,159193,207193,0,0,0,0,0,0,train
segunda_revision,LPJM,2020-05-29_07_22_36,8,LPJM_2020-05-29_07_22_36_8.wav,1KX4ZQtBCN3XfP2u0pnIMkMfDW8Io0yKu,NoStutteredWords,1,False,0,0,0,0,0,1,334251,382251,0,0,0,1,0,0,train
segunda_revision,LPJM,2020-05-29_07_22_36,23,LPJM_2020-05-29_07_22_36_23.wav,1KglgIEM8l5LqfyXd_bDjWarZqSv58bmC,NoStutteredWords,1,False,0,0,0,0,0,1,849822,897822,0,0,0,0,0,0,train
segunda_revision,LPJM,2020-05-29_07_22_36,33,LPJM_2020-05-29_07_22_36_33.wav,1Jan3JZ-rm5lGQVOdO3hSQVE3k_ws7Lo-,NoStutteredWords,1,False,0,0,0,0,0,1,1232740,1280740,0,0,0,0,0,0,train
segunda_revision,LPJM,2020-05-29_07_22_36,36,LPJM_2020-05-29_07_22_36_36.wav,1MhcELfrduDTweAu8QoNdzFqi6piTrYI4,NoStutteredWords,1,False,0,0,0,0,0,1,1362191,1410191,0,0,0,0,0,0,train
segunda_revision,LPJM,2020-05-29_07_22_36,46,LPJM_2020-05-29_07_22_36_46.wav,1KOPysb6u2n4OULvKycQVeVe9OxGE5OwD,NoStutteredWords,1,False,0,0,0,0,0,1,1877403,1925403,0,0,0,0,0,0,train
segunda_revision,LPJM,2020-05-29_07_22_36,47,LPJM_2020-05-29_07_22_36_47.wav,1IFyLEyYtJil5GrMjbYBI2DRu3GpeNVLb,NoStutteredWords,1,False,0,0,0,0,0,1,1896119,1944119,0,0,0,0,0,0,train
segunda_revision,LPJM,2020-05-29_07_22_36,54,LPJM_2020-05-29_07_22_36_54.wav,1MUglRNxMI2oag0i3Lkbhe4myC1I_b5gq,WordRep,1,False,0,1,0,0,0,0,2149246,2197246,0,0,0,0,0,0,train
segunda_revision,LPJM,2020-05-29_07_22_36,55,LPJM_2020-05-29_07_22_36_55.wav,1MBwxgOHn121DjoJlAB1QhixysK2-0XMU,WordRep,1,False,0,1,0,0,0,0,2180722,2228722,0,0,0,0,0,0,train
segunda_revision,LPJM,2020-05-29_07_25_57,3,LPJM_2020-05-29_07_25_57_3.wav,12BxiMNB1QU5RZ-bcgdBuci9Q9kqKuxoT,NoStutteredWords,1,False,0,0,0,0,0,1,97139,145139,0,0,0,0,0,0,train
segunda_revision,LPJM,2020-05-29_07_25_57,8,LPJM_2020-05-29_07_25_57_8.wav,12RYzUInBYxdh5nT-R2wDwU3LdSFjX7Ri,NoStutteredWords,1,False,0,0,0,0,0,1,309433,357433,0,0,0,0,0,0,train
segunda_revision,LPJM,2020-05-29_07_25_57,9,LPJM_2020-05-29_07_25_57_9.wav,11pKWali72c-kzYnBsxZBwJjYNtYMG6FJ,NoStutteredWords,1,False,0,0,0,0,0,1,378278,426278,0,0,0,0,0,0,train
segunda_revision,LPJM,2020-05-29_07_25_57,10,LPJM_2020-05-29_07_25_57_10.wav,14_DT4YAFT5lwOLPRa676M4S6APIGebjm,NoStutteredWords,1,False,0,0,0,0,0,1,417895,465895,0,0,0,0,0,0,train
segunda_revision,LPJM,2020-05-29_07_25_57,19,LPJM_2020-05-29_07_25_57_19.wav,136ZabDM2DxwPWHOWIJvtf9mYditWPXPR,NoStutteredWords,1,False,0,0,0,0,0,1,907155,955155,0,0,0,0,0,0,train
segunda_revision,LPJM,2020-05-29_07_25_57,26,LPJM_2020-05-29_07_25_57_26.wav,11pahYX7i8Fi5kAFECkM7g6DZmvIDdS3K,NoStutteredWords,1,False,0,0,0,0,0,1,1170082,1218082,0,0,0,0,0,0,train
segunda_revision,LPJM,2020-05-29_07_25_57,32,LPJM_2020-05-29_07_25_57_32.wav,12mbTJtv2hF_EZzD-5ypZ1YCSP699iFmQ,NoStutteredWords,1,False,0,0,0,0,0,1,1560338,1608338,0,0,0,0,0,0,train
segunda_revision,LPJM,2020-05-29_07_25_57,41,LPJM_2020-05-29_07_25_57_41.wav,13AzIJiQ76WIlO_fUyyF-EvCOVaDvvwnd,NoStutteredWords,1,False,0,0,0,0,0,1,1940218,1988218,0,0,0,0,0,0,train
segunda_revision,LPJM,2020-05-29_07_25_57,54,LPJM_2020-05-29_07_25_57_54.wav,12t0v2yN9jB6inuwAVo_FHo4VVCWfgrT4,NoStutteredWords,1,False,0,0,0,0,0,1,2395935,2443935,0,0,0,0,0,0,train
segunda_revision,LPJM,2020-05-29_07_29_03,5,LPJM_2020-05-29_07_29_03_5.wav,1i2SEYHCHfSTydP-IPHgFULvkVpHtuozL,NoStutteredWords,1,False,0,0,0,0,0,1,151706,199706,0,0,0,0,0,0,train
segunda_revision,LPJM,2020-05-29_07_29_03,8,LPJM_2020-05-29_07_29_03_8.wav,1m_e3rxnfeqWHPnOiUL-Qm9sGAcvvKiBC,NoStutteredWords,1,False,0,0,0,0,0,1,231433,279433,0,0,0,0,0,0,train
segunda_revision,LPJM,2020-05-29_07_29_03,13,LPJM_2020-05-29_07_29_03_13.wav,1gb3Prktr3j2XHrB_dpcFZOVUceu9M3-5,NoStutteredWords,1,False,0,0,0,0,0,1,455280,503280,0,0,0,0,0,0,train
segunda_revision,LPJM,2020-05-29_07_29_03,21,LPJM_2020-05-29_07_29_03_21.wav,1jUQzrJSuwwlXNEpH811_fMXLq8SRYKPS,NoStutteredWords,1,False,0,0,0,0,0,1,727150,775150,0,0,0,0,0,0,train
segunda_revision,LPJM,2020-05-29_07_29_03,37,LPJM_2020-05-29_07_29_03_37.wav,1jbE8EKavz6o1QhUk_gEqA21j8DYZnYsv,NoStutteredWords,1,False,0,0,0,0,0,1,1443200,1491200,0,0,0,0,0,0,train
segunda_revision,LPJM,2020-05-29_07_32_02,0,LPJM_2020-05-29_07_32_02_0.wav,18y6aXu5pHoCmkQh0HTsI5jngSpYt9e3h,Block,1,False,0,0,1,0,0,0,20468,68468,0,0,0,0,0,0,train
segunda_revision,LPJM,2020-05-29_07_32_02,17,LPJM_2020-05-29_07_32_02_17.wav,18oyNoI2_eeDbBuIws_V60Ty2zIEyu553,Interjection,1,False,1,0,0,0,0,0,672793,720793,0,0,0,0,0,0,train
segunda_revision,LPJM,2020-05-29_07_32_02,38,LPJM_2020-05-29_07_32_02_38.wav,1A6k3cmpMdPBy34lLB99LxpMjLB_zEK3G,NoStutteredWords,1,False,0,0,0,0,0,1,1437755,1485755,0,0,0,0,0,0,train
segunda_revision,LPJM,2020-05-29_07_32_02,42,LPJM_2020-05-29_07_32_02_42.wav,18emqKLM_kQ56WSYpBE25qOJVbaW0jZM0,NoStutteredWords,1,False,0,0,0,0,0,1,1566555,1614555,0,0,0,0,0,0,train
segunda_revision,LPJM,2020-05-29_07_32_02,45,LPJM_2020-05-29_07_32_02_45.wav,17RoanifTh7ge14NkPhD3hW5TIkVeHQ74,NoStutteredWords,1,False,0,0,0,0,0,1,1647944,1695944,0,0,0,1,0,0,train
segunda_revision,LPJM,2020-05-29_07_32_02,60,LPJM_2020-05-29_07_32_02_60.wav,17iaOeb2QwD6QNXMJC_pyGZW_-YPPU5n1,NoStutteredWords,1,False,0,0,0,0,0,1,2270769,2318769,0,0,0,0,0,0,train
segunda_revision,LPJM,2020-05-29_07_32_02,61,LPJM_2020-05-29_07_32_02_61.wav,1AF_OjM5yocWVYCHLdcW-zD1_ieqQH0QT,NoStutteredWords,1,False,0,0,0,0,0,1,2303581,2351581,0,0,0,0,0,0,train
segunda_revision,LPJM,2020-05-29_08_48_53,22,LPJM_2020-05-29_08_48_53_22.wav,1ZvJ7ifpx5ScjK6iIoJFSMUJrTJ2i3eQj,NoStutteredWords,1,False,0,0,0,0,0,1,879515,927515,0,0,0,0,0,0,train
segunda_revision,LPJM,2020-05-29_08_48_53,33,LPJM_2020-05-29_08_48_53_33.wav,1_tUD_h9wkNG-HCt45oCHfeYIxY7d9yMd,Prolongation,1,False,0,0,0,0,1,0,1370920,1418920,0,0,0,0,0,0,train
segunda_revision,LPJM,2020-05-29_08_48_53,53,LPJM_2020-05-29_08_48_53_53.wav,1b-cqqGe0t_rrq3Ft3M8l4-v4hd2r_lX1,Prolongation,1,False,0,0,0,0,1,0,2238981,2286981,0,0,0,0,0,0,train
segunda_revision,LPJM,2020-05-29_08_48_53,59,LPJM_2020-05-29_08_48_53_59.wav,1b54eNI7eZMRzUBEPY22tw3CvcoNkH3-R,NoStutteredWords,1,False,0,0,0,0,0,1,2485549,2533549,0,0,0,0,0,0,train
segunda_revision,LPJM,2020-05-29_08_48_53,64,LPJM_2020-05-29_08_48_53_64.wav,1cAf7a4t4bOvwDofaddRzjIAU334oWuOh,NoStutteredWords,1,False,0,0,0,0,0,1,2743208,2791208,0,0,0,1,0,0,train
segunda_revision,LPJM,2020-05-29_08_52_18,17,LPJM_2020-05-29_08_52_18_17.wav,1rnHa3sesc28pZsFHsZoct-oeChhb1KnB,NoStutteredWords,1,False,0,0,0,0,0,1,879675,927675,0,0,0,0,0,0,train
segunda_revision,LPJM,2020-05-29_08_52_18,28,LPJM_2020-05-29_08_52_18_28.wav,1sfsDphXugscnfhdam5m14jC3uQgBDoIB,NoStutteredWords,1,False,0,0,0,0,0,1,1441862,1489862,0,0,0,0,0,0,train
segunda_revision,LPJM,2020-05-29_08_52_18,49,LPJM_2020-05-29_08_52_18_49.wav,1rp9Onykd-KmvDpHNgY2RXehapEE6lDMT,NoStutteredWords,1,False,0,0,0,0,0,1,2659207,2707207,0,0,0,0,0,0,train
segunda_revision,LPJM,2020-05-29_08_55_56,6,LPJM_2020-05-29_08_55_56_6.wav,1zM3gS7M5jhxdxGi_H379Mh5Bg6ZUmgBC,NoStutteredWords,1,False,0,0,0,0,0,1,279498,327498,0,0,0,0,0,0,train
segunda_revision,LPJM,2020-05-29_08_55_56,12,LPJM_2020-05-29_08_55_56_12.wav,1xZawR3-eFBhUTxsV5X_pZnjhOctG-QwQ,NoStutteredWords,1,False,0,0,0,0,0,1,521173,569173,0,0,0,0,0,0,train
segunda_revision,LPJM,2020-05-29_08_55_56,23,LPJM_2020-05-29_08_55_56_23.wav,1ywW_F0fhXwmtFPOb0RoP2y4a8J5FwNt8,NoStutteredWords,1,False,0,0,0,0,0,1,877712,925712,0,0,0,0,0,0,train
segunda_revision,LPJM,2020-05-29_08_55_56,28,LPJM_2020-05-29_08_55_56_28.wav,1yJDF3LhBdE124T2YxQ0Unb4OyxEwENKa,NoStutteredWords,1,False,0,0,0,0,0,1,1087625,1135625,0,0,0,0,0,0,train
segunda_revision,LPJM,2020-05-29_08_55_56,38,LPJM_2020-05-29_08_55_56_38.wav,1xXRE3cMG5rTGdViQDy4SwvgG9rKmeD0Q,NoStutteredWords,1,False,0,0,0,0,0,1,1351504,1399504,0,0,0,0,0,0,train
segunda_revision,LPJM,2020-05-29_08_55_56,43,LPJM_2020-05-29_08_55_56_43.wav,1ycKVzi4cX7K8JuvWTxp9OzRJkiRSTwJd,NoStutteredWords,1,False,0,0,0,0,0,1,1536641,1584641,0,0,0,0,0,0,train
segunda_revision,LPJM,2020-05-29_08_55_56,52,LPJM_2020-05-29_08_55_56_52.wav,1wvxUdR1KJz3GaMxsegaqD9lG-oeyvgbF,NoStutteredWords,1,False,0,0,0,0,0,1,2041798,2089798,0,0,0,0,0,0,train
segunda_revision,LPJM,2020-05-29_08_55_56,53,LPJM_2020-05-29_08_55_56_53.wav,1z5cuCEMCZA9E0bAHrG0ily95qSp5AZht,NoStutteredWords,1,False,0,0,0,0,0,1,2059110,2107110,0,0,0,0,0,0,train
segunda_revision,LPJM,2020-05-29_08_55_56,68,LPJM_2020-05-29_08_55_56_68.wav,1wYZgOmRCoG5bvwR1-AB_5KQTDBjcsHZS,NoStutteredWords,1,False,0,0,0,0,0,1,2712771,2760771,0,0,0,0,0,0,train
segunda_revision,LPJM,2020-05-29_08_55_56,70,LPJM_2020-05-29_08_55_56_70.wav,1xhpYZYaC1P85q5oUSfp9TFPDe2Hdn0xI,NoStutteredWords,1,False,0,0,0,0,0,1,2787973,2835973,0,0,0,0,0,0,train
segunda_revision,LPJM,2020-05-29_08_58_23,33,LPJM_2020-05-29_08_58_23_33.wav,1i85wNxPLvi0lKhTBt3vow9d3iER-eT6L,NoStutteredWords,1,False,0,0,0,0,0,1,1480776,1528776,0,0,0,0,0,0,train
segunda_revision,LPJM,2020-05-29_08_58_23,36,LPJM_2020-05-29_08_58_23_36.wav,1ivt1M3XSAH3H54DDRAqLdNNqmlcrbq0r,NoStutteredWords,1,False,0,0,0,0,0,1,1593737,1641737,0,0,0,0,0,0,train
segunda_revision,LPJM,2020-05-29_08_58_23,41,LPJM_2020-05-29_08_58_23_41.wav,1hk6ez4H-bxOJ6ZvQ3VXh-cb5Eep9BIVs,NoStutteredWords,1,False,0,0,0,0,0,1,1869200,1917200,0,0,0,0,0,0,train
segunda_revision,LPJM,2020-05-29_09_42_35,5,LPJM_2020-05-29_09_42_35_5.wav,1tGlMpedOT0neOEjtSqo9-JSa70wvyYLa,NoStutteredWords,1,False,0,0,0,0,0,1,310909,358909,0,0,0,0,0,0,train
segunda_revision,LPJM,2020-05-29_09_42_35,6,LPJM_2020-05-29_09_42_35_6.wav,1t-TLv_jN4SW3eSxqpgMQSTdU5bOdyH7i,NoStutteredWords,1,False,0,0,0,0,0,1,353867,401867,0,0,0,0,0,0,train
segunda_revision,LPJM,2020-05-29_09_42_35,7,LPJM_2020-05-29_09_42_35_7.wav,1rPqQNs2KFSUA9GHxdcJb-2K2-WbI86bF,NoStutteredWords,1,False,0,0,0,0,0,1,438623,486623,0,0,0,0,0,0,train
segunda_revision,LPJM,2020-05-29_09_42_35,8,LPJM_2020-05-29_09_42_35_8.wav,1uWCuur4FCG5vxsZwgntHjCIYnHACugCn,NoStutteredWords,1,False,0,0,0,0,0,1,471525,519525,0,0,0,0,0,0,train
segunda_revision,LPJM,2020-05-29_09_42_35,17,LPJM_2020-05-29_09_42_35_17.wav,1sBsQ6vGQKqH6ucGBGO0n9iqRIiDnkLNW,NoStutteredWords,1,False,0,0,0,0,0,1,733037,781037,0,0,0,1,0,0,train
segunda_revision,LPJM,2020-05-29_09_42_35,19,LPJM_2020-05-29_09_42_35_19.wav,1tVMxfHLzXUHhvrDhHf0REEj4Tf2f9Rtb,NoStutteredWords,1,False,0,0,0,0,0,1,900505,948505,0,0,0,0,0,0,train
segunda_revision,LPJM,2020-05-29_09_42_35,28,LPJM_2020-05-29_09_42_35_28.wav,1sTAUvJecNd0YdS-C-uc2rwwHBYFx1eaA,NoStutteredWords,1,False,0,0,0,0,0,1,1176320,1224320,0,0,0,0,0,0,train
segunda_revision,LPJM,2020-05-29_09_42_35,42,LPJM_2020-05-29_09_42_35_42.wav,1sATSG0_LcPpjOJZCMNgN3ESjnrr_pOb_,NoStutteredWords,1,False,0,0,0,0,0,1,1633411,1681411,0,0,0,0,0,0,train
segunda_revision,LPJM,2020-05-29_09_42_35,46,LPJM_2020-05-29_09_42_35_46.wav,1tVFQc_FkN3EbyMyW7-mpc9jqyOoBz7IK,Prolongation,1,False,0,0,0,0,1,0,1743417,1791417,0,0,0,0,0,0,train
segunda_revision,LPJM,2020-05-29_09_42_35,50,LPJM_2020-05-29_09_42_35_50.wav,1rOZj8snNddcOrevTIwlP0gYAgmULFB04,NoStutteredWords,1,False,0,0,0,0,0,1,1904457,1952457,0,0,0,0,0,0,train
segunda_revision,LPJM,2020-05-29_09_42_35,51,LPJM_2020-05-29_09_42_35_51.wav,1uaySn10UWecwR-aiO1Nmr7l88-OMT5zh,WordRep,1,False,0,1,0,0,0,0,1937313,1985313,0,0,0,0,0,0,train
segunda_revision,LPJM,2020-05-29_09_42_35,52,LPJM_2020-05-29_09_42_35_52.wav,1sEYavBH3_PkQrIUTPTSYQvvcnu0zSeNw,NoStutteredWords,1,False,0,0,0,0,0,1,1967060,2015060,0,0,0,0,0,0,train
segunda_revision,LPJM,2020-05-29_09_42_35,53,LPJM_2020-05-29_09_42_35_53.wav,1tJ3n_X7Yy97l3xE8ZcweEnFaoMZ2iymm,NoStutteredWords,1,False,0,0,0,0,0,1,2011210,2059210,0,0,0,0,0,0,train
segunda_revision,LPJM,2020-05-29_09_42_35,56,LPJM_2020-05-29_09_42_35_56.wav,1s6fwR8qAWKbJCDZ-s3T7uB9Yh5K8bYVA,NoStutteredWords,1,False,0,0,0,0,0,1,2125950,2173950,0,0,0,0,0,0,train
segunda_revision,LPJM,2020-05-29_09_42_35,57,LPJM_2020-05-29_09_42_35_57.wav,1uy76a7CB6qbRH_8tkVyF1NtYn_vhNC3w,NoStutteredWords,1,False,0,0,0,0,0,1,2170254,2218254,0,0,0,0,0,0,train
segunda_revision,LPJM,2020-05-29_09_45_05,19,LPJM_2020-05-29_09_45_05_19.wav,1VdorFdmRtQ37iJt4nRS3mTeOEFoOweLD,NoStutteredWords,1,False,0,0,0,0,0,1,774493,822493,0,0,0,0,0,0,train
segunda_revision,LPJM,2020-05-29_09_45_05,20,LPJM_2020-05-29_09_45_05_20.wav,1XsTORKz2gLM9L9X3v-Ja5gZocyB552eu,NoStutteredWords,1,False,0,0,0,0,0,1,821487,869487,0,0,0,0,0,0,train
segunda_revision,LPJM,2020-05-29_09_45_05,47,LPJM_2020-05-29_09_45_05_47.wav,1Xx87IufxZvvjZTdISezAjNDAIC_zICUD,NoStutteredWords,1,False,0,0,0,0,0,1,1819756,1867756,0,0,0,0,0,0,train
segunda_revision,LPJM,2020-05-30_05_48_59,3,LPJM_2020-05-30_05_48_59_3.wav,1TVnYlb1h4UpdUquzcbkTTs1qfUcXggp-,NoStutteredWords,1,False,0,0,0,0,0,1,150596,198596,0,0,0,0,0,0,train
segunda_revision,LPJM,2020-05-30_05_48_59,7,LPJM_2020-05-30_05_48_59_7.wav,1SQTdQ9i6QazN6Qn0zj2eDqa5Qrhhy5e8,NoStutteredWords,1,False,0,0,0,0,0,1,372632,420632,0,0,0,0,0,0,train
segunda_revision,LPJM,2020-05-30_05_48_59,12,LPJM_2020-05-30_05_48_59_12.wav,1SCW3G-zvrtVUfrO1x52FFE3IpMYejL5e,NoStutteredWords,1,False,0,0,0,0,0,1,493888,541888,0,0,0,0,0,0,train
segunda_revision,LPJM,2020-05-30_05_48_59,15,LPJM_2020-05-30_05_48_59_15.wav,1R_9iklkvMqfz87uCiGs8_AhbB6NxcRFl,NoStutteredWords,1,False,0,0,0,0,0,1,655684,703684,0,0,0,0,0,0,train
segunda_revision,LPJM,2020-05-30_05_48_59,18,LPJM_2020-05-30_05_48_59_18.wav,1RNWyy4GDAMM7IdqhmN1o7kQMasJoBZ4E,NoStutteredWords,1,False,0,0,0,0,0,1,839010,887010,0,0,0,0,0,0,train
segunda_revision,LPJM,2020-05-30_05_48_59,23,LPJM_2020-05-30_05_48_59_23.wav,1QLgTqgzoqqcdC1Amm0LzmWjLhqa-3eAH,NoStutteredWords,1,False,0,0,0,0,0,1,1000864,1048864,0,0,0,0,0,0,train
segunda_revision,LPJM,2020-05-30_05_48_59,40,LPJM_2020-05-30_05_48_59_40.wav,1TZ1xUUA_2l5fdK1KZznjK5x0VdK3Hq_e,NoStutteredWords,1,False,0,0,0,0,0,1,1678824,1726824,0,0,0,0,0,0,train
segunda_revision,LPJM,2020-05-30_05_48_59,46,LPJM_2020-05-30_05_48_59_46.wav,1QzvU8PpT-s38ixb61fdR4jywVFflLI8O,WordRep,1,False,0,1,0,0,0,0,1840686,1888686,0,0,0,0,0,0,train
segunda_revision,LPJM,2020-05-30_05_48_59,51,LPJM_2020-05-30_05_48_59_51.wav,1UvyqIVuzVxcxf2c9KzSQCE8C6dEyUkfE,NoStutteredWords,1,False,0,0,0,0,0,1,1986754,2034754,0,0,0,0,0,0,train
segunda_revision,LPJM,2020-05-30_05_48_59,60,LPJM_2020-05-30_05_48_59_60.wav,1SF7rcFF9-EdN3FGHoyIDhpAO10rJCH9p,NoStutteredWords,1,False,0,0,0,0,0,1,2354534,2402534,0,0,0,0,0,0,train
segunda_revision,LPJM,2020-05-30_06_43_22,1,LPJM_2020-05-30_06_43_22_1.wav,1Viyt0Uv8Mn1dd0lfo8ocacX6Ay060hci,NoStutteredWords,1,False,0,0,0,0,0,1,59829,107829,0,0,0,0,0,0,train
segunda_revision,LPJM,2020-05-30_06_43_22,30,LPJM_2020-05-30_06_43_22_30.wav,1V3-MnhgEDrle7C3bPVDq1GsexfzO3t9z,NoStutteredWords,1,False,0,0,0,0,0,1,1330647,1378647,0,0,0,0,0,0,train
segunda_revision,LPJM,2020-05-30_06_43_22,31,LPJM_2020-05-30_06_43_22_31.wav,1UV8t-sSXg2rPn5fCRUP_QSwb1Dni48WN,NoStutteredWords,1,False,0,0,0,0,0,1,1365275,1413275,0,0,0,0,0,0,train
segunda_revision,LPJM,2020-05-30_06_43_22,40,LPJM_2020-05-30_06_43_22_40.wav,1H16rhdQUOFqDDbpVEKOrqMZaWTAF1RDq,NoStutteredWords,1,False,0,0,0,0,0,1,1770180,1818180,0,0,0,0,0,0,train
segunda_revision,LPJM,2020-05-30_06_43_22,43,LPJM_2020-05-30_06_43_22_43.wav,1UaV-RjpQ3Njylju83S1UwqGji9TdvvJ0,NoStutteredWords,1,False,0,0,0,0,0,1,1904008,1952008,0,0,0,0,0,0,train
segunda_revision,LPJM,2020-05-30_06_43_22,44,LPJM_2020-05-30_06_43_22_44.wav,1Gky6bOfYu-45z5zLR4_0J5VFOkhEmvr2,NoStutteredWords,1,False,0,0,0,0,0,1,1943238,1991238,0,0,0,0,0,0,train
segunda_revision,LPJM,2020-05-30_06_43_22,48,LPJM_2020-05-30_06_43_22_48.wav,1H5SlyeK_JATcHQ9XZYCTJxnKf7NDnFQ1,NoStutteredWords,1,False,0,0,0,0,0,1,2076383,2124383,0,0,0,0,0,0,train
segunda_revision,LPJM,2020-05-30_06_43_22,49,LPJM_2020-05-30_06_43_22_49.wav,1UIkSBbDarXY6XWx_aNUGSSQ7DOoMTavx,Block,1,False,0,0,1,0,0,0,2105074,2153074,0,0,0,0,0,0,train
segunda_revision,LPJM,2020-05-30_06_46_07,20,LPJM_2020-05-30_06_46_07_20.wav,1CvtuB_OTbTG0b1K279Y0YQrABvDu2mGo,NoStutteredWords,1,False,0,0,0,0,0,1,928354,976354,0,0,0,0,0,0,train
segunda_revision,LPJM,2020-05-30_06_46_07,28,LPJM_2020-05-30_06_46_07_28.wav,1AVtcnH7t_lLDG4nSJkL8E2STopUuxTN_,NoStutteredWords,1,False,0,0,0,0,0,1,1248376,1296376,0,0,0,0,0,0,train
segunda_revision,LPJM,2020-05-30_07_45_41,7,LPJM_2020-05-30_07_45_41_7.wav,1uy36cZ2lCOWtWwG6o3QILUJvaPER9ZU0,NoStutteredWords,1,False,0,0,0,0,0,1,361671,409671,0,0,0,0,0,0,train
segunda_revision,LPJM,2020-05-30_07_45_41,13,LPJM_2020-05-30_07_45_41_13.wav,1s00yq-6WA4ItOLv4p6o_o1bz4kvFzyC6,NoStutteredWords,1,False,0,0,0,0,0,1,541853,589853,0,0,0,1,0,0,train
segunda_revision,LPJM,2020-05-30_07_45_41,17,LPJM_2020-05-30_07_45_41_17.wav,1sKR-NmHToOBG9SikJuzDDaENwoEGzZHo,NoStutteredWords,1,False,0,0,0,0,0,1,717266,765266,0,0,0,0,0,0,train
segunda_revision,LPJM,2020-05-30_07_45_41,23,LPJM_2020-05-30_07_45_41_23.wav,1twEesZ-r8nRIObjezZfqO286ptTsdrz8,NoStutteredWords,1,False,0,0,0,0,0,1,1016776,1064776,0,0,0,1,0,0,train
segunda_revision,LPJM,2020-05-30_07_45_41,34,LPJM_2020-05-30_07_45_41_34.wav,1tEiPB069l8UUlLYrmQU5KPLReLBuGPo7,NoStutteredWords,1,False,0,0,0,0,0,1,1384714,1432714,0,0,0,0,0,0,train
segunda_revision,LPJM,2020-05-30_07_45_41,48,LPJM_2020-05-30_07_45_41_48.wav,1rocfpoVz5hEJRGzFTjTq4JISfYUTeY7c,Prolongation,1,False,0,0,0,0,1,0,1964490,2012490,0,0,0,0,0,0,train
segunda_revision,LPJM,2020-05-30_07_49_12,2,LPJM_2020-05-30_07_49_12_2.wav,1v0nFyTYtHiT_-o243fpMgBFAyG9xLV0G,NoStutteredWords,1,False,0,0,0,0,0,1,152234,200234,0,0,0,0,0,0,train
segunda_revision,LPJM,2020-05-30_07_49_12,12,LPJM_2020-05-30_07_49_12_12.wav,1xlYK2IlmwR-5GFke-mypYwoC1hPoBl2x,Block,1,False,0,0,1,0,0,0,668463,716463,0,0,0,0,0,0,train
segunda_revision,LPJM,2020-05-30_07_49_12,18,LPJM_2020-05-30_07_49_12_18.wav,1xk6Ceo6kCnMmEf9NjlBOWUZoNzSbKwLn,NoStutteredWords,1,False,0,0,0,0,0,1,939104,987104,0,0,0,0,0,0,train
segunda_revision,LPJM,2020-05-30_07_49_12,28,LPJM_2020-05-30_07_49_12_28.wav,1vTdI0sHfeBHCManAfgcOMwAfQYcXmE9d,Block,1,False,0,0,1,0,0,0,1404534,1452534,0,0,0,0,0,0,train
segunda_revision,LPJM,2020-05-30_07_49_12,38,LPJM_2020-05-30_07_49_12_38.wav,1x6iGZM6fx3aaBRR_o0NElhAJ_nZiIbfu,WordRep,1,False,0,1,0,0,0,0,1815923,1863923,0,0,0,0,0,0,train
segunda_revision,LPJM,2020-05-30_07_49_12,43,LPJM_2020-05-30_07_49_12_43.wav,1wcczdkF9V3uTKfzrokIxPPCefmfOvM17,NoStutteredWords,1,False,0,0,0,0,0,1,2072131,2120131,0,0,0,1,0,0,train
segunda_revision,LPJM,2020-05-30_07_49_12,46,LPJM_2020-05-30_07_49_12_46.wav,1xm16FJGr4g9t4oedKOcmKFN5KzF01MMU,NoStutteredWords,1,False,0,0,0,0,0,1,2193787,2241787,0,0,0,0,0,0,train
segunda_revision,LPJM,2020-05-30_07_49_12,54,LPJM_2020-05-30_07_49_12_54.wav,1xFGkdDa-P0_DSS3FHKl0A5rbTh3wolUO,NoStutteredWords,1,False,0,0,0,0,0,1,2475245,2523245,0,0,0,0,0,0,train
segunda_revision,LPJM,2020-05-30_07_49_12,57,LPJM_2020-05-30_07_49_12_57.wav,1x1Quzk21myU8VIPJCfMfg4BfGvDQdq-a,NoStutteredWords,1,False,0,0,0,0,0,1,2652091,2700091,0,0,0,0,0,0,train
segunda_revision,LPJM,2020-05-30_07_52_49,1,LPJM_2020-05-30_07_52_49_1.wav,1EgZZA2BPENpHtab_qOGMifdToZJyURbV,NoStutteredWords,1,False,0,0,0,0,0,1,72530,120530,0,0,0,0,0,0,train
segunda_revision,LPJM,2020-05-30_07_52_49,7,LPJM_2020-05-30_07_52_49_7.wav,1G2XOFoFgoGvWLmOkSzY5xOt--IrUOdUn,NoStutteredWords,1,False,0,0,0,0,0,1,369725,417725,0,0,0,0,0,0,train
segunda_revision,LPJM,2020-05-30_07_52_49,14,LPJM_2020-05-30_07_52_49_14.wav,1D4cMGmE8ZTpNPOoRr3lyB0VQeSjawIPm,NoStutteredWords,1,False,0,0,0,0,0,1,608105,656105,0,0,0,0,0,0,train
segunda_revision,LPJM,2020-05-30_07_52_49,17,LPJM_2020-05-30_07_52_49_17.wav,1DELUVJK4u1wvm45qiCDKIbIsQmpaV6fj,NoStutteredWords,1,False,0,0,0,0,0,1,811523,859523,0,0,0,0,0,0,train
segunda_revision,LPJM,2020-05-30_07_52_49,24,LPJM_2020-05-30_07_52_49_24.wav,1Ff96FyGKfDJu_yPcRCaFJnCkHDAz-svU,Block,1,False,0,0,1,0,0,0,1037032,1085032,1,0,0,0,0,0,train
segunda_revision,LPJM,2020-05-30_07_52_49,26,LPJM_2020-05-30_07_52_49_26.wav,1F_nb-CfyvT2NSUEDQ7xtpH9hbu-v-bMl,NoStutteredWords,1,False,0,0,0,0,0,1,1145078,1193078,0,0,0,0,0,0,train
segunda_revision,LPJM,2020-05-30_07_52_49,43,LPJM_2020-05-30_07_52_49_43.wav,1E9GxY_jc6J7WemKwTc9pc_eG1s2GXUJs,NoStutteredWords,1,False,0,0,0,0,0,1,1879163,1927163,0,0,0,0,0,0,train
segunda_revision,LPJM,2020-05-30_07_52_49,49,LPJM_2020-05-30_07_52_49_49.wav,1Ea1hQzWNYyqgXc4feddkXLFIT-z417mz,Block,1,False,0,0,1,0,0,0,2085652,2133652,0,0,0,0,0,0,train
segunda_revision,LPJM,2020-05-30_07_52_49,55,LPJM_2020-05-30_07_52_49_55.wav,1CunCAHCxdsLVWeEZE_nOuztrzzMFvyko,NoStutteredWords,1,False,0,0,0,0,0,1,2378835,2426835,0,0,0,0,0,0,train
segunda_revision,LPJM,2020-05-30_07_52_49,60,LPJM_2020-05-30_07_52_49_60.wav,1EGfTl8ulbE93V9xvo2Dxe-UHg_JDBXc0,NoStutteredWords,1,False,0,0,0,0,0,1,2599454,2647454,0,0,0,0,0,0,train
segunda_revision,LPJM,2020-05-30_07_52_49,62,LPJM_2020-05-30_07_52_49_62.wav,1ChbR3reQfc8szGp71fyW54i98cq4DkYU,NoStutteredWords,1,False,0,0,0,0,0,1,2655088,2703088,0,0,0,0,0,0,train
segunda_revision,LPJM,2020-05-30_09_13_25,0,LPJM_2020-05-30_09_13_25_0.wav,1-zpFZVOElFU48bEdgUIecGfc6PRm-YUH,NoStutteredWords,1,False,0,0,0,0,0,1,39515,87515,0,0,0,0,0,0,train
segunda_revision,LPJM,2020-05-30_09_13_25,25,LPJM_2020-05-30_09_13_25_25.wav,11xG_6vT0PD7vdFQ7voIXA5tSsC1kSO2m,NoStutteredWords,1,False,0,0,0,0,0,1,1184944,1232944,0,0,0,0,0,0,train
segunda_revision,LPJM,2020-05-30_09_13_25,26,LPJM_2020-05-30_09_13_25_26.wav,11wiPXWf49LRqos-GGKZ3FKYTeRBtGFX6,NoStutteredWords,1,False,0,0,0,0,0,1,1196075,1244075,0,0,0,0,0,0,train
segunda_revision,LPJM,2020-05-30_09_13_25,31,LPJM_2020-05-30_09_13_25_31.wav,11nXn-tppbJZIn_NAv9COJfNtLL-qao8v,Block,1,False,0,0,1,0,0,0,1391800,1439800,0,0,0,0,0,0,train
segunda_revision,LPJM,2020-05-30_09_13_25,37,LPJM_2020-05-30_09_13_25_37.wav,12MeBVWYvrFdPOf3bA2ApMmi-DXICbyqX,Block,1,False,0,0,1,0,0,0,1684470,1732470,0,0,0,0,0,0,train
segunda_revision,LPJM,2020-05-30_09_13_25,41,LPJM_2020-05-30_09_13_25_41.wav,123PFC_8aKFPr4Wwf_8Lo-e6X3sszVBFs,NoStutteredWords,1,False,0,0,0,0,0,1,1877435,1925435,0,0,0,0,0,0,train
segunda_revision,LPJM,2020-05-30_09_13_25,46,LPJM_2020-05-30_09_13_25_46.wav,1158ML0aHBrt0Ru_OPRsIJyxZH8b2v21V,NoStutteredWords,1,False,0,0,0,0,0,1,2128134,2176134,0,0,0,1,0,0,train
segunda_revision,LPJM,2020-05-30_09_13_25,50,LPJM_2020-05-30_09_13_25_50.wav,10TDLI42fs-f9IqNAynBUI1EUsqPsgmLv,WordRep,1,False,0,1,0,0,0,0,2267570,2315570,0,0,0,0,0,0,train
segunda_revision,LPJM,2020-05-30_09_13_25,60,LPJM_2020-05-30_09_13_25_60.wav,11HzReemBcrqoTNpHZKdkLi3sdzmf9ocR,NoStutteredWords,1,False,0,0,0,0,0,1,2774940,2822940,0,0,0,0,0,0,train
segunda_revision,LPJM,2020-05-30_09_16_30,11,LPJM_2020-05-30_09_16_30_11.wav,1MJhHs1tjZ89XcWA1AAmH1Qj5XYeOIrfo,NoStutteredWords,1,False,0,0,0,0,0,1,500282,548282,0,0,0,0,0,0,train
segunda_revision,LPJM,2020-05-30_09_16_30,15,LPJM_2020-05-30_09_16_30_15.wav,1PL38onSC2CWSgesrp2IqyxZgf-L32NuD,NoStutteredWords,1,False,0,0,0,0,0,1,654835,702835,0,0,0,1,0,0,train
segunda_revision,LPJM,2020-05-30_09_16_30,21,LPJM_2020-05-30_09_16_30_21.wav,1PeFcqhbiJIkNalqGg2GEMMeCVva3ExDv,NoStutteredWords,1,False,0,0,0,0,0,1,815698,863698,0,0,0,0,0,0,train
segunda_revision,LPJM,2020-05-30_09_16_30,35,LPJM_2020-05-30_09_16_30_35.wav,1LLvTw139dxT5AI1l_zEPGGrNwhF3ju5q,NoStutteredWords,1,False,0,0,0,0,0,1,1494652,1542652,0,0,0,0,0,0,train
segunda_revision,LPJM,2020-05-30_09_16_30,40,LPJM_2020-05-30_09_16_30_40.wav,1OSVyyblyUyEXSd-AQqCDZZtJ1wXaV2pB,WordRep,1,False,0,1,0,0,0,0,1773149,1821149,0,0,0,0,0,0,train
segunda_revision,LPJM,2020-05-30_09_16_30,42,LPJM_2020-05-30_09_16_30_42.wav,1PY2pRJFDxnmVNxWLPDf47Y-2qktpWqgM,NoStutteredWords,1,False,0,0,0,0,0,1,1839397,1887397,0,0,0,0,0,0,train
segunda_revision,LPJM,2020-05-30_09_16_30,43,LPJM_2020-05-30_09_16_30_43.wav,1N4-qrRpjxOjDpoR9oohCslCBjSWwhHzK,NoStutteredWords,1,False,0,0,0,0,0,1,1859640,1907640,0,0,0,0,0,0,train
segunda_revision,LPJM,2020-05-30_09_16_30,49,LPJM_2020-05-30_09_16_30_49.wav,1K_zF52Li8-KeYSLlP-z3AKGtGrHgLCUS,NoStutteredWords,1,False,0,0,0,0,0,1,2141874,2189874,0,0,0,0,0,0,train
segunda_revision,LPJM,2020-05-30_09_19_32,12,LPJM_2020-05-30_09_19_32_12.wav,1tW3QIfO9BUuxMfZzarVTXV6q_OtgFeul,NoStutteredWords,1,False,0,0,0,0,0,1,562846,610846,0,0,0,0,0,0,train
segunda_revision,LPJM,2020-05-30_09_19_32,24,LPJM_2020-05-30_09_19_32_24.wav,1tFtSnDI0JWVxLWWKKYtR5A5uJYm_0diU,SoundRep,1,False,0,0,0,1,0,0,1052714,1100714,0,0,0,0,0,0,train
segunda_revision,LPJM,2020-05-30_09_19_32,48,LPJM_2020-05-30_09_19_32_48.wav,1sJ8i7L6EMfy3drqv5eFNKTLtMUFSM22e,NoStutteredWords,1,False,0,0,0,0,0,1,2149464,2197464,0,0,0,0,0,0,train
segunda_revision,LPJM,2020-05-30_09_23_13,13,LPJM_2020-05-30_09_23_13_13.wav,1v5HZchHYTa9YORvgDDMq-Ck-9HSPLKVS,NoStutteredWords,1,False,0,0,0,0,0,1,615828,663828,0,0,0,0,0,0,train
segunda_revision,LPJM,2020-05-30_09_23_13,17,LPJM_2020-05-30_09_23_13_17.wav,1s8SlHaImM15239vG_Y04lwbuLHk2g-Xa,NoStutteredWords,1,False,0,0,0,0,0,1,800243,848243,0,0,0,0,0,0,train
segunda_revision,LPJM,2020-05-30_09_23_13,18,LPJM_2020-05-30_09_23_13_18.wav,1v81UdAi_uf544l0LPFVb7uLA4Qgue-WV,NoStutteredWords,1,False,0,0,0,0,0,1,846600,894600,0,0,0,0,0,0,train
segunda_revision,LPJM,2020-05-30_09_23_13,21,LPJM_2020-05-30_09_23_13_21.wav,1u2iIy435836ZBeOHH5T5CZRiNDSXMPny,NoStutteredWords,1,False,0,0,0,0,0,1,1002147,1050147,0,0,0,0,0,0,train
segunda_revision,LPJM,2020-05-30_09_23_13,22,LPJM_2020-05-30_09_23_13_22.wav,1v8PlBgZnkISbOPcR6LlBnsFV5VDYDQn5,NoStutteredWords,1,False,0,0,0,0,0,1,1070175,1118175,0,0,0,0,0,0,train
segunda_revision,LPJM,2020-05-30_09_23_13,29,LPJM_2020-05-30_09_23_13_29.wav,1wkQLaap8RjNH0LbAP5tKGMNWTe088ZrY,NoStutteredWords,1,False,0,0,0,0,0,1,1399173,1447173,0,0,0,0,0,0,train
segunda_revision,LPJM,2020-05-30_09_23_13,31,LPJM_2020-05-30_09_23_13_31.wav,1vuO7_cW3WC5xFENWk6khadAFe7fqP-Kg,NoStutteredWords,1,False,0,0,0,0,0,1,1431663,1479663,0,0,0,0,0,0,train
segunda_revision,LPJM,2020-05-30_09_23_13,32,LPJM_2020-05-30_09_23_13_32.wav,1vEI7bZYNUTAJwMMnY--6_ZqQQu9J7Ckt,Block,1,False,0,0,1,0,0,0,1460176,1508176,0,0,0,0,0,0,train
segunda_revision,LPJM,2020-05-30_09_23_13,35,LPJM_2020-05-30_09_23_13_35.wav,1uKQYhXUi-NkK7ZmqlWKS77mlwIK3ij0Z,NoStutteredWords,1,False,0,0,0,0,0,1,1594972,1642972,0,0,0,0,0,0,train
segunda_revision,LPJM,2020-05-30_09_23_13,38,LPJM_2020-05-30_09_23_13_38.wav,1wmVKR5U4ajya46xko-mgezzl3aAUN6bC,NoStutteredWords,1,False,0,0,0,0,0,1,1722090,1770090,0,0,0,0,0,0,train
segunda_revision,LPJM,2020-05-30_09_23_13,49,LPJM_2020-05-30_09_23_13_49.wav,1vKKBPieDhrwMQmW2Axiq9irC7M5l8o08,NoStutteredWords,1,False,0,0,0,0,0,1,2170407,2218407,0,0,0,0,0,0,train
segunda_revision,LPJM,2020-05-30_09_23_13,50,LPJM_2020-05-30_09_23_13_50.wav,1uRnmdMo2dRm-HQj41qe2MvIv4v2W43IB,NoStutteredWords,1,False,0,0,0,0,0,1,2218145,2266145,0,0,0,0,0,0,train
segunda_revision,LPJM,2020-05-30_09_23_13,53,LPJM_2020-05-30_09_23_13_53.wav,1vt1SGsYbWereGQpmFinsGw3Arn8a-51A,NoStutteredWords,1,False,0,0,0,0,0,1,2368377,2416377,0,0,0,0,0,0,train
segunda_revision,LPJM,2020-06-01_06_41_55,2,LPJM_2020-06-01_06_41_55_2.wav,1i-smLKKkyBMO3DmgZfxL8hP-ufmrFnEP,NoStutteredWords,1,False,0,0,0,0,0,1,97981,145981,0,0,0,0,0,0,train
segunda_revision,LPJM,2020-06-01_06_41_55,3,LPJM_2020-06-01_06_41_55_3.wav,1gbjyL9L8JXsXrw9-YHsc9XbVyMGQU-3c,NoStutteredWords,1,False,0,0,0,0,0,1,138484,186484,0,0,0,0,0,0,train
segunda_revision,LPJM,2020-06-01_06_41_55,13,LPJM_2020-06-01_06_41_55_13.wav,1folsqF92upO4d33W77FD9olHiVddKljP,NoStutteredWords,1,False,0,0,0,0,0,1,512402,560402,0,0,0,1,0,0,train
segunda_revision,LPJM,2020-06-01_06_41_55,17,LPJM_2020-06-01_06_41_55_17.wav,1j-R4pYeZWsfM-rtzQJ7kzrbimHnWYMsn,NoStutteredWords,1,False,0,0,0,0,0,1,734352,782352,0,0,0,0,0,0,train
segunda_revision,LPJM,2020-06-01_06_41_55,20,LPJM_2020-06-01_06_41_55_20.wav,1iv8ib-GcPWI0mz7JhujBjrJHwqs54Eu4,NoStutteredWords,1,False,0,0,0,0,0,1,859322,907322,0,0,0,0,0,0,train
segunda_revision,LPJM,2020-06-01_06_41_55,23,LPJM_2020-06-01_06_41_55_23.wav,1hG_0AloXz2QC5eYwGCe91A7K56zy9PBb,Prolongation,1,False,0,0,0,0,1,0,953487,1001487,0,0,0,0,0,0,train
segunda_revision,LPJM,2020-06-01_06_41_55,24,LPJM_2020-06-01_06_41_55_24.wav,1hmqUvPuVY_a-gCVXf9DSKRDNOFsYYlUa,WordRep,1,False,0,1,0,0,0,0,984135,1032135,0,0,0,0,0,0,train
segunda_revision,LPJM,2020-06-01_06_41_55,27,LPJM_2020-06-01_06_41_55_27.wav,1gwGRhfT7ZocguWZD7gOEDJvb-68seKED,NoStutteredWords,1,False,0,0,0,0,0,1,1089380,1137380,0,0,0,1,0,0,train
segunda_revision,LPJM,2020-06-01_06_41_55,29,LPJM_2020-06-01_06_41_55_29.wav,1fx_uPTVF7IERaWz-8pGWCrn_Bm025V9t,NoStutteredWords,1,False,0,0,0,0,0,1,1191534,1239534,0,0,0,0,0,0,train
segunda_revision,LPJM,2020-06-01_06_41_55,35,LPJM_2020-06-01_06_41_55_35.wav,1eNqUg4jBr4G9bsBcPSSA7m7fJrgATqcW,NoStutteredWords,1,False,0,0,0,0,0,1,1416087,1464087,0,0,0,0,0,0,train
segunda_revision,LPJM,2020-06-01_06_41_55,36,LPJM_2020-06-01_06_41_55_36.wav,1fbtq6vzaz1tniN--E75ipRvB3gN1Kliv,NoStutteredWords,1,False,0,0,0,0,0,1,1444824,1492824,0,0,0,0,0,0,train
segunda_revision,LPJM,2020-06-01_06_41_55,51,LPJM_2020-06-01_06_41_55_51.wav,1h-bY90d66zr31oQrTAoB1axsQONrzJcM,NoStutteredWords,1,False,0,0,0,0,0,1,2022726,2070726,0,0,0,0,0,0,train
segunda_revision,LPJM,2020-06-01_06_41_55,52,LPJM_2020-06-01_06_41_55_52.wav,1eI03KViaUPZCnZSci1IaYKCI5-5gYOuq,NoStutteredWords,1,False,0,0,0,0,0,1,2071268,2119268,0,0,0,0,0,0,train
segunda_revision,LPJM,2020-06-01_06_41_55,54,LPJM_2020-06-01_06_41_55_54.wav,1fd4tALywXGjhzOEk46ba7lNfHUId1V6e,NoStutteredWords,1,False,0,0,0,0,0,1,2136069,2184069,0,0,0,0,0,0,train
segunda_revision,LPJM,2020-06-01_06_41_55,56,LPJM_2020-06-01_06_41_55_56.wav,1hVso-wCrin6f27vKOepTIh0LoP8QA6Mj,NoStutteredWords,1,False,0,0,0,0,0,1,2182012,2230012,0,0,0,0,0,0,train
segunda_revision,LPJM,2020-06-01_06_41_55,59,LPJM_2020-06-01_06_41_55_59.wav,1gv9mkIVU7mg3btKp9GJNerSejuIEz3Pv,Prolongation,1,False,0,0,0,0,1,0,2265856,2313856,0,0,0,0,0,0,train
segunda_revision,LPJM,2020-06-01_06_41_55,60,LPJM_2020-06-01_06_41_55_60.wav,1g3tahvZA-Gtrv6clrhMg7LNZjNVHNMgL,NoStutteredWords,1,False,0,0,0,0,0,1,2283451,2331451,0,0,0,0,0,0,train
segunda_revision,LPJM,2020-06-01_06_41_55,63,LPJM_2020-06-01_06_41_55_63.wav,1hslfCGWPF9gm6BF13VcpsKAEFs18NpEs,NoStutteredWords,1,False,0,0,0,0,0,1,2388400,2436400,0,0,0,0,0,0,train
segunda_revision,LPJM,2020-06-01_06_45_13,0,LPJM_2020-06-01_06_45_13_0.wav,1EM20bq-016UEmcjcbfy117pPDsFu2lxS,NoStutteredWords,1,False,0,0,0,0,0,1,21408,69408,0,0,0,0,0,0,train
segunda_revision,LPJM,2020-06-01_06_45_13,1,LPJM_2020-06-01_06_45_13_1.wav,1F8d-trbKwMdVNNXOqclb3oFCAqxQJ0Ve,NoStutteredWords,1,False,0,0,0,0,0,1,64969,112969,0,0,0,0,0,0,train
segunda_revision,LPJM,2020-06-01_06_45_13,2,LPJM_2020-06-01_06_45_13_2.wav,1CI-2ytt0rKD26369QsL2-IvXLfMYSETX,NoStutteredWords,1,False,0,0,0,0,0,1,103238,151238,0,0,0,0,0,0,train
segunda_revision,LPJM,2020-06-01_06_45_13,24,LPJM_2020-06-01_06_45_13_24.wav,1CjsOMvBelU8yKoKo4IrQbJpU-7daBhAs,NoStutteredWords,1,False,0,0,0,0,0,1,950994,998994,0,0,0,0,0,0,train
segunda_revision,LPJM,2020-06-01_06_45_13,35,LPJM_2020-06-01_06_45_13_35.wav,1BgvYIQkQNDEA_0oXwJEQsdjdI_zHTtx2,NoStutteredWords,1,False,0,0,0,0,0,1,1395291,1443291,0,0,0,0,0,0,train
segunda_revision,LPJM,2020-06-01_06_45_13,48,LPJM_2020-06-01_06_45_13_48.wav,1CS2rhhDz81XMs6hcq91wCWq8S6rgpDvu,NoStutteredWords,1,False,0,0,0,0,0,1,1856301,1904301,0,0,0,0,0,0,train
segunda_revision,LPJM,2020-06-01_06_45_13,55,LPJM_2020-06-01_06_45_13_55.wav,1D5qEmAdsZCTsr9_qoM8Zw6mh639DBDaJ,NoStutteredWords,1,False,0,0,0,0,0,1,2198261,2246261,0,0,0,0,0,0,train
segunda_revision,LPJM,2020-06-01_07_41_58,0,LPJM_2020-06-01_07_41_58_0.wav,12p4-D_VRorjrfH70OHhV6yMH4WrKj1WM,NoStutteredWords,1,False,0,0,0,0,0,1,30639,78639,0,0,0,1,0,0,train
segunda_revision,LPJM,2020-06-01_07_41_58,9,LPJM_2020-06-01_07_41_58_9.wav,13zyxY0bU8_Pf6NNlA0GV5iN5ReEmo0Mj,NoStutteredWords,1,False,0,0,0,0,0,1,520812,568812,0,0,0,0,0,0,train
segunda_revision,LPJM,2020-06-01_07_41_58,24,LPJM_2020-06-01_07_41_58_24.wav,13-Kn8n4Y0J31YGhmcsjb5Sa41RFxEIBc,NoStutteredWords,1,False,0,0,0,0,0,1,1383967,1431967,0,0,0,0,0,0,train
segunda_revision,LPJM,2020-06-01_07_41_58,27,LPJM_2020-06-01_07_41_58_27.wav,14jdSMbfJ9WHzawNHFm_k9wEOP-ptyeaR,NoStutteredWords,1,False,0,0,0,0,0,1,1455842,1503842,0,0,0,0,0,0,train
segunda_revision,LPJM,2020-06-01_07_41_58,35,LPJM_2020-06-01_07_41_58_35.wav,13zMfCjLHvlzeuZ8JA87p5ljJF-1g7GL0,NoStutteredWords,1,False,0,0,0,0,0,1,1800779,1848779,0,0,0,0,0,0,train
segunda_revision,LPJM,2020-06-01_07_41_58,42,LPJM_2020-06-01_07_41_58_42.wav,16grbEuLiWGWUxkGIGWqPpHUMq6o41MX7,NoStutteredWords,1,False,0,0,0,0,0,1,2154024,2202024,0,0,0,0,0,0,train
segunda_revision,LPJM,2020-06-01_07_41_58,43,LPJM_2020-06-01_07_41_58_43.wav,16mZi8VP4aVgrDLBEVok0oPZZSZ3Pt8Ry,Block,2,False,0,0,1,0,1,0,2192816,2240816,0,0,0,0,0,0,train
segunda_revision,LPJM,2020-06-01_07_41_58,50,LPJM_2020-06-01_07_41_58_50.wav,15WC1Wz1EhAwAIzoEeRV2pe2iGtXNcHDG,NoStutteredWords,1,False,0,0,0,0,0,1,2476299,2524299,0,0,0,0,0,0,train
segunda_revision,LPJM,2020-06-01_07_45_24,29,LPJM_2020-06-01_07_45_24_29.wav,1KLEQomSozmVKwYjttMaHN3ft3guxHo_S,Block,1,False,0,0,1,0,0,0,1364123,1412123,0,0,0,0,0,0,train
segunda_revision,LPJM,2020-06-01_07_45_24,36,LPJM_2020-06-01_07_45_24_36.wav,1Kgua5nXGirvNCYjLqZERTN4A65s5f0kx,NoStutteredWords,1,False,0,0,0,0,0,1,1611450,1659450,0,0,0,0,0,0,train
segunda_revision,LPJM,2020-06-01_07_47_41,0,LPJM_2020-06-01_07_47_41_0.wav,1zwIhv46aJVrJJke2hvLn3VwERQbgDWEC,NoStutteredWords,1,False,0,0,0,0,0,1,25031,73031,0,0,0,0,0,0,train
segunda_revision,LPJM,2020-06-01_07_47_41,4,LPJM_2020-06-01_07_47_41_4.wav,1HNAVoexqAsNmi7XN2zm_V8KTtTUKARai,NoStutteredWords,1,False,0,0,0,0,0,1,244122,292122,0,0,0,0,0,0,train
segunda_revision,LPJM,2020-06-01_07_47_41,14,LPJM_2020-06-01_07_47_41_14.wav,1-l0wKoSJwSKKvtIqRZKS9eFF_FP7P6mT,NoStutteredWords,1,False,0,0,0,0,0,1,640504,688504,0,0,0,0,0,0,train
segunda_revision,LPJM,2020-06-01_07_47_41,20,LPJM_2020-06-01_07_47_41_20.wav,1zs4GB12hnCA1eGeRoKDWuwhVSgh6fs5U,NoStutteredWords,1,False,0,0,0,0,0,1,918232,966232,0,0,0,0,0,0,train
segunda_revision,LPJM,2020-06-01_07_47_41,30,LPJM_2020-06-01_07_47_41_30.wav,1-aRratFhz6rLxJR-LnPqjB1rNcZSAtxU,NoStutteredWords,1,False,0,0,0,0,0,1,1397641,1445641,0,0,0,0,0,0,train
segunda_revision,LPJM,2020-06-01_07_47_41,38,LPJM_2020-06-01_07_47_41_38.wav,1-drvUpIggga-kQVc0qsa6r3Cc7PXqgy_,NoStutteredWords,1,False,0,0,0,0,0,1,1796151,1844151,0,0,0,0,0,0,train
segunda_revision,LPJM,2020-06-01_07_51_21,15,LPJM_2020-06-01_07_51_21_15.wav,1QiDNUypqsBIpa4XFWWbMRUj6S_pT44ao,NoStutteredWords,1,False,0,0,0,0,0,1,847536,895536,0,0,0,0,0,0,train
segunda_revision,LPJM,2020-06-01_07_51_21,20,LPJM_2020-06-01_07_51_21_20.wav,1QQMeRcdz7vgJDpPGJs_CQFXsJvCmzcpJ,NoStutteredWords,1,False,0,0,0,0,0,1,1063717,1111717,0,0,0,0,0,0,train
segunda_revision,LPJM,2020-06-01_07_51_21,27,LPJM_2020-06-01_07_51_21_27.wav,1Om8raCvXZ5BouyUZaEwpo-7p1sJzfhzc,NoStutteredWords,1,False,0,0,0,0,0,1,1362705,1410705,0,0,0,0,0,0,train
segunda_revision,LPJM,2020-06-01_07_51_21,33,LPJM_2020-06-01_07_51_21_33.wav,1PEqyJt3aaY_33dHKlze0qFmHhs4PUGcZ,NoStutteredWords,1,False,0,0,0,0,0,1,1602676,1650676,0,0,0,0,0,0,train
segunda_revision,LPJM,2020-06-01_07_51_21,43,LPJM_2020-06-01_07_51_21_43.wav,1R5sEIf7EkFODvZMW8X_Mq-9OYxJg6Fjo,NoStutteredWords,1,False,0,0,0,0,0,1,2105294,2153294,0,0,0,0,0,0,train
segunda_revision,LPJM,2020-06-01_07_51_21,44,LPJM_2020-06-01_07_51_21_44.wav,1Otni4yp1THucu1jpleXtyo6LzeIPuvDI,NoStutteredWords,1,False,0,0,0,0,0,1,2165128,2213128,0,0,0,0,0,0,train
segunda_revision,LPJM,2020-06-01_07_54_22,6,LPJM_2020-06-01_07_54_22_6.wav,1gaGTIpaBciCsyRoDOEZeSeZVM2DzOvDz,NoStutteredWords,1,False,0,0,0,0,0,1,497817,545817,0,0,0,0,0,0,train
segunda_revision,LPJM,2020-06-01_07_54_22,10,LPJM_2020-06-01_07_54_22_10.wav,1iU_aicJybLGG9AMjRLqQBl_N4PluzcZI,NoStutteredWords,1,False,0,0,0,0,0,1,656039,704039,0,0,0,0,0,0,train
segunda_revision,LPJM,2020-06-01_07_54_22,36,LPJM_2020-06-01_07_54_22_36.wav,1iMlBPtX_CCg3xncd2fURLv6Bh4t6eQMo,NoStutteredWords,1,False,0,0,0,0,0,1,1885984,1933984,0,0,0,0,0,0,train
segunda_revision,LPJM,2020-06-01_07_54_22,38,LPJM_2020-06-01_07_54_22_38.wav,1hv7YCudneqHpxDs0NXcrZeXp_mB1h0_H,Prolongation,1,False,0,0,0,0,1,0,1938149,1986149,0,0,0,0,0,0,train
segunda_revision,LPJM,2020-06-01_07_54_22,47,LPJM_2020-06-01_07_54_22_47.wav,1hs3p_sCRQyO5h8eAoZkYW76wY6CiDOlv,NoStutteredWords,1,False,0,0,0,0,0,1,2333509,2381509,0,0,0,0,0,0,train
segunda_revision,LPJM,2020-06-01_07_54_22,48,LPJM_2020-06-01_07_54_22_48.wav,1hBnSSvYHDVSKlbvtTuJDvirqt0jo8c9Y,NoStutteredWords,1,False,0,0,0,0,0,1,2392611,2440611,0,0,0,0,0,0,train
segunda_revision,LPJM,2020-06-01_09_27_03,2,LPJM_2020-06-01_09_27_03_2.wav,1pR-texROYyMSZtOvidHHWQmfFINAeVO4,NoStutteredWords,1,False,0,0,0,0,0,1,122867,170867,0,0,0,0,0,0,train
segunda_revision,LPJM,2020-06-01_09_27_03,5,LPJM_2020-06-01_09_27_03_5.wav,1o0V1V5Z7hNFjkpCV3H8SNc8HG8cFsXfm,NoStutteredWords,1,False,0,0,0,0,0,1,238951,286951,0,0,0,0,0,0,train
segunda_revision,LPJM,2020-06-01_09_27_03,16,LPJM_2020-06-01_09_27_03_16.wav,1ratI-MlSBM6kCrsp74ioO16uc9OoekNS,NoStutteredWords,1,False,0,0,0,0,0,1,712533,760533,0,0,0,0,0,0,train
segunda_revision,LPJM,2020-06-01_09_27_03,35,LPJM_2020-06-01_09_27_03_35.wav,1oUJHos6FeHY4QBjh-elJtOoheK7xCMRX,NoStutteredWords,1,False,0,0,0,0,0,1,1413266,1461266,0,0,0,0,0,0,train
segunda_revision,LPJM,2020-06-01_09_27_03,36,LPJM_2020-06-01_09_27_03_36.wav,1plxPNcZ5vyznms9Ty70GnNn08SaCsDK9,NoStutteredWords,1,False,0,0,0,0,0,1,1423864,1471864,0,0,0,0,0,0,train
segunda_revision,LPJM,2020-06-01_09_27_03,41,LPJM_2020-06-01_09_27_03_41.wav,1pNwrZPOUBQRhRs9axIOn-yIVB9OcrrFo,NoStutteredWords,1,False,0,0,0,0,0,1,1621553,1669553,0,0,0,0,0,0,train
segunda_revision,LPJM,2020-06-01_09_27_03,44,LPJM_2020-06-01_09_27_03_44.wav,1pRszs6uMawA8NotMdFlO1M0pLXxW98SL,NoStutteredWords,1,False,0,0,0,0,0,1,1721019,1769019,0,0,0,0,0,0,train
segunda_revision,LPJM,2020-06-01_09_30_28,2,LPJM_2020-06-01_09_30_28_2.wav,1fYCsYV5G_7j3L7vv2CbbkAqUjqdq2UTK,SoundRep,2,False,0,0,0,1,1,0,155407,203407,0,0,0,0,0,0,train
segunda_revision,LPJM,2020-06-01_09_30_28,3,LPJM_2020-06-01_09_30_28_3.wav,1frYjIlgIc7oW2fBY-jp7AYj1tRMv75x6,NoStutteredWords,1,False,0,0,0,0,0,1,173650,221650,0,0,0,0,0,0,train
segunda_revision,LPJM,2020-06-01_09_30_28,11,LPJM_2020-06-01_09_30_28_11.wav,1hUZawArqWbnJ65CqXLNJUs5DzKjWiiiL,NoStutteredWords,1,False,0,0,0,0,0,1,473491,521491,0,0,0,0,0,0,train
segunda_revision,LPJM,2020-06-01_09_30_28,12,LPJM_2020-06-01_09_30_28_12.wav,1dDT7uxPc7PmwOZNVc120_Q-qTzVNwAcN,NoStutteredWords,1,False,0,0,0,0,0,1,543807,591807,0,0,0,0,0,0,train
segunda_revision,LPJM,2020-06-01_09_30_28,14,LPJM_2020-06-01_09_30_28_14.wav,1eCaPI-8FvgZaAh_-_4UeKNeuKfdPzZof,SoundRep,1,False,0,0,0,1,0,0,627323,675323,0,0,0,0,0,0,train
segunda_revision,LPJM,2020-06-01_09_30_28,40,LPJM_2020-06-01_09_30_28_40.wav,1iQUSF_Slz_DqNKoDjfn6mqrtFV3uqjIT,NoStutteredWords,1,False,0,0,0,0,0,1,1618451,1666451,0,0,0,0,0,0,train
segunda_revision,LPJM,2020-06-01_09_30_28,53,LPJM_2020-06-01_09_30_28_53.wav,1fqa6NXm2pya-EgurYfuZKvh-J68Iierx,NoStutteredWords,1,False,0,0,0,0,0,1,2075957,2123957,0,0,0,0,0,0,train
segunda_revision,LPJM,2020-06-01_09_30_28,56,LPJM_2020-06-01_09_30_28_56.wav,1fDo5F5KHXIumV4JFf4tUQj6EZeUsvfXA,NoStutteredWords,1,False,0,0,0,0,0,1,2233133,2281133,0,0,0,0,0,0,train
segunda_revision,LPJM,2020-06-01_09_30_28,58,LPJM_2020-06-01_09_30_28_58.wav,1gmSJO240IOFqHdhOTvSZApO4fYPZee6k,NoStutteredWords,1,False,0,0,0,0,0,1,2328575,2376575,0,0,0,0,0,0,train
segunda_revision,LPJM,2020-06-01_09_30_28,59,LPJM_2020-06-01_09_30_28_59.wav,1eNV0r_8ESKLfexVNV1ZnMSdTHRT2uSgI,NoStutteredWords,1,False,0,0,0,0,0,1,2333393,2381393,0,0,0,0,0,0,train
segunda_revision,LPJM,2020-06-01_09_30_28,64,LPJM_2020-06-01_09_30_28_64.wav,1g18h8_HK8DIJpbzpeO1LbjN9DtZhEZnL,Prolongation,1,False,0,0,0,0,1,0,2551788,2599788,0,0,0,0,0,0,train
segunda_revision,LPJM,2020-06-01_09_32_48,0,LPJM_2020-06-01_09_32_48_0.wav,1mqKsLTzAoQafm32PzafGfdSl7YQcw07d,Prolongation,1,False,0,0,0,0,1,0,12467,60467,0,0,0,0,0,0,train
segunda_revision,LPJM,2020-06-01_09_32_48,20,LPJM_2020-06-01_09_32_48_20.wav,1nNEalYBMvUop3jYQV-oFUEcdl2PJRY3J,NoStutteredWords,1,False,0,0,0,0,0,1,903149,951149,0,0,0,0,0,0,train
segunda_revision,LPJM,2020-06-01_09_32_48,25,LPJM_2020-06-01_09_32_48_25.wav,1mv_XcDEFjQZrSK04x0K6foha1UuZ4m5Y,Interjection,1,False,1,0,0,0,0,0,1106474,1154474,0,0,0,0,0,0,train
segunda_revision,LPJM,2020-06-01_09_32_48,28,LPJM_2020-06-01_09_32_48_28.wav,1nxOdHyX0ATk79oYAQeaK8cR8l-fhP_qt,NoStutteredWords,1,False,0,0,0,0,0,1,1255669,1303669,0,0,0,0,0,0,train
segunda_revision,LPJM,2020-06-01_09_32_48,32,LPJM_2020-06-01_09_32_48_32.wav,1lSPCzblxGnu8nVjYYLJhaeUEPuNT5h5T,NoStutteredWords,1,False,0,0,0,0,0,1,1388985,1436985,0,0,0,0,0,0,train
segunda_revision,LPJM,2020-06-01_09_32_48,35,LPJM_2020-06-01_09_32_48_35.wav,1mgLPT7IOrfiACFK2rpYnHzJhtgavfFBQ,NoStutteredWords,1,False,0,0,0,0,0,1,1491759,1539759,0,0,0,0,0,0,train
segunda_revision,LPJM,2020-06-01_09_32_48,37,LPJM_2020-06-01_09_32_48_37.wav,1mb1iX9GGKSIMoQtsHZoAhwAmCfGAlxYF,NoStutteredWords,1,False,0,0,0,0,0,1,1579305,1627305,0,0,0,0,0,0,train
segunda_revision,LPJM,2020-06-02_08_51_36,0,LPJM_2020-06-02_08_51_36_0.wav,13OMj6_hs-2uMes-Ipu8t2zJjQsUT5Daq,NoStutteredWords,1,False,0,0,0,0,0,1,37578,85578,0,0,0,0,0,0,train
segunda_revision,LPJM,2020-06-02_08_51_36,1,LPJM_2020-06-02_08_51_36_1.wav,106OJe9yXt0i14VhhD7zctwK0o_Y90v-G,Interjection,2,False,1,0,0,1,0,0,89557,137557,1,0,0,0,0,0,train
segunda_revision,LPJM,2020-06-02_08_51_36,4,LPJM_2020-06-02_08_51_36_4.wav,11Ed4lBdB7dbGR15nroifqtywuODCApvw,NoStutteredWords,1,False,0,0,0,0,0,1,253357,301357,0,0,0,1,0,0,train
segunda_revision,LPJM,2020-06-02_08_51_36,20,LPJM_2020-06-02_08_51_36_20.wav,124JW7uKN0SS2TLIxAk8QkQbNEzTh59Jv,NoStutteredWords,1,False,0,0,0,0,0,1,937193,985193,0,0,0,0,0,0,train
segunda_revision,LPJM,2020-06-02_08_51_36,39,LPJM_2020-06-02_08_51_36_39.wav,14ShQ3Ttlh0voSdXp618NnSgNo-ctH-zS,NoStutteredWords,1,False,0,0,0,0,0,1,1911785,1959785,0,0,0,0,0,0,train
segunda_revision,LPJM,2020-06-02_08_56_53,3,LPJM_2020-06-02_08_56_53_3.wav,1W_nvTdtBwlBEFrXLZarYvAtbe8CUai1M,NoStutteredWords,1,False,0,0,0,0,0,1,231047,279047,0,0,0,0,0,0,train
segunda_revision,LPJM,2020-06-02_08_56_53,18,LPJM_2020-06-02_08_56_53_18.wav,1ZCI2iln0NkcBY7TLWyyDKA2_rf2nIEcw,SoundRep,1,False,0,0,0,1,0,0,913622,961622,0,0,0,0,0,0,train
segunda_revision,LPJM,2020-06-02_08_56_53,19,LPJM_2020-06-02_08_56_53_19.wav,1YOROUiJVKRabJkL_ld5nP-0Q7ZMATAa8,Block,1,False,0,0,1,0,0,0,988998,1036998,0,0,0,0,0,0,train
segunda_revision,LPJM,2020-06-02_08_56_53,28,LPJM_2020-06-02_08_56_53_28.wav,1YULc1MvA7yKrBjyPsZ99nB7dN4V2Yt-2,NoStutteredWords,1,False,0,0,0,0,0,1,1431693,1479693,0,0,0,0,0,0,train
segunda_revision,LPJM,2020-06-02_08_56_53,35,LPJM_2020-06-02_08_56_53_35.wav,1ZbhvWsF6Fq-yOBcIQg9JnsLxA1rhipYj,NoStutteredWords,1,False,0,0,0,0,0,1,1669187,1717187,0,0,0,0,0,0,train
segunda_revision,LPJM,2020-06-02_09_00_00,5,LPJM_2020-06-02_09_00_00_5.wav,1rPZxdiR0GMsTj4wIcVNf7wxZSa37vFWV,NoStutteredWords,1,False,0,0,0,0,0,1,358040,406040,0,0,0,0,0,0,train
segunda_revision,LPJM,2020-06-02_09_00_00,13,LPJM_2020-06-02_09_00_00_13.wav,1qh4WpwacRubgQCrdBe6EnFmSBVXFjRqu,Block,1,False,0,0,1,0,0,0,823621,871621,0,0,0,0,0,0,train
segunda_revision,LPJM,2020-06-02_09_00_00,14,LPJM_2020-06-02_09_00_00_14.wav,1pjjyxhP5M-n_yDFHMwpHt0u2J5pCBvDk,NoStutteredWords,1,False,0,0,0,0,0,1,853129,901129,0,0,0,0,0,0,train
segunda_revision,LPJM,2020-06-02_09_00_00,19,LPJM_2020-06-02_09_00_00_19.wav,1p3y5QsAtrSYogJlTqwb4uEEU6uPjZcFt,NoStutteredWords,1,False,0,0,0,0,0,1,1061592,1109592,0,0,0,0,0,0,train
segunda_revision,LPJM,2020-06-02_09_00_00,31,LPJM_2020-06-02_09_00_00_31.wav,1qI8OzFJxHYwl40ttBXuu0yaYs32mf3zE,Block,1,False,0,0,1,0,0,0,1562261,1610261,0,0,0,0,0,0,train
segunda_revision,LPJM,2020-06-02_09_00_00,46,LPJM_2020-06-02_09_00_00_46.wav,1omf1s9e05a2KimHXDM0OFgSlgKM5ZMxf,SoundRep,1,False,0,0,0,1,0,0,2250124,2298124,0,0,0,0,0,0,train
segunda_revision,LPJM,2020-06-02_09_03_20,3,LPJM_2020-06-02_09_03_20_3.wav,1CGkk8ErOPaHa85GZu5UbYg5IInWKzmUS,NoStutteredWords,1,False,0,0,0,0,0,1,133169,181169,0,0,0,0,0,0,train
segunda_revision,LPJM,2020-06-02_09_03_20,6,LPJM_2020-06-02_09_03_20_6.wav,19P0Tc8zsNUNgiXBWBXqvj5d1r7zbMebz,NoStutteredWords,1,False,0,0,0,0,0,1,286004,334004,0,0,0,0,0,0,train
segunda_revision,LPJM,2020-06-02_09_03_20,10,LPJM_2020-06-02_09_03_20_10.wav,1BN5ypiWaDWZv7GSv61n5hCd4R7aHWvTj,NoStutteredWords,1,False,0,0,0,0,0,1,488541,536541,0,0,0,0,0,0,train
segunda_revision,LPJM,2020-06-02_09_03_20,13,LPJM_2020-06-02_09_03_20_13.wav,19fL7Dl4IDPmCuZilJOerFr7KEU-v8xdc,NoStutteredWords,1,False,0,0,0,0,0,1,680939,728939,0,0,0,0,0,0,train
segunda_revision,LPJM,2020-06-02_09_03_20,24,LPJM_2020-06-02_09_03_20_24.wav,1B5PF_izqx4-RfhRrWTlVxJKXxVtDub1a,NoStutteredWords,1,False,0,0,0,0,0,1,1225820,1273820,0,0,0,0,0,0,train
segunda_revision,LPJM,2020-06-02_09_03_20,26,LPJM_2020-06-02_09_03_20_26.wav,1AixURj6WCxqs3oaS-Jj0PGnL2zwzgC6J,NoStutteredWords,1,False,0,0,0,0,0,1,1317538,1365538,0,0,0,0,0,0,train
segunda_revision,LPJM,2020-06-02_09_03_20,27,LPJM_2020-06-02_09_03_20_27.wav,19m1zuL3IXhYHVtu5dhpufosp-bqPyO6v,NoStutteredWords,1,False,0,0,0,0,0,1,1351227,1399227,0,0,0,0,0,0,train
segunda_revision,LPJM,2020-06-02_09_03_20,33,LPJM_2020-06-02_09_03_20_33.wav,1Av47qDeX040SgQAEOmT_uW8jNTCyuxF5,NoStutteredWords,1,False,0,0,0,0,0,1,1571029,1619029,0,0,0,0,0,0,train
segunda_revision,LPJM,2020-06-02_09_03_20,36,LPJM_2020-06-02_09_03_20_36.wav,1BrN6D2B3b7aK1-6AGsRGlf_DT4nGXHZh,SoundRep,1,False,0,0,0,1,0,0,1724070,1772070,0,0,0,0,0,0,train
segunda_revision,LPJM,2020-06-02_09_03_20,45,LPJM_2020-06-02_09_03_20_45.wav,1Adx92IUCGFm6jXx1xGdjHIoqrT8Uvbgi,NoStutteredWords,1,False,0,0,0,0,0,1,2087209,2135209,0,0,0,0,0,0,train
segunda_revision,LPJM,2020-06-02_09_03_20,47,LPJM_2020-06-02_09_03_20_47.wav,1A3OCSyFbuywB-LMqL_uyIEYawhQD2q7d,NoStutteredWords,1,False,0,0,0,0,0,1,2186540,2234540,0,0,0,0,0,0,train
segunda_revision,LPJM,2020-06-02_09_03_20,52,LPJM_2020-06-02_09_03_20_52.wav,1BN1ooiT7bQ20-0eIMw6RR26z1RAJ1X69,NoStutteredWords,1,False,0,0,0,0,0,1,2418989,2466989,0,0,0,0,0,0,train
segunda_revision,LPJM,2020-06-02_09_03_20,53,LPJM_2020-06-02_09_03_20_53.wav,19g256ShjX0dqoH9ePTF38RBfgn09zzBr,Prolongation,1,False,0,0,0,0,1,0,2475881,2523881,0,0,0,0,0,0,train
segunda_revision,LPJM,2020-06-02_09_03_20,54,LPJM_2020-06-02_09_03_20_54.wav,19skQ8VeJDobUSUh0B6bGXkW3l_8QHz4f,NoStutteredWords,1,False,0,0,0,0,0,1,2497894,2545894,0,0,0,0,0,0,train
segunda_revision,LPJM,2020-06-02_09_03_20,56,LPJM_2020-06-02_09_03_20_56.wav,1BJx_zEo33vmJ3cXwfOzpy_hVLhCrUaCg,NoStutteredWords,1,False,0,0,0,0,0,1,2568190,2616190,0,0,0,0,0,0,train
segunda_revision,LPJM,2020-06-02_09_06_41,3,LPJM_2020-06-02_09_06_41_3.wav,1AJ0jzcOHfZ00aENDXtKHupzvPMSjRWru,NoStutteredWords,1,False,0,0,0,0,0,1,183073,231073,0,0,0,1,0,0,train
segunda_revision,LPJM,2020-06-02_09_06_41,4,LPJM_2020-06-02_09_06_41_4.wav,18PAK51YMwOEJ8v1ORostiiIY-90ZofZV,Block,1,False,0,0,1,0,0,0,234213,282213,0,0,0,0,0,0,train
segunda_revision,LPJM,2020-06-02_09_06_41,5,LPJM_2020-06-02_09_06_41_5.wav,17zWnIbk-7aOqKdH9PLuZyjcBR6uMDjxa,NoStutteredWords,1,False,0,0,0,0,0,1,307488,355488,0,0,0,0,0,0,train
segunda_revision,LPJM,2020-06-02_09_06_41,18,LPJM_2020-06-02_09_06_41_18.wav,19A-4f4jql-is7o5kBN-eVu_uYPwyMkyk,NoStutteredWords,1,False,0,0,0,0,0,1,812529,860529,0,0,0,0,0,0,train
segunda_revision,LPJM,2020-06-02_09_06_41,19,LPJM_2020-06-02_09_06_41_19.wav,19hYDWTJA7r00J7Ed-uuOGcgfgZ82v82B,NoStutteredWords,1,False,0,0,0,0,0,1,871696,919696,0,0,0,0,0,0,train
segunda_revision,LPJM,2020-06-02_09_06_41,36,LPJM_2020-06-02_09_06_41_36.wav,198aPFz1kUA-vq8YIqEveMUSOfHayQyAR,NoStutteredWords,1,False,0,0,0,0,0,1,1643081,1691081,0,0,0,0,0,0,train
segunda_revision,LPJM,2020-06-02_09_10_13,18,LPJM_2020-06-02_09_10_13_18.wav,1yEoXR8Kai5hxexlzLZQWXPvkJmfYoC44,Prolongation,1,False,0,0,0,0,1,0,920377,968377,0,0,0,0,0,0,train
segunda_revision,LPJM,2020-06-02_09_10_13,21,LPJM_2020-06-02_09_10_13_21.wav,1-mjLy8_nU6nYRqoESgraLYugtQanquH8,Block,1,False,0,0,1,0,0,0,1044206,1092206,0,0,0,0,0,0,train
segunda_revision,LPJM,2020-06-02_09_10_13,33,LPJM_2020-06-02_09_10_13_33.wav,1XNNQ972vw4Wa86izDKzYuko6H1JLkqy4,NoStutteredWords,1,False,0,0,0,0,0,1,1517280,1565280,0,0,0,0,0,0,train
segunda_revision,LPJM,2020-06-02_09_10_13,41,LPJM_2020-06-02_09_10_13_41.wav,1znzO7_uOYPfdhf4qXaI8KlburHceeZcB,NoStutteredWords,1,False,0,0,0,0,0,1,2052109,2100109,0,0,0,0,0,0,train
segunda_revision,LPJM,2020-06-02_09_10_13,42,LPJM_2020-06-02_09_10_13_42.wav,1zFIfOLKlLa2C_acGp3yN5_ueZF_7jib9,NoStutteredWords,1,False,0,0,0,0,0,1,2109664,2157664,0,0,0,0,0,0,train
segunda_revision,LPJM,2020-06-02_09_10_13,53,LPJM_2020-06-02_09_10_13_53.wav,1-mHMfvbswmWuwf-o2DT9nn33up5b3z8K,WordRep,1,False,0,1,0,0,0,0,2656560,2704560,0,0,0,0,0,0,train
segunda_revision,LPJM,2020-06-02_09_10_13,54,LPJM_2020-06-02_09_10_13_54.wav,1sbFI7E_-rH_D58XhdTl7HWb78wlj5IKj,NoStutteredWords,1,False,0,0,0,0,0,1,2698694,2746694,0,0,0,0,0,0,train
segunda_revision,LPJM,2020-06-02_09_13_29,11,LPJM_2020-06-02_09_13_29_11.wav,1U7Qz4rxIv--2j3zzz7EbcAJGTw3sM08i,NoStutteredWords,1,False,0,0,0,0,0,1,697482,745482,0,0,0,0,0,0,train
segunda_revision,LPJM,2020-06-02_09_13_29,16,LPJM_2020-06-02_09_13_29_16.wav,1RGreAfmHP_Qllh4W2uEct0WQK4DB10n7,NoStutteredWords,1,False,0,0,0,0,0,1,1046600,1094600,0,0,0,0,0,0,train
segunda_revision,LPJM,2020-06-02_09_13_29,30,LPJM_2020-06-02_09_13_29_30.wav,1U6-RIe7y-gYv-wf8gn27J1vP-UciA9qW,NoStutteredWords,1,False,0,0,0,0,0,1,1687324,1735324,0,0,0,0,0,0,train
segunda_revision,LPJM,2020-06-02_09_13_29,48,LPJM_2020-06-02_09_13_29_48.wav,1TD-TjOkel3PYs8aagWJuCHmz8325BMXz,NoStutteredWords,1,False,0,0,0,0,0,1,2392334,2440334,0,0,0,0,0,0,train
segunda_revision,LPJM,2020-06-02_09_13_29,49,LPJM_2020-06-02_09_13_29_49.wav,1T-bsmKELAyZR5mcoKwfG-qBbLQlmHFyR,NoStutteredWords,1,False,0,0,0,0,0,1,2469889,2517889,0,0,0,0,0,0,train
segunda_revision,LPJM,2020-06-02_09_13_29,50,LPJM_2020-06-02_09_13_29_50.wav,1RBVD3-xo5GMUixQctCAtnd4S3i8h2d_S,NoStutteredWords,1,False,0,0,0,0,0,1,2511468,2559468,0,0,0,0,0,0,train
segunda_revision,LPJM,2020-06-02_09_16_20,15,LPJM_2020-06-02_09_16_20_15.wav,1NJKSrJZEv9yth6YOfcb66e7VKqr3CkEX,NoStutteredWords,1,False,0,0,0,0,0,1,856061,904061,0,0,0,0,0,0,train
segunda_revision,LPJM,2020-06-02_09_16_20,26,LPJM_2020-06-02_09_16_20_26.wav,1KzQ1j3HDwhqrf9cT20MLSonKvQ3nJ2JQ,Prolongation,1,False,0,0,0,0,1,0,1368567,1416567,0,0,0,0,0,0,train
segunda_revision,LPJM,2020-06-02_09_37_39,0,LPJM_2020-06-02_09_37_39_0.wav,1f1gEk9cqkQ2N90jderXB0ZDRpGxpMUd2,NoStutteredWords,1,False,0,0,0,0,0,1,48087,96087,0,0,0,0,0,0,train
segunda_revision,LPJM,2020-06-02_09_37_39,1,LPJM_2020-06-02_09_37_39_1.wav,1f85O3C5-tolr10qqQCrwm69TqS38bpRZ,NoStutteredWords,1,False,0,0,0,0,0,1,127332,175332,0,0,0,0,0,0,train
segunda_revision,LPJM,2020-06-02_09_37_39,22,LPJM_2020-06-02_09_37_39_22.wav,1glDCKfR48w2mzUI_n0SZpwimfydOzUjk,NoStutteredWords,1,False,0,0,0,0,0,1,993716,1041716,0,0,0,0,0,0,train
segunda_revision,LPJM,2020-06-02_09_37_39,40,LPJM_2020-06-02_09_37_39_40.wav,1fxZPw3T5a_yqLUED6DW6zqIzfxgDnVlt,WordRep,2,False,0,1,0,0,1,0,1876684,1924684,0,0,0,0,0,0,train
segunda_revision,LPJM,2020-06-02_09_37_39,43,LPJM_2020-06-02_09_37_39_43.wav,1eyq7j-1ZdDF4iqnfeH95eXDFLQ3eRHOL,NoStutteredWords,1,False,0,0,0,0,0,1,2016886,2064886,0,0,0,0,0,0,train
segunda_revision,LPJM,2020-06-02_09_41_27,0,LPJM_2020-06-02_09_41_27_0.wav,1aRxfi-x0N5sJf3U4fUy2aZX29Sqqnm3K,NoStutteredWords,1,False,0,0,0,0,0,1,46725,94725,0,0,0,0,0,0,train
segunda_revision,LPJM,2020-06-02_09_41_27,7,LPJM_2020-06-02_09_41_27_7.wav,1bbnWPubGwiAY7UkJg5lcK4o7Sv1tTanO,NoStutteredWords,1,False,0,0,0,0,0,1,484875,532875,0,0,0,0,0,0,train
segunda_revision,LPJM,2020-06-02_09_41_27,12,LPJM_2020-06-02_09_41_27_12.wav,1aSS0fnDM1W-0Mb8gfOtW4PzoU_diEW62,Block,1,False,0,0,1,0,0,0,685102,733102,0,0,0,0,0,0,train
segunda_revision,LPJM,2020-06-02_09_41_27,13,LPJM_2020-06-02_09_41_27_13.wav,1bY-ZEBqo6QBuJ2i15qzfSdtDkqoRAYjX,Block,1,False,0,0,1,0,0,0,701561,749561,0,0,0,0,0,0,train
segunda_revision,LPJM,2020-06-02_09_41_27,17,LPJM_2020-06-02_09_41_27_17.wav,1bF5rKOs3NMcdY-Yat16XmXTf5240UZUA,NoStutteredWords,1,False,0,0,0,0,0,1,849298,897298,0,0,0,0,0,0,train
segunda_revision,LPJM,2020-06-02_09_41_27,27,LPJM_2020-06-02_09_41_27_27.wav,1b_xbgAHo8RFT3qZoAXGS5pGxLeAhQiWV,NoStutteredWords,1,False,0,0,0,0,0,1,1296542,1344542,0,0,0,0,0,0,train
segunda_revision,LPJM,2020-06-03_09_28_57,4,LPJM_2020-06-03_09_28_57_4.wav,14CH8QrzAfh_1BIVMIfGvYsL26Upe4CLl,NoStutteredWords,1,False,0,0,0,0,0,1,210780,258780,0,0,0,1,0,0,train
segunda_revision,LPJM,2020-06-03_09_28_57,9,LPJM_2020-06-03_09_28_57_9.wav,17b8iJoQWJJrLIbX-XwolR-7jhnVgS5-F,Prolongation,1,False,0,0,0,0,1,0,443114,491114,0,0,0,0,0,0,train
segunda_revision,LPJM,2020-06-03_09_28_57,15,LPJM_2020-06-03_09_28_57_15.wav,16_FLWr7n0n0y4LAYc6iXa3f9tg_UemqO,NoStutteredWords,1,False,0,0,0,0,0,1,665280,713280,0,0,0,0,0,0,train
segunda_revision,LPJM,2020-06-03_09_28_57,27,LPJM_2020-06-03_09_28_57_27.wav,17k09m2AcJI1ZILCJIJg7XW8cuqPfJI3-,NoStutteredWords,1,False,0,0,0,0,0,1,1286084,1334084,0,0,0,0,0,0,train
segunda_revision,LPJM,2020-06-03_09_28_57,31,LPJM_2020-06-03_09_28_57_31.wav,15kVdpZ-xqhB13uo5TXyaZda-b1j4lgtM,NoStutteredWords,1,False,0,0,0,0,0,1,1441520,1489520,0,0,0,0,0,0,train
segunda_revision,LPJM,2020-06-03_09_28_57,39,LPJM_2020-06-03_09_28_57_39.wav,17X38q2W5uOxMCb904xDAuCJ10YmUTDn8,NoStutteredWords,1,False,0,0,0,0,0,1,1789064,1837064,0,0,0,0,0,0,train
segunda_revision,LPJM,2020-06-03_09_28_57,42,LPJM_2020-06-03_09_28_57_42.wav,13rp80tCWAV4_pI-PRS_7WmYJur6uzm2r,NoStutteredWords,1,False,0,0,0,0,0,1,1902972,1950972,0,0,0,0,0,0,train
segunda_revision,LPJM,2020-06-03_09_28_57,44,LPJM_2020-06-03_09_28_57_44.wav,16gZZaqu9tzmtrf0WBCQucGL0Er5pU8YB,NoStutteredWords,1,False,0,0,0,0,0,1,2000018,2048018,0,0,0,0,0,0,train
segunda_revision,LPJM,2020-06-03_09_28_57,56,LPJM_2020-06-03_09_28_57_56.wav,13HIq1VTeW-4gdn97qc7ScF6aU5IwNu4O,NoStutteredWords,1,False,0,0,0,0,0,1,2481191,2529191,0,0,0,0,0,0,train
segunda_revision,LPJM,2020-06-03_09_28_57,58,LPJM_2020-06-03_09_28_57_58.wav,16LLsc-u-VA6NaF9r0JI-7W0m6YI1uSIs,NoStutteredWords,1,False,0,0,0,0,0,1,2517160,2565160,0,0,0,0,0,0,train
segunda_revision,LPJM,2020-06-03_09_31_45,6,LPJM_2020-06-03_09_31_45_6.wav,1D7ZgA5zCV4En7BXyGlclt2lLicxnp1Yy,NoStutteredWords,1,False,0,0,0,0,0,1,354655,402655,0,0,0,0,0,0,train
segunda_revision,LPJM,2020-06-03_09_31_45,22,LPJM_2020-06-03_09_31_45_22.wav,1EhPC00Tr2Nnyz86GWPcaMnaUCFkbAdqz,Prolongation,1,False,0,0,0,0,1,0,1083515,1131515,0,0,0,0,0,0,train
segunda_revision,LPJM,2020-06-03_09_31_45,47,LPJM_2020-06-03_09_31_45_47.wav,1FsH-Buivujr1fKZYC6FJOGxTX5uC712-,NoStutteredWords,1,False,0,0,0,0,0,1,2007915,2055915,0,0,0,0,0,0,train
segunda_revision,LPJM,2020-06-03_09_35_06,5,LPJM_2020-06-03_09_35_06_5.wav,1d2S5mREtdfSEZGWomH8z578nghPEbJ2w,NoStutteredWords,1,False,0,0,0,0,0,1,243042,291042,0,0,0,0,0,0,train
segunda_revision,LPJM,2020-06-03_09_35_06,10,LPJM_2020-06-03_09_35_06_10.wav,1bcfO2mzDQ8bwDVinQAlYzHQY16WY1J2z,Block,1,False,0,0,1,0,0,0,403222,451222,0,0,0,0,0,0,train
segunda_revision,LPJM,2020-06-03_09_35_06,12,LPJM_2020-06-03_09_35_06_12.wav,1boINnjUDnqcD_r5CIXZ-JeiP2Trq8EMP,NoStutteredWords,1,False,0,0,0,0,0,1,453960,501960,0,0,0,0,0,0,train
segunda_revision,LPJM,2020-06-03_09_35_06,13,LPJM_2020-06-03_09_35_06_13.wav,1ddqXo5P0UiPEExHk4Jy8qq7uOm2Tb-Xp,NoStutteredWords,1,False,0,0,0,0,0,1,469664,517664,0,0,0,0,0,0,train
segunda_revision,LPJM,2020-06-03_09_35_06,16,LPJM_2020-06-03_09_35_06_16.wav,1dercwiES6mVq1aA4wks3Il_daSO6mMI_,NoStutteredWords,1,False,0,0,0,0,0,1,580455,628455,0,0,0,0,0,0,train
segunda_revision,LPJM,2020-06-03_09_35_06,23,LPJM_2020-06-03_09_35_06_23.wav,1dMzut1f0JlCBrMkWzljx2Xew1kRz2ZhW,NoStutteredWords,1,False,0,0,0,0,0,1,898096,946096,0,0,0,0,0,0,train
segunda_revision,LPJM,2020-06-03_09_35_06,30,LPJM_2020-06-03_09_35_06_30.wav,1ap-G1cdbj2V8fzOGflEmm7Kwc7C2oUA9,NoStutteredWords,1,False,0,0,0,0,0,1,1127624,1175624,0,0,0,0,0,0,train
segunda_revision,LPJM,2020-06-03_09_35_06,33,LPJM_2020-06-03_09_35_06_33.wav,1asNqWejKttcaakcQ1hul51F7IG2WTHex,NoStutteredWords,1,False,0,0,0,0,0,1,1238865,1286865,0,0,0,0,0,0,train
segunda_revision,LPJM,2020-06-03_09_35_06,34,LPJM_2020-06-03_09_35_06_34.wav,1aaMqFFbMTmzhYxZTx6mqjcamzD7-lcV0,NoStutteredWords,1,False,0,0,0,0,0,1,1303586,1351586,0,0,0,0,0,0,train
segunda_revision,LPJM,2020-06-03_09_35_06,39,LPJM_2020-06-03_09_35_06_39.wav,1_KuVnB6v37MSfjdadgyic6iFmx7qiAWQ,NoStutteredWords,1,False,0,0,0,0,0,1,1492059,1540059,0,0,0,0,0,0,train
segunda_revision,LPJM,2020-06-03_09_38_21,0,LPJM_2020-06-03_09_38_21_0.wav,1oxWcNawoMubMgyJzuxoKH_yu0-GETg2q,NoStutteredWords,1,False,0,0,0,0,0,1,35131,83131,0,0,0,0,0,0,train
segunda_revision,LPJM,2020-06-03_09_38_21,31,LPJM_2020-06-03_09_38_21_31.wav,1owDm2Z8q9otvBCzlJDcJ0BZyri3r08qt,NoStutteredWords,1,False,0,0,0,0,0,1,1207938,1255938,0,0,0,0,0,0,train
segunda_revision,LPJM,2020-06-03_09_38_21,38,LPJM_2020-06-03_09_38_21_38.wav,1pHftasvElktteGEUi4YUtI00j-TZU3y2,NoStutteredWords,1,False,0,0,0,0,0,1,1528287,1576287,0,0,0,0,0,0,train
segunda_revision,LPJM,2020-06-03_09_41_10,2,LPJM_2020-06-03_09_41_10_2.wav,1SeEo0q71VlIE52mqsyYgG9sWJNs4yjJU,NoStutteredWords,1,False,0,0,0,0,0,1,179782,227782,0,0,0,0,0,0,train
segunda_revision,LPJM,2020-06-03_09_41_10,14,LPJM_2020-06-03_09_41_10_14.wav,1TqHz_pYNC-YcPz1obSI6HtecrEWwFdYp,NoStutteredWords,1,False,0,0,0,0,0,1,795853,843853,0,0,0,0,0,0,train
segunda_revision,LPJM,2020-06-03_09_41_10,21,LPJM_2020-06-03_09_41_10_21.wav,1Von0k1qe2K_pAqsJEjf_ywpeN5yM_lKu,NoStutteredWords,1,False,0,0,0,0,0,1,1110755,1158755,0,0,0,0,0,0,train
segunda_revision,LPJM,2020-06-03_09_41_10,34,LPJM_2020-06-03_09_41_10_34.wav,1Vj3HOxPWkWNtVZk1KmoVYBIABcuoMncW,Prolongation,1,False,0,0,0,0,1,0,1758498,1806498,0,0,0,0,0,0,train
segunda_revision,LPJM,2020-06-03_09_41_10,39,LPJM_2020-06-03_09_41_10_39.wav,1Sf9JzX-30gSZPDm8JMBCCPyoYezzXhko,NoStutteredWords,1,False,0,0,0,0,0,1,1897153,1945153,0,0,0,0,0,0,train
segunda_revision,LPJM,2020-06-03_09_41_10,40,LPJM_2020-06-03_09_41_10_40.wav,1STKsTpMFeqVq-vTgHmFRYrhrUcweHfXB,NoStutteredWords,1,False,0,0,0,0,0,1,1935675,1983675,0,0,0,0,0,0,train
segunda_revision,LPJM,2020-06-03_09_41_10,45,LPJM_2020-06-03_09_41_10_45.wav,1T_O3iNcX0z5mVI9X-kyRSfc6rRoAiLRH,NoStutteredWords,1,False,0,0,0,0,0,1,2181803,2229803,0,0,0,0,0,0,train
segunda_revision,LPJM,2020-06-03_09_44_45,16,LPJM_2020-06-03_09_44_45_16.wav,14Hq9w_h_CH8Car_MXAaWTUAPmCu3Y1br,NoStutteredWords,1,False,0,0,0,0,0,1,675385,723385,0,0,0,1,0,0,train
segunda_revision,LPJM,2020-06-03_09_44_45,23,LPJM_2020-06-03_09_44_45_23.wav,12brLiDFLVYlly04vtO6zQ4_vGtZnHjpe,NoStutteredWords,1,False,0,0,0,0,0,1,1057885,1105885,0,0,0,0,0,0,train
segunda_revision,LPJM,2020-06-03_09_44_45,24,LPJM_2020-06-03_09_44_45_24.wav,14FgWWaYxQEIzb8ZJdbX5dbjrNgPGM_mA,NoStutteredWords,1,False,0,0,0,0,0,1,1076069,1124069,0,0,0,0,0,0,train
segunda_revision,LPJM,2020-06-03_09_44_45,28,LPJM_2020-06-03_09_44_45_28.wav,13cy3imaR6oP02zqUh1EGoyPcbQRxTxX7,NoStutteredWords,1,False,0,0,0,0,0,1,1237776,1285776,0,0,0,0,0,0,train
segunda_revision,LPJM,2020-06-03_09_44_45,30,LPJM_2020-06-03_09_44_45_30.wav,11pjO4Fe5EhEJBN96oEVViAXRNLjR8V4K,NoStutteredWords,1,False,0,0,0,0,0,1,1349892,1397892,0,0,0,0,0,0,train
segunda_revision,LPJM,2020-06-03_09_44_45,32,LPJM_2020-06-03_09_44_45_32.wav,12yKmx-BJiUU1NEAo_iebHcwvU7fKD_KM,NoStutteredWords,1,False,0,0,0,0,0,1,1434860,1482860,0,0,0,0,0,0,train
segunda_revision,LPJM,2020-06-03_09_44_45,40,LPJM_2020-06-03_09_44_45_40.wav,13Rm144uFMgF9skdVIKJE7f7VNO-XbTy1,NoStutteredWords,1,False,0,0,0,0,0,1,1787015,1835015,0,0,0,0,0,0,train
segunda_revision,LPJM,2020-06-03_09_44_45,42,LPJM_2020-06-03_09_44_45_42.wav,12YnU9JqEBR-2OIcsCXzhpRpkeUC_lxTh,NoStutteredWords,1,False,0,0,0,0,0,1,1859217,1907217,0,0,0,0,0,0,train
segunda_revision,LPJM,2020-06-03_09_50_03,0,LPJM_2020-06-03_09_50_03_0.wav,1EY5OElRA0VlEhKC96GZ1b2nwz-gzk_KG,NoStutteredWords,1,False,0,0,0,0,0,1,36051,84051,0,0,0,0,0,0,train
segunda_revision,LPJM,2020-06-03_09_50_03,1,LPJM_2020-06-03_09_50_03_1.wav,1FJw8abols0oCpbPepewF_qKzJniShXtG,NoStutteredWords,1,False,0,0,0,0,0,1,61235,109235,0,0,0,0,0,0,train
segunda_revision,LPJM,2020-06-03_09_50_03,2,LPJM_2020-06-03_09_50_03_2.wav,1EdpMY9C9JtC_jGEGNgfq19Xllv26kkYz,NoStutteredWords,1,False,0,0,0,0,0,1,92398,140398,0,0,0,0,0,0,train
segunda_revision,LPJM,2020-06-03_09_50_03,6,LPJM_2020-06-03_09_50_03_6.wav,1GP333VcPFJ4hU0f1mpUWrTSVogA-KUHx,NoStutteredWords,1,False,0,0,0,0,0,1,292995,340995,0,0,0,0,0,0,train
segunda_revision,LPJM,2020-06-03_09_50_03,18,LPJM_2020-06-03_09_50_03_18.wav,1F-YaLazNeumEyDzFHC_ZF9rUrP41zajf,NoStutteredWords,1,False,0,0,0,0,0,1,851836,899836,0,0,0,0,0,0,train
segunda_revision,LPJM,2020-06-03_09_50_03,21,LPJM_2020-06-03_09_50_03_21.wav,1FqRE0_UuTSrf70eLASYB8gu4uK721z6I,NoStutteredWords,1,False,0,0,0,0,0,1,992887,1040887,0,0,0,0,0,0,train
segunda_revision,LPJM,2020-06-03_09_50_03,22,LPJM_2020-06-03_09_50_03_22.wav,1EKBEwWLjPgOvKBequzqaBmNHhOyq63-L,NoStutteredWords,1,False,0,0,0,0,0,1,1063192,1111192,0,0,0,0,0,0,train
segunda_revision,LPJM,2020-06-03_09_50_03,37,LPJM_2020-06-03_09_50_03_37.wav,1DaNZnR1bk_g-sx2dA9iQ1rWr-I-FLpsX,NoStutteredWords,1,False,0,0,0,0,0,1,1723388,1771388,0,0,0,0,0,0,train
segunda_revision,LPJM,2020-06-03_09_50_03,39,LPJM_2020-06-03_09_50_03_39.wav,1FCrhe08ak8BHqwh5U3vy7tw51wej-Hfa,NoStutteredWords,1,False,0,0,0,0,0,1,1796873,1844873,0,0,0,0,0,0,train
segunda_revision,LPJM,2020-06-03_09_50_03,49,LPJM_2020-06-03_09_50_03_49.wav,1Fu0XGg9GE2wYPizGt_BWNkLWWelWF_Wz,NoStutteredWords,1,False,0,0,0,0,0,1,2267433,2315433,0,0,0,0,0,0,train
segunda_revision,LPJM,2020-06-03_09_50_03,51,LPJM_2020-06-03_09_50_03_51.wav,1FZO6r7bsq4KC6A0c49pz8rCC6B9_l3qU,NoStutteredWords,1,False,0,0,0,0,0,1,2337961,2385961,0,0,0,0,0,0,train
segunda_revision,LPJM,2020-06-03_09_52_34,2,LPJM_2020-06-03_09_52_34_2.wav,1TwX7knIg8kgif6As6TNL5BtqphCoZ3_N,NoStutteredWords,1,False,0,0,0,0,0,1,150589,198589,0,0,0,0,0,0,train
segunda_revision,LPJM,2020-06-03_09_52_34,19,LPJM_2020-06-03_09_52_34_19.wav,1T3NZ0i2HRTiy0M9jsL7ZwOAjSdslB-bQ,NoStutteredWords,1,False,0,0,0,0,0,1,1025765,1073765,0,0,0,0,0,0,train
segunda_revision,LPJM,2020-06-03_09_52_34,42,LPJM_2020-06-03_09_52_34_42.wav,1UDmIXoFDVpIPaXEqFgVqkaLYaOFGxnrh,NoStutteredWords,1,False,0,0,0,0,0,1,1975784,2023784,0,0,0,0,0,0,train
segunda_revision,LPJM,2020-06-03_09_55_45,1,LPJM_2020-06-03_09_55_45_1.wav,1bzmev5Tli3B47rXJVzvWIU2fRETSttJZ,NoStutteredWords,1,False,0,0,0,0,0,1,98276,146276,0,0,0,0,0,0,train
segunda_revision,LPJM,2020-06-03_09_55_45,11,LPJM_2020-06-03_09_55_45_11.wav,1_yWU8Xg05YD5N5H3QCAyD-qejR5kSV3d,NoStutteredWords,1,False,0,0,0,0,0,1,562102,610102,0,0,0,0,0,0,train
segunda_revision,LPJM,2020-06-03_09_55_45,18,LPJM_2020-06-03_09_55_45_18.wav,1bdhHhZicUYmTSoQrq5BSkCppCS0rdQ12,NoStutteredWords,1,False,0,0,0,0,0,1,869594,917594,0,0,0,0,0,0,train
segunda_revision,LPJM,2020-06-03_09_55_45,50,LPJM_2020-06-03_09_55_45_50.wav,1cxDtjbb49jh6OcXqVAGBU6l4yJwh5iSp,NoStutteredWords,1,False,0,0,0,0,0,1,2143314,2191314,0,0,0,0,0,0,train
segunda_revision,LPJM,2020-06-03_09_55_45,58,LPJM_2020-06-03_09_55_45_58.wav,1cMm4oLe5_uLcdUyXvwWh5TXKTSyEZbQp,Block,1,False,0,0,1,0,0,0,2447849,2495849,0,0,0,0,0,0,train
segunda_revision,LPJM,2020-06-03_09_58_27,2,LPJM_2020-06-03_09_58_27_2.wav,1mzNdMVtgwxGLvp8gIhK6UMGxbesGK5px,Block,1,False,0,0,1,0,0,0,120837,168837,0,0,0,0,0,0,train
segunda_revision,LPJM,2020-06-03_09_58_27,10,LPJM_2020-06-03_09_58_27_10.wav,1jY7mfnuHPn269eVuL5IPtl5yLK9Id6EI,NoStutteredWords,1,False,0,0,0,0,0,1,484616,532616,0,0,0,0,0,0,train
segunda_revision,LPJM,2020-06-03_09_58_27,18,LPJM_2020-06-03_09_58_27_18.wav,1mS8AkayDiO7ZF5__a2ixdBQAbqa1aoFo,NoStutteredWords,1,False,0,0,0,0,0,1,920070,968070,0,0,0,0,0,0,train
segunda_revision,LPJM,2020-06-03_09_58_27,20,LPJM_2020-06-03_09_58_27_20.wav,1l1otf9vE7ZKUcYCgBY88mwB0havzd5z6,Prolongation,1,False,0,0,0,0,1,0,987614,1035614,0,0,0,0,0,0,train
segunda_revision,LPJM,2020-06-03_09_58_27,23,LPJM_2020-06-03_09_58_27_23.wav,1lmMd_omO0IgVpigPcJqm7SSCxQcAe5Ip,NoStutteredWords,1,False,0,0,0,0,0,1,1110614,1158614,0,0,0,0,0,0,train
segunda_revision,LPJM,2020-06-03_09_58_27,25,LPJM_2020-06-03_09_58_27_25.wav,1loBmv9-VlvLSwe1U40q3uCSqm_Cx6dOx,NoStutteredWords,1,False,0,0,0,0,0,1,1192544,1240544,0,0,0,1,0,0,train
segunda_revision,LPJM,2020-06-03_09_58_27,27,LPJM_2020-06-03_09_58_27_27.wav,1kBD6L109fn3uY4cUedocq6GjxRUU8Jo5,NoStutteredWords,1,False,0,0,0,0,0,1,1258615,1306615,0,0,0,0,0,0,train
segunda_revision,LPJM,2020-06-03_09_58_27,35,LPJM_2020-06-03_09_58_27_35.wav,1lYdZH73Rj7JFpdnYShCD1SUvN1StKzPZ,NoStutteredWords,1,False,0,0,0,0,0,1,1550766,1598766,0,0,0,0,0,0,train
segunda_revision,LPJM,2020-06-03_09_58_27,45,LPJM_2020-06-03_09_58_27_45.wav,1koruVzRvIdrC31wO6v_rmwVibgDY8Frr,NoStutteredWords,1,False,0,0,0,0,0,1,1870009,1918009,0,0,0,0,0,0,train
segunda_revision,LPJM,2020-06-03_09_58_27,49,LPJM_2020-06-03_09_58_27_49.wav,1lH8v70eStIgWEzP8mLmaCSBm5iBxueC5,NoStutteredWords,1,False,0,0,0,0,0,1,1996378,2044378,0,0,0,0,0,0,train
segunda_revision,LPJM,2020-06-03_09_58_27,51,LPJM_2020-06-03_09_58_27_51.wav,1lMlop3WGRcvzjpXsSODf7vOsWyvc5_9L,NoStutteredWords,1,False,0,0,0,0,0,1,2104300,2152300,0,0,0,0,0,0,train
segunda_revision,LPJM,2020-06-04_06_19_20,1,LPJM_2020-06-04_06_19_20_1.wav,10gNRVHDm0LQMRYtB9UV5b-SZgrBYvdEa,NoStutteredWords,1,False,0,0,0,0,0,1,76033,124033,0,0,0,0,0,0,train
segunda_revision,LPJM,2020-06-04_06_19_20,8,LPJM_2020-06-04_06_19_20_8.wav,13rLyqjbRPOoorY-qCiaXlFOJNPVX8xqD,Interjection,2,False,1,1,0,0,0,0,431036,479036,0,0,0,0,0,0,train
segunda_revision,LPJM,2020-06-04_06_19_20,12,LPJM_2020-06-04_06_19_20_12.wav,101iaUXjMwhcyN-_tfbIosf9M6vEV09lV,Block,2,False,0,0,1,0,1,0,587304,635304,0,0,0,0,0,0,train
segunda_revision,LPJM,2020-06-04_06_19_20,18,LPJM_2020-06-04_06_19_20_18.wav,11m5XhXd82gjnXmilxzZsmpEQEO6q6u4H,NoStutteredWords,1,False,0,0,0,0,0,1,855020,903020,0,0,0,1,0,0,train
segunda_revision,LPJM,2020-06-04_06_19_20,45,LPJM_2020-06-04_06_19_20_45.wav,12T2fri14F2O10vsrE4rl7GXEo2VkkXZO,NoStutteredWords,1,False,0,0,0,0,0,1,2055626,2103626,0,0,0,0,0,0,train
segunda_revision,LPJM,2020-06-04_06_19_20,48,LPJM_2020-06-04_06_19_20_48.wav,108EacpmNyV41gvVJRRGBHyTsOpKgdtFG,NoStutteredWords,1,False,0,0,0,0,0,1,2164958,2212958,0,0,0,0,0,0,train
segunda_revision,LPJM,2020-06-04_06_19_20,52,LPJM_2020-06-04_06_19_20_52.wav,1-Vi_MCcBqeLCL9vxj6gmZQFmx8kOXfkJ,NoStutteredWords,1,False,0,0,0,0,0,1,2386809,2434809,0,0,0,0,0,0,train
segunda_revision,LPJM,2020-06-04_06_19_20,54,LPJM_2020-06-04_06_19_20_54.wav,111oE1RNtAFHqvhYoDHRL5rYdc_6SxSN7,NoStutteredWords,1,False,0,0,0,0,0,1,2504488,2552488,0,0,0,0,0,0,train
segunda_revision,LPJM,2020-06-04_06_19_20,59,LPJM_2020-06-04_06_19_20_59.wav,12d7bDra_mE8FDcrSSmtptj4gAqoyCoP6,NoStutteredWords,1,False,0,0,0,0,0,1,2758678,2806678,0,0,0,0,0,0,train
segunda_revision,LPJM,2020-06-04_06_23_05,2,LPJM_2020-06-04_06_23_05_2.wav,1Ryc-BGrJK3i5EsXQV-12QvKdMHlG2e2W,NoStutteredWords,1,False,0,0,0,0,0,1,83935,131935,0,0,0,0,0,0,train
segunda_revision,LPJM,2020-06-04_06_23_05,9,LPJM_2020-06-04_06_23_05_9.wav,1PJ6ZjS2HDlT7kkAeCuDkj0hgy3WTeDg6,NoStutteredWords,1,False,0,0,0,0,0,1,471691,519691,0,0,0,0,0,0,train
segunda_revision,LPJM,2020-06-04_06_23_05,23,LPJM_2020-06-04_06_23_05_23.wav,1OzrzAA_wIgP9LBPCSRCuuk0W3cVUlIJL,NoStutteredWords,1,False,0,0,0,0,0,1,1073733,1121733,0,0,0,0,0,0,train
segunda_revision,LPJM,2020-06-04_06_23_05,31,LPJM_2020-06-04_06_23_05_31.wav,1RCVYxxQa_5_NeJwqxk0mdNfyoEvW2A8u,NoStutteredWords,1,False,0,0,0,0,0,1,1382950,1430950,0,0,0,1,0,0,train
segunda_revision,LPJM,2020-06-04_06_23_05,39,LPJM_2020-06-04_06_23_05_39.wav,1Pw98ieklxlnf7xtvNKalypt8IVjVpo86,NoStutteredWords,1,False,0,0,0,0,0,1,1697368,1745368,0,0,0,1,0,0,train
segunda_revision,LPJM,2020-06-04_06_23_05,42,LPJM_2020-06-04_06_23_05_42.wav,1OoJok0m2lufspEkfVSWUzCWLrktVivwi,NoStutteredWords,1,False,0,0,0,0,0,1,1834688,1882688,0,0,0,0,0,0,train
segunda_revision,LPJM,2020-06-04_06_23_05,44,LPJM_2020-06-04_06_23_05_44.wav,1PTAjUBRKM22iDUc2EwIoCqkkn151bMiB,NoStutteredWords,1,False,0,0,0,0,0,1,1936154,1984154,0,0,0,0,0,0,train
segunda_revision,LPJM,2020-06-04_06_23_05,45,LPJM_2020-06-04_06_23_05_45.wav,1RIE9Dx-HPqRr772z1JqFbrNkiTDRPCPx,NoStutteredWords,1,False,0,0,0,0,0,1,1956829,2004829,0,0,0,0,0,0,train
segunda_revision,LPJM,2020-06-04_06_23_05,52,LPJM_2020-06-04_06_23_05_52.wav,1SqskBs4D_lEU5aXt9Mh__cfy95YEw-6l,NoStutteredWords,1,False,0,0,0,0,0,1,2177612,2225612,0,0,0,0,0,0,train
segunda_revision,LPJM,2020-06-04_06_23_05,56,LPJM_2020-06-04_06_23_05_56.wav,1SgRsXbKoQIK9mj_f54_MTEPI9563Ke47,NoStutteredWords,1,False,0,0,0,0,0,1,2369534,2417534,0,0,0,0,0,0,train
segunda_revision,LPJM,2020-06-04_06_47_31,11,LPJM_2020-06-04_06_47_31_11.wav,1xBhuo878VqmWz2LCgO8GYAPvINE9ytfo,NoStutteredWords,1,False,0,0,0,0,0,1,515568,563568,0,0,0,0,0,0,train
segunda_revision,LPJM,2020-06-04_06_47_31,45,LPJM_2020-06-04_06_47_31_45.wav,1zzW_DcaUH-Hi1O8f75SU9MhoHNvXFgHi,NoStutteredWords,1,False,0,0,0,0,0,1,1719016,1767016,0,0,0,0,0,0,train
segunda_revision,LPJM,2020-06-04_06_51_30,7,LPJM_2020-06-04_06_51_30_7.wav,15bwopO1Bp_KnPWDCO_twlAzYHzAJ2toQ,SoundRep,1,False,0,0,0,1,0,0,317106,365106,0,0,0,0,0,0,train
segunda_revision,LPJM,2020-06-04_06_51_30,28,LPJM_2020-06-04_06_51_30_28.wav,16DxIZsf_oH_VckbH5mZ_1MSjUpRWj8Vn,Prolongation,1,False,0,0,0,0,1,0,1220273,1268273,0,0,0,0,0,0,train
segunda_revision,LPJM,2020-06-04_06_51_30,32,LPJM_2020-06-04_06_51_30_32.wav,15lXIvyVl77OEVWo9ZpxLfjsWUj96mRsu,NoStutteredWords,1,False,0,0,0,0,0,1,1388807,1436807,0,0,0,1,0,0,train
segunda_revision,LPJM,2020-06-04_06_51_30,35,LPJM_2020-06-04_06_51_30_35.wav,16jE3IWZqwXSWR7Ox5XuFojY_3oHBbyiO,NoStutteredWords,1,False,0,0,0,0,0,1,1501976,1549976,0,0,0,0,0,0,train
segunda_revision,LPJM,2020-06-04_06_51_30,41,LPJM_2020-06-04_06_51_30_41.wav,174JP2StNmUdfevmSiA9jjGNnjmYDLwTb,NoStutteredWords,1,False,0,0,0,0,0,1,1669794,1717794,0,0,0,0,0,0,train
segunda_revision,LPJM,2020-06-04_06_51_30,42,LPJM_2020-06-04_06_51_30_42.wav,15NxFA0OF1cV4GS5oCGkTOmd1al_wofqO,NoStutteredWords,1,False,0,0,0,0,0,1,1739104,1787104,0,0,0,0,0,0,train
segunda_revision,LPJM,2020-06-04_06_51_30,45,LPJM_2020-06-04_06_51_30_45.wav,18FV5Lma_jbf2Cb2Z5mtK72l_COdrlKVG,NoStutteredWords,1,False,0,0,0,0,0,1,1857657,1905657,0,0,0,1,0,0,train
segunda_revision,LPJM,2020-06-04_06_51_30,53,LPJM_2020-06-04_06_51_30_53.wav,16WVjpsXst9MTVSxibM0kTE0ySfoLwwEK,Block,2,False,0,0,1,1,0,0,2185813,2233813,0,0,0,0,0,0,train
segunda_revision,LPJM,2020-06-04_06_51_30,54,LPJM_2020-06-04_06_51_30_54.wav,18Kyk5aMUtRSvbDAJqKlDJu9Xz5yf9cGO,SoundRep,1,False,0,0,0,1,0,0,2227219,2275219,0,0,0,0,0,0,train
segunda_revision,LPJM,2020-06-04_08_58_10,2,LPJM_2020-06-04_08_58_10_2.wav,1hF1ylgKgmX4Tv9gyOIzh0mvGwLdbW9iT,NoStutteredWords,1,False,0,0,0,0,0,1,153807,201807,0,0,0,0,0,0,train
segunda_revision,LPJM,2020-06-04_08_58_10,7,LPJM_2020-06-04_08_58_10_7.wav,1jB7fRwujyv-5M7xNQ78oYgsCXYcio8hN,NoStutteredWords,1,False,0,0,0,0,0,1,409748,457748,0,0,0,0,0,0,train
segunda_revision,LPJM,2020-06-04_08_58_10,13,LPJM_2020-06-04_08_58_10_13.wav,1jMuR3AiEQkqFjedqoCG-tkZSHaqCxUA0,NoStutteredWords,1,False,0,0,0,0,0,1,615139,663139,0,0,0,0,0,0,train
segunda_revision,LPJM,2020-06-04_08_58_10,25,LPJM_2020-06-04_08_58_10_25.wav,1ghr6cFoJACHU8f5LHwU4lBMO1CoN5OLT,Block,1,False,0,0,1,0,0,0,1184176,1232176,0,0,0,0,0,0,train
segunda_revision,LPJM,2020-06-04_08_58_10,27,LPJM_2020-06-04_08_58_10_27.wav,1iXxO4s7ovAIdEYa3oERJFqeUWljB96pq,NoStutteredWords,1,False,0,0,0,0,0,1,1239655,1287655,0,0,0,0,0,0,train
segunda_revision,LPJM,2020-06-04_08_58_10,30,LPJM_2020-06-04_08_58_10_30.wav,1kTcF4nqbv6Gmw51LiQwzRXBWuEJaiN4X,NoStutteredWords,1,False,0,0,0,0,0,1,1325561,1373561,0,0,0,0,0,0,train
segunda_revision,LPJM,2020-06-04_08_58_10,37,LPJM_2020-06-04_08_58_10_37.wav,1g3oHZ7nkWqbiOznPfIOifbpuZt8ZpY58,NoStutteredWords,1,False,0,0,0,0,0,1,1627869,1675869,0,0,0,0,0,0,train
segunda_revision,LPJM,2020-06-04_09_00_40,1,LPJM_2020-06-04_09_00_40_1.wav,1lp8MJa6jVcSYdi6byTq5iBxdY7qt18EW,NoStutteredWords,1,False,0,0,0,0,0,1,108187,156187,0,0,0,0,0,0,train
segunda_revision,LPJM,2020-06-04_09_00_40,20,LPJM_2020-06-04_09_00_40_20.wav,1mEDzspRaa3AmvB3bmZj3kb-LJ8jWkX-a,NoStutteredWords,1,False,0,0,0,0,0,1,960244,1008244,0,0,0,0,0,0,train
segunda_revision,LPJM,2020-06-04_09_00_40,22,LPJM_2020-06-04_09_00_40_22.wav,1jEiIIu9ejMhucpMBxBySCIbQwSs4sZE9,NoStutteredWords,1,False,0,0,0,0,0,1,1048854,1096854,0,0,0,0,0,0,train
segunda_revision,LPJM,2020-06-04_09_00_40,25,LPJM_2020-06-04_09_00_40_25.wav,1m8yrXSgVaTm80yj14o7bA4aHK3pU26W4,NoStutteredWords,1,False,0,0,0,0,0,1,1194667,1242667,0,0,0,0,0,0,train
segunda_revision,LPJM,2020-06-04_09_00_40,29,LPJM_2020-06-04_09_00_40_29.wav,1m9eXw0CzNvt8Nyy3ZMqufmiBh-pMrZxK,NoStutteredWords,1,False,0,0,0,0,0,1,1388947,1436947,0,0,0,0,0,0,train
segunda_revision,LPJM,2020-06-04_09_03_51,2,LPJM_2020-06-04_09_03_51_2.wav,1N8LXBeZVlascpJp66NO4D1WGZ76Rb2ID,NoStutteredWords,1,False,0,0,0,0,0,1,138338,186338,0,0,0,0,0,0,train
segunda_revision,LPJM,2020-06-04_09_03_51,9,LPJM_2020-06-04_09_03_51_9.wav,1L3hI8SiQE_nFoUqgC4RWxN_MHd6-Btlp,NoStutteredWords,1,False,0,0,0,0,0,1,412778,460778,0,0,0,0,0,0,train
segunda_revision,LPJM,2020-06-04_09_03_51,11,LPJM_2020-06-04_09_03_51_11.wav,1LahCZc1tSCdT8wJiYA48YK7rP9mXCmEZ,Prolongation,1,False,0,0,0,0,1,0,466767,514767,0,0,0,0,0,0,train
segunda_revision,LPJM,2020-06-04_09_03_51,18,LPJM_2020-06-04_09_03_51_18.wav,1LwSNZRl3HCCjThSrZ_8TtuCREU3-ulnp,NoStutteredWords,1,False,0,0,0,0,0,1,713692,761692,0,0,0,0,0,0,train
segunda_revision,LPJM,2020-06-04_09_03_51,19,LPJM_2020-06-04_09_03_51_19.wav,1M-6h-MsKmM0w0rFOQlNy3jMSAMJFe8VE,NoStutteredWords,1,False,0,0,0,0,0,1,762552,810552,0,0,0,0,0,0,train
segunda_revision,LPJM,2020-06-04_09_03_51,22,LPJM_2020-06-04_09_03_51_22.wav,1LHU7zF4wXwJfrh3euTdlApfajmUvCXfl,NoStutteredWords,1,False,0,0,0,0,0,1,940511,988511,0,0,0,1,0,0,train
segunda_revision,LPJM,2020-06-04_09_03_51,26,LPJM_2020-06-04_09_03_51_26.wav,1KZDW-bTwvhK32JAX665AO1g2OU7zJza4,NoStutteredWords,1,False,0,0,0,0,0,1,1132445,1180445,0,0,0,0,0,0,train
segunda_revision,LPJM,2020-06-04_09_03_51,29,LPJM_2020-06-04_09_03_51_29.wav,1LXGKqWRIcU1B6zRmo74vGYC7MIb6YUF7,Prolongation,1,False,0,0,0,0,1,0,1213315,1261315,0,0,0,0,0,0,train
segunda_revision,LPJM,2020-06-04_09_03_51,32,LPJM_2020-06-04_09_03_51_32.wav,1MWEdc9ZgceHxOSDlEMZJEAE8HIwAw6On,NoStutteredWords,1,False,0,0,0,0,0,1,1309087,1357087,0,0,0,0,0,0,train
segunda_revision,LPJM,2020-06-04_09_03_51,41,LPJM_2020-06-04_09_03_51_41.wav,1LDwOEIrPNGv-wUjXplVZtLO2_GFDrLrJ,NoStutteredWords,1,False,0,0,0,0,0,1,1589123,1637123,0,0,0,0,0,0,train
segunda_revision,LPJM,2020-06-04_09_03_51,45,LPJM_2020-06-04_09_03_51_45.wav,1N9n-5TuAEAyiISuI-MoXBSWO2LY_aCcv,NoStutteredWords,1,False,0,0,0,0,0,1,1730416,1778416,0,0,0,0,0,0,train
segunda_revision,LPJM,2020-06-04_09_03_51,60,LPJM_2020-06-04_09_03_51_60.wav,1Lecx9jBVuKqJeY773txLp7OI-1zF47lu,NoStutteredWords,1,False,0,0,0,0,0,1,2305596,2353596,0,0,0,0,0,0,train
segunda_revision,LPJM,2020-06-04_09_06_58,11,LPJM_2020-06-04_09_06_58_11.wav,1weYkRHOIW6KKTDrZKgdgHDZvv1rDDXet,NoStutteredWords,1,False,0,0,0,0,0,1,526708,574708,0,0,0,0,0,0,train
segunda_revision,LPJM,2020-05-27_03_59_43,4,LPJM_2020-05-27_03_59_43_4.wav,1NZE-OMX9yJbjeSXSOdA_1caY8Z8i-C21,Prolongation,1,False,0,0,0,0,1,0,187309,235309,0,0,0,0,0,0,train
segunda_revision,LPJM,2020-05-27_03_59_43,7,LPJM_2020-05-27_03_59_43_7.wav,1NIicliAaMVAo5nYTRFKPV2ArtbuVZVwH,NoStutteredWords,1,False,0,0,0,0,0,1,464759,512759,0,0,0,1,0,0,train
segunda_revision,LPJM,2020-05-27_05_12_27,2,LPJM_2020-05-27_05_12_27_2.wav,1kQ-t-4gHm_0BtSGA_l_7kEtYyHvXCqD7,NoStutteredWords,1,False,0,0,0,0,0,1,99283,147283,0,0,0,0,0,0,train
segunda_revision,LPJM,2020-05-27_05_12_27,5,LPJM_2020-05-27_05_12_27_5.wav,1litGYNj-i2kt8Us5Fa_WaCqrkS23ky0h,NoStutteredWords,1,False,0,0,0,0,0,1,386035,434035,0,0,0,0,0,0,train
segunda_revision,LPJM,2020-05-27_05_12_27,10,LPJM_2020-05-27_05_12_27_10.wav,1lkb-dDwbSLlIkk5vn6rc1Wf6Xd6pPcej,NoStutteredWords,1,False,0,0,0,0,0,1,1530600,1578600,0,0,0,0,0,0,train
segunda_revision,LPJM,2020-05-27_05_12_27,13,LPJM_2020-05-27_05_12_27_13.wav,1k_EW0-sxERlZ8qv3BFJ6sBnSZx_4TAwD,NoStutteredWords,1,False,0,0,0,0,0,1,2193123,2241123,0,0,0,0,0,0,train
segunda_revision,LPJM,2020-05-27_05_12_27,19,LPJM_2020-05-27_05_12_27_19.wav,1k_JTk-aG4jx4uTHHwGrfKFzbcztkAYNw,NoStutteredWords,1,False,0,0,0,0,0,1,2933189,2981189,0,0,0,1,0,0,train
segunda_revision,LPJM,2020-05-27_06_56_07,6,LPJM_2020-05-27_06_56_07_6.wav,1qUTb13cN3Lqy0EJ74gH25YcZKBu1WDuO,NoStutteredWords,1,False,0,0,0,0,0,1,506277,554277,0,0,0,0,0,0,train
segunda_revision,LPJM,2020-05-27_08_31_29,1,LPJM_2020-05-27_08_31_29_1.wav,1PDElFJhG7itnkYFT34BclyESxud4_N3F,NoStutteredWords,1,False,0,0,0,0,0,1,161708,209708,0,0,0,1,0,0,train
segunda_revision,LPJM,2020-05-27_08_31_29,7,LPJM_2020-05-27_08_31_29_7.wav,1OB6ZYLH-KDc-8K4Yzs7fRfzBcEbTf33z,NoStutteredWords,1,False,0,0,0,0,0,1,452158,500158,0,0,0,0,0,0,train
segunda_revision,LPJM,2020-05-27_08_31_29,10,LPJM_2020-05-27_08_31_29_10.wav,1MWKpfBFfMRrXmZ3rgrVMIT7JWeL62_Rk,NoStutteredWords,1,False,0,0,0,0,0,1,562126,610126,0,0,0,0,0,0,train
segunda_revision,LPJM,2020-05-27_08_31_29,11,LPJM_2020-05-27_08_31_29_11.wav,1PNj0DZu2_fTqFJyxEBAOAsWMdPqahIJ4,NoStutteredWords,1,False,0,0,0,0,0,1,652317,700317,0,0,0,0,0,0,train
segunda_revision,LPJM,2020-05-27_08_31_29,23,LPJM_2020-05-27_08_31_29_23.wav,1P5_e27DAmO6iYPaZ8zi1lLCe_UgbCJtr,NoStutteredWords,1,False,0,0,0,0,0,1,1092281,1140281,0,0,0,0,0,0,train
segunda_revision,LPJM,2020-05-27_08_31_29,24,LPJM_2020-05-27_08_31_29_24.wav,1PqL0AhZpyrlG8wxVzDjQqzotyIr3AZgA,NoStutteredWords,1,False,0,0,0,0,0,1,1120395,1168395,0,0,0,0,0,0,train
segunda_revision,LPJM,2020-05-27_08_31_29,25,LPJM_2020-05-27_08_31_29_25.wav,1PeahQ1vMQDoQXyivg6JWwWbMAW8EASCJ,NoStutteredWords,1,False,0,0,0,0,0,1,1146902,1194902,0,0,0,0,0,0,train
segunda_revision,LPJM,2020-05-27_08_31_29,37,LPJM_2020-05-27_08_31_29_37.wav,1OrJbQdecjNB7f5RMJEcn-fD_6M7b_ofJ,NoStutteredWords,1,False,0,0,0,0,0,1,1677412,1725412,0,0,0,1,0,0,train
segunda_revision,LPJM,2020-05-27_08_36_38,1,LPJM_2020-05-27_08_36_38_1.wav,1oic5y5rTvW61alKneByKKAJ1rfOgiTBH,NoStutteredWords,1,False,0,0,0,0,0,1,136441,184441,0,0,0,0,0,0,train
segunda_revision,LPJM,2020-05-27_08_36_38,4,LPJM_2020-05-27_08_36_38_4.wav,1nrqqYTZwtugkTG1eXy-MId-_qZie2Sj1,NoStutteredWords,1,False,0,0,0,0,0,1,333777,381777,0,0,0,0,0,0,train
segunda_revision,LPJM,2020-05-27_08_36_38,24,LPJM_2020-05-27_08_36_38_24.wav,1nEsfJo7RZJCRCGWsQXTMZoSk__uVz9Ma,NoStutteredWords,1,False,0,0,0,0,0,1,1229206,1277206,0,0,0,0,0,0,train
segunda_revision,LPJM,2020-05-27_08_36_38,29,LPJM_2020-05-27_08_36_38_29.wav,1p2XEi46pvybTFTG4utFUSUEu-TWHN5MF,NoStutteredWords,1,False,0,0,0,0,0,1,1401242,1449242,0,0,0,0,0,0,train
segunda_revision,LPJM,2020-05-27_08_36_38,36,LPJM_2020-05-27_08_36_38_36.wav,1oQizEtjfNxihb3fUU4Y_M_OhQsvhxc6i,NoStutteredWords,1,False,0,0,0,0,0,1,1717358,1765358,0,0,0,0,0,0,train
segunda_revision,LPJM,2020-05-27_08_36_38,44,LPJM_2020-05-27_08_36_38_44.wav,1oefsgc7Ek1pNFxapbY1hwBnNa4qfw3zO,Prolongation,1,False,0,0,0,0,1,0,2118694,2166694,0,0,0,0,0,0,train
segunda_revision,LPJM,2020-05-27_08_36_38,48,LPJM_2020-05-27_08_36_38_48.wav,1o5GBt1_eyJADRcxFGw5k7r4R8z2yZs_C,NoStutteredWords,1,False,0,0,0,0,0,1,2364682,2412682,0,0,0,0,0,0,train
segunda_revision,LPJM,2020-05-27_08_36_38,52,LPJM_2020-05-27_08_36_38_52.wav,1myhQAIlHQfCWhzLCUk9sNZ0BWeXv1pi9,Prolongation,1,False,0,0,0,0,1,0,2491339,2539339,0,0,0,0,0,0,train
segunda_revision,LPJM,2020-05-27_08_36_38,53,LPJM_2020-05-27_08_36_38_53.wav,1myga4CYm78zhFQyCcUL1fhUVgWAZz7V_,NoStutteredWords,1,False,0,0,0,0,0,1,2528581,2576581,0,0,0,0,0,0,train
segunda_revision,LPJM,2020-05-27_09_34_40,5,LPJM_2020-05-27_09_34_40_5.wav,1I5prq8JxcXozu2xdSAsgQ72WoA-t0b3z,NoStutteredWords,1,False,0,0,0,0,0,1,303875,351875,0,0,0,0,0,0,train
segunda_revision,LPJM,2020-05-27_09_34_40,16,LPJM_2020-05-27_09_34_40_16.wav,1JKfe3Abm_OQF6jr8gwbnhvuVQpG5BhkB,NoStutteredWords,1,False,0,0,0,0,0,1,910032,958032,0,0,0,0,0,0,train
segunda_revision,LPJM,2020-05-27_09_34_40,19,LPJM_2020-05-27_09_34_40_19.wav,1HH0i5u54g6J_lNjI30QUcQhjeONYBA3t,NoStutteredWords,1,False,0,0,0,0,0,1,1052896,1100896,0,0,0,0,0,0,train
segunda_revision,LPJM,2020-05-27_09_34_40,21,LPJM_2020-05-27_09_34_40_21.wav,1GLJWCFZaPU2SYajBSCUKv1oR1aEltbug,NoStutteredWords,1,False,0,0,0,0,0,1,1157808,1205808,0,0,0,0,0,0,train
segunda_revision,LPJM,2020-05-27_09_34_40,30,LPJM_2020-05-27_09_34_40_30.wav,1Hm-Mzjq7uhQkEu0yNFPt_Lz5YhnUZrz7,NoStutteredWords,1,False,0,0,0,0,0,1,1633937,1681937,0,0,0,0,0,0,train
segunda_revision,LPJM,2020-05-27_09_34_40,31,LPJM_2020-05-27_09_34_40_31.wav,1GIVVN7coprxNnVRE-5PUFPHklg10IWco,SoundRep,1,False,0,0,0,1,0,0,1657984,1705984,0,0,0,0,0,0,train
segunda_revision,LPJM,2020-05-27_09_34_40,36,LPJM_2020-05-27_09_34_40_36.wav,1GrV_-0yCPck4uh18xxrdv5EVnOXKRSW1,NoStutteredWords,1,False,0,0,0,0,0,1,1892530,1940530,0,0,0,0,0,0,train
segunda_revision,LPJM,2020-05-27_09_40_28,0,LPJM_2020-05-27_09_40_28_0.wav,1Zxp8LTOqOvEcSLg2mmlYcolUkUwriHTj,SoundRep,1,False,0,0,0,1,0,0,34892,82892,0,0,0,0,0,0,train
segunda_revision,LPJM,2020-05-27_09_40_28,1,LPJM_2020-05-27_09_40_28_1.wav,1Uz4mqELhXjU_4AieGcIQY4dythu-urZk,SoundRep,1,False,0,0,0,1,0,0,48290,96290,0,0,0,0,0,0,train
segunda_revision,LPJM,2020-05-27_09_40_28,6,LPJM_2020-05-27_09_40_28_6.wav,1Z3QI-Itx_MHMgTnoKXn5IWv64M-maJvy,NoStutteredWords,1,False,0,0,0,0,0,1,331618,379618,0,0,0,0,0,0,train
segunda_revision,LPJM,2020-05-27_09_40_28,8,LPJM_2020-05-27_09_40_28_8.wav,1Z42rc3Hoa9GGVgfBmUF0xSXK8qnq2Nqr,NoStutteredWords,1,False,0,0,0,0,0,1,404258,452258,0,0,0,0,0,0,train
segunda_revision,LPJM,2020-05-27_09_40_28,18,LPJM_2020-05-27_09_40_28_18.wav,1XEzhXyNNSDkIn5Sg_J0FKT1YSGqG8eJH,SoundRep,1,False,0,0,0,1,0,0,823895,871895,0,0,0,0,0,0,train
segunda_revision,LPJM,2020-05-27_09_40_28,20,LPJM_2020-05-27_09_40_28_20.wav,1Y4sLmsZWffqhXHWLS_LoI-qGaH2FVGhs,NoStutteredWords,1,False,0,0,0,0,0,1,855736,903736,0,0,0,0,0,0,train
segunda_revision,LPJM,2020-05-27_09_40_28,23,LPJM_2020-05-27_09_40_28_23.wav,1X3a0HlphyllwAc7rj6x8kQsNiKWiePWe,NoStutteredWords,1,False,0,0,0,0,0,1,1000224,1048224,0,0,0,0,0,0,train
segunda_revision,LPJM,2020-05-27_09_40_28,32,LPJM_2020-05-27_09_40_28_32.wav,1XIjoJPdK-WJC07TSSJRA70HlrmX3MpIg,NoStutteredWords,1,False,0,0,0,0,0,1,1680197,1728197,0,0,0,0,0,0,train
segunda_revision,LPJM,2020-05-27_09_40_28,51,LPJM_2020-05-27_09_40_28_51.wav,1W82iVBMl1bT6EOV9Z9vw8_6Bzc1109ys,NoStutteredWords,1,False,0,0,0,0,0,1,2709004,2757004,0,0,0,0,0,0,train
segunda_revision,LPJM,2020-05-27_09_43_21,0,LPJM_2020-05-27_09_43_21_0.wav,1aTrzABvLawoBVbixlOhAnZtoMZMTiBV8,Block,1,False,0,0,1,0,0,0,64717,112717,0,0,0,0,0,0,train
segunda_revision,LPJM,2020-05-27_09_43_21,1,LPJM_2020-05-27_09_43_21_1.wav,1bw-F-g_WVm4fTUhkZvKFRy3yzaI-X1Rd,NoStutteredWords,1,False,0,0,0,0,0,1,110931,158931,0,0,0,0,0,0,train
segunda_revision,LPJM,2020-05-27_10_10_06,0,LPJM_2020-05-27_10_10_06_0.wav,1oQ38vOatOhc9LUSN_O0f6UXGnrXXg2u4,Prolongation,1,False,0,0,0,0,1,0,131217,179217,0,0,0,0,0,0,train
segunda_revision,LPJM,2020-05-27_10_10_06,9,LPJM_2020-05-27_10_10_06_9.wav,1o3Bi3wAUk4dOtxCwQu_EGdZ76zcXL0B3,NoStutteredWords,1,False,0,0,0,0,0,1,695822,743822,0,0,0,0,0,0,train
segunda_revision,LPJM,2020-05-27_10_10_06,12,LPJM_2020-05-27_10_10_06_12.wav,1o9HbEul-SDdqdqa00InDGavWH3toUwCr,NoStutteredWords,1,False,0,0,0,0,0,1,857315,905315,0,0,0,1,0,0,train
segunda_revision,LPJM,2020-05-27_10_10_06,18,LPJM_2020-05-27_10_10_06_18.wav,1n5Op-ZfBonUMKH7fNcoMBbIpmiUxgExv,NoStutteredWords,1,False,0,0,0,0,0,1,1159947,1207947,0,0,0,0,0,0,train
segunda_revision,LPJM,2020-05-27_10_10_06,19,LPJM_2020-05-27_10_10_06_19.wav,1o7rUTalWh-nCAhSgztQnCtnl4vePw8gi,NoStutteredWords,1,False,0,0,0,0,0,1,1360360,1408360,0,0,0,0,0,0,train
segunda_revision,LPJM,2020-05-27_10_10_06,23,LPJM_2020-05-27_10_10_06_23.wav,1o9L95v71qE4nHNejWRUpbG-RuZPyyQDF,NoStutteredWords,1,False,0,0,0,0,0,1,1633993,1681993,0,0,0,1,0,0,train
segunda_revision,LPJM,2020-05-27_10_10_06,24,LPJM_2020-05-27_10_10_06_24.wav,1oQS_DLVT90PQYef-dvq5V1anOWze6ZjB,NoStutteredWords,1,False,0,0,0,0,0,1,1756326,1804326,0,0,0,0,0,0,train
segunda_revision,LPJM,2020-05-27_10_10_06,27,LPJM_2020-05-27_10_10_06_27.wav,1oX4la4QvROZpJgE0jHW_egwwLDawfj-1,NoStutteredWords,1,False,0,0,0,0,0,1,1931437,1979437,0,0,0,0,0,0,train
segunda_revision,LPJM,2020-05-27_10_10_06,30,LPJM_2020-05-27_10_10_06_30.wav,1o4HI4zSzG04z_zoLOsePp6nYMO2-cXA6,Interjection,2,False,1,1,0,0,0,0,2110712,2158712,0,0,0,0,0,0,train
segunda_revision,LPJM,2020-05-27_10_10_06,35,LPJM_2020-05-27_10_10_06_35.wav,1oKI7N-HZTNgfwwRcBikNVTXfXH5nqd0x,NoStutteredWords,1,False,0,0,0,0,0,1,2342171,2390171,0,0,0,0,0,0,train
segunda_revision,LPJM,2020-05-27_11_10_05,6,LPJM_2020-05-27_11_10_05_6.wav,1tbC_NuEXuiHaQo2kOuIp5UExfGPbYtSY,NoStutteredWords,1,False,0,0,0,0,0,1,423384,471384,0,0,0,1,0,0,train
segunda_revision,LPJM,2020-05-27_11_10_05,7,LPJM_2020-05-27_11_10_05_7.wav,1tR9zKOuPzZHxQyyRvee-hu4gccDr0JnU,NoStutteredWords,1,False,0,0,0,0,0,1,456834,504834,0,0,0,0,0,0,train
segunda_revision,LPJM,2020-05-27_11_10_05,11,LPJM_2020-05-27_11_10_05_11.wav,1sVkYqUCCSNQqSB-S1m32nUUleTrt4kwo,NoStutteredWords,1,False,0,0,0,0,0,1,775392,823392,0,0,0,0,0,0,train
segunda_revision,LPJM,2020-05-27_11_10_05,22,LPJM_2020-05-27_11_10_05_22.wav,1sSFmTByTIywTI6RjpZAx2DNcL8I0EOah,NoStutteredWords,1,False,0,0,0,0,0,1,2107999,2155999,0,0,0,0,0,0,train
segunda_revision,LPJM,2020-05-27_11_10_05,23,LPJM_2020-05-27_11_10_05_23.wav,1uinBp4R8hANNQWJiGCkDz0yKoCBruYc3,Block,1,False,0,0,1,0,0,0,2180843,2228843,0,0,0,0,0,0,train
segunda_revision,LPJM,2020-05-27_11_10_05,28,LPJM_2020-05-27_11_10_05_28.wav,1txGFTCu21n4CQMDGbEHFcCQqNxy21bG5,Block,1,False,0,0,1,0,0,0,2468182,2516182,0,0,0,0,0,0,train
segunda_revision,LPJM,2020-05-28_06_13_35,0,LPJM_2020-05-28_06_13_35_0.wav,1g7HnHMWbMxoeyJzatd4DIFbNMQLauQRt,NoStutteredWords,1,False,0,0,0,0,0,1,76918,124918,0,0,0,0,0,0,train
segunda_revision,LPJM,2020-05-28_06_13_35,2,LPJM_2020-05-28_06_13_35_2.wav,1epUGaGfmRfVZs3_rgbMlLl71Jp55_jGT,Interjection,1,False,1,0,0,0,0,0,190962,238962,0,0,0,0,0,0,train
segunda_revision,LPJM,2020-05-28_06_13_35,8,LPJM_2020-05-28_06_13_35_8.wav,1d9BMDg9NKb7qn0jE-64cGEN38IiYWhis,NoStutteredWords,1,False,0,0,0,0,0,1,754153,802153,0,0,0,0,0,0,train
segunda_revision,LPJM,2020-05-28_06_13_35,9,LPJM_2020-05-28_06_13_35_9.wav,1eS1Bsj15KncXi0zsMLQeLC33J_6hocyn,NoStutteredWords,1,False,0,0,0,0,0,1,852199,900199,0,0,0,0,0,0,train
segunda_revision,LPJM,2020-05-28_06_13_35,10,LPJM_2020-05-28_06_13_35_10.wav,1eCUHeF2AlFDwJXqnR8u4SGM4-5K58ZU2,NoStutteredWords,1,False,0,0,0,0,0,1,916248,964248,0,0,0,0,0,0,train
segunda_revision,LPJM,2020-05-28_06_13_35,14,LPJM_2020-05-28_06_13_35_14.wav,1dLCFY78sQWwBo-Enc_JdZW0TwIoFmj7e,NoStutteredWords,1,False,0,0,0,0,0,1,1071174,1119174,0,0,0,0,0,0,train
segunda_revision,LPJM,2020-05-28_06_13_35,15,LPJM_2020-05-28_06_13_35_15.wav,1eQ1JyUHb7GSJobJxHLriRjdMlQrm4dbt,NoStutteredWords,1,False,0,0,0,0,0,1,1111935,1159935,0,0,0,0,0,0,train
segunda_revision,LPJM,2020-05-28_06_13_35,19,LPJM_2020-05-28_06_13_35_19.wav,1dsUFlUofq9iTwPSYSzgfTgj8klIVMvgg,NoStutteredWords,1,False,0,0,0,0,0,1,1272772,1320772,0,0,0,1,0,0,train
segunda_revision,LPJM,2020-05-28_06_13_35,22,LPJM_2020-05-28_06_13_35_22.wav,1dxXBgzaju8SkO_zTw-GuxGsoG3Krlcrg,NoStutteredWords,1,False,0,0,0,0,0,1,1384442,1432442,0,0,0,0,0,0,train
segunda_revision,LPJM,2020-05-28_06_13_35,31,LPJM_2020-05-28_06_13_35_31.wav,1ec73l7jrDs1ICKrcijcP1O-lTw8Bimwx,Prolongation,1,False,0,0,0,0,1,0,1809871,1857871,0,0,0,0,0,0,train
segunda_revision,LPJM,2020-05-28_06_13_35,37,LPJM_2020-05-28_06_13_35_37.wav,1f7K5DXVEyAYeOtz4-TwcaEeIGCp3R3CG,NoStutteredWords,1,False,0,0,0,0,0,1,2074962,2122962,0,0,0,0,0,0,train
segunda_revision,LPJM,2020-05-28_06_13_35,49,LPJM_2020-05-28_06_13_35_49.wav,1gJio1Qk9yLY_fCqGiR9JBQkSwQ25gzso,NoStutteredWords,1,False,0,0,0,0,0,1,2630503,2678503,0,0,0,0,0,0,train
segunda_revision,LPJM,2020-05-28_06_13_35,50,LPJM_2020-05-28_06_13_35_50.wav,1gJGZ0PXdizv__eO1Nqfy5oPaN_FYNVKe,NoStutteredWords,1,False,0,0,0,0,0,1,2656188,2704188,0,0,0,0,0,0,train
segunda_revision,LPJM,2020-05-28_06_18_10,1,LPJM_2020-05-28_06_18_10_1.wav,1SS7-ZuZyH5tK2fP1R_QxmFlKao7z877y,Block,1,False,0,0,1,0,0,0,57240,105240,0,0,0,0,0,0,train
segunda_revision,LPJM,2020-05-28_06_18_10,3,LPJM_2020-05-28_06_18_10_3.wav,1UkniNXB0awZuOb_bxUBBfdSLETDCWf79,NoStutteredWords,1,False,0,0,0,0,0,1,165620,213620,0,0,0,0,0,0,train
segunda_revision,LPJM,2020-05-28_06_18_10,8,LPJM_2020-05-28_06_18_10_8.wav,1VA6n_TGCZ8-wVCB4VKMqSLz4123XP2RT,NoStutteredWords,1,False,0,0,0,0,0,1,766429,814429,0,0,0,0,0,0,train
segunda_revision,LPJM,2020-05-28_06_18_10,11,LPJM_2020-05-28_06_18_10_11.wav,1UgN6YwySmg4e8ra6ogit2nyA0mUZj3Zp,NoStutteredWords,1,False,0,0,0,0,0,1,939952,987952,0,0,0,0,0,0,train
segunda_revision,LPJM,2020-05-28_06_18_10,21,LPJM_2020-05-28_06_18_10_21.wav,1ToSS_pdM_njEf-LB8hfsFyJg96TUstJM,NoStutteredWords,1,False,0,0,0,0,0,1,1326426,1374426,0,0,0,0,0,0,train
segunda_revision,LPJM,2020-05-28_06_18_10,22,LPJM_2020-05-28_06_18_10_22.wav,1VDUozaiFLdLkeIfVmaEC1ZT5jTQIHJmc,NoStutteredWords,1,False,0,0,0,0,0,1,1374997,1422997,0,0,0,1,0,0,train
segunda_revision,LPJM,2020-05-28_06_18_10,25,LPJM_2020-05-28_06_18_10_25.wav,1U3Gu1PtYOvtF47WF4X4MYxOkEa4DrhOa,Block,2,False,0,0,1,1,0,0,1526677,1574677,0,0,0,0,0,0,train
segunda_revision,LPJM,2020-05-28_06_18_10,26,LPJM_2020-05-28_06_18_10_26.wav,1UaJ3WSoJyAWCXllyFf-r72C_6vEPckWW,SoundRep,1,False,0,0,0,1,0,0,1552474,1600474,0,0,0,0,0,0,train
segunda_revision,LPJM,2020-05-28_06_18_10,27,LPJM_2020-05-28_06_18_10_27.wav,1VFXe7dZon8zW9Ok8NbrkV8pBdFyd0JZQ,NoStutteredWords,1,False,0,0,0,0,0,1,1617390,1665390,0,0,0,0,0,0,train
segunda_revision,LPJM,2020-05-28_06_18_10,29,LPJM_2020-05-28_06_18_10_29.wav,1VFcg1TMQD7rVSqtU50Qbthg1eN1fQb77,NoStutteredWords,1,False,0,0,0,0,0,1,1694730,1742730,0,0,0,0,0,0,train
segunda_revision,LPJM,2020-05-28_06_18_10,30,LPJM_2020-05-28_06_18_10_30.wav,1UB03ZSeoJbn65rmL9gdbRIDxGt2q6uiv,NoStutteredWords,1,False,0,0,0,0,0,1,1734793,1782793,0,0,0,0,0,0,train
segunda_revision,LPJM,2020-05-28_06_18_10,31,LPJM_2020-05-28_06_18_10_31.wav,1UhnaqjOjQnpCjessQQN7rmtPIKFoaNNG,NoStutteredWords,1,False,0,0,0,0,0,1,1774361,1822361,0,0,0,0,0,0,train
segunda_revision,LPJM,2020-05-28_06_18_10,33,LPJM_2020-05-28_06_18_10_33.wav,1UmN9ctiZsSTi5iwxTCn19AV9RY0e2Gqy,NoStutteredWords,1,False,0,0,0,0,0,1,1829625,1877625,0,0,0,0,0,0,train
segunda_revision,LPJM,2020-05-28_06_26_20,1,LPJM_2020-05-28_06_26_20_1.wav,10f6attTfh1wCJawJhDFXs8eFYI5Nw4cm,NoStutteredWords,1,False,0,0,0,0,0,1,76110,124110,0,0,0,0,0,0,train
segunda_revision,LPJM,2020-05-28_06_26_20,2,LPJM_2020-05-28_06_26_20_2.wav,10SVekMCzaqkk81r3F3PfUMNKgMN8InbL,NoStutteredWords,1,False,0,0,0,0,0,1,102167,150167,0,0,0,0,0,0,train
segunda_revision,LPJM,2020-05-28_06_26_20,5,LPJM_2020-05-28_06_26_20_5.wav,10TkIGdv96RX97btNHCsSZtCpkTAqcxlV,NoStutteredWords,1,False,0,0,0,0,0,1,324783,372783,0,0,0,0,0,0,train
segunda_revision,LPJM,2020-05-28_06_26_20,9,LPJM_2020-05-28_06_26_20_9.wav,10LPmpHf8evSaSsJHXmwcKGxwiWeOxv38,NoStutteredWords,1,False,0,0,0,0,0,1,878770,926770,0,0,0,0,0,0,train
segunda_revision,LPJM,2020-05-28_07_40_55,0,LPJM_2020-05-28_07_40_55_0.wav,1Z0Ly4cFooGo5D7X_asDZbdYiRtPtsN7L,SoundRep,1,False,0,0,0,1,0,0,49583,97583,0,0,0,0,0,0,train
segunda_revision,LPJM,2020-05-28_07_40_55,15,LPJM_2020-05-28_07_40_55_15.wav,1ZIdwy8v7_QGXEEQtcY3h_Q95MPDvdUTy,NoStutteredWords,1,False,0,0,0,0,0,1,689953,737953,0,0,0,0,0,0,train
segunda_revision,LPJM,2020-05-28_07_40_55,17,LPJM_2020-05-28_07_40_55_17.wav,1ablO4JRs2wAb_YFyOF8Y1C0L4upzN90R,NoStutteredWords,1,False,0,0,0,0,0,1,782023,830023,0,0,0,0,0,0,train
segunda_revision,LPJM,2020-05-28_07_40_55,18,LPJM_2020-05-28_07_40_55_18.wav,1ZPH86NDfrQJ8xdO_06-2tawcMmQh-P4-,NoStutteredWords,1,False,0,0,0,0,0,1,815077,863077,0,0,0,0,0,0,train
segunda_revision,LPJM,2020-05-28_07_40_55,24,LPJM_2020-05-28_07_40_55_24.wav,1ZoXGj18xBy-4GlJyaovT52EmWBAyJu5l,Block,1,False,0,0,1,0,0,0,1109426,1157426,0,0,0,0,0,0,train
segunda_revision,LPJM,2020-05-28_07_40_55,25,LPJM_2020-05-28_07_40_55_25.wav,1ZsWqrk0gV0iWzwsWBRNZTt6YZpKMK2vY,Block,1,False,0,0,1,0,0,0,1133959,1181959,0,0,0,0,0,0,train
segunda_revision,LPJM,2020-05-28_07_40_55,28,LPJM_2020-05-28_07_40_55_28.wav,1aTd2zhGZ_rKlWqDU3O312Gmvgqy8dFWK,NoStutteredWords,1,False,0,0,0,0,0,1,1220310,1268310,0,0,0,0,0,0,train
segunda_revision,LPJM,2020-05-28_07_40_55,33,LPJM_2020-05-28_07_40_55_33.wav,1_8-6oqX4yk4LBbpKTeIxwoKNqgFKjKHp,NoStutteredWords,1,False,0,0,0,0,0,1,1523570,1571570,0,0,0,0,0,0,train
segunda_revision,LPJM,2020-05-28_07_40_55,37,LPJM_2020-05-28_07_40_55_37.wav,1ZnyN-Ppbv-xKAb-bKmtoSFpmfGnDBNpI,NoStutteredWords,1,False,0,0,0,0,0,1,1944411,1992411,0,0,0,0,0,0,train
segunda_revision,LPJM,2020-05-28_07_40_55,39,LPJM_2020-05-28_07_40_55_39.wav,1a2BIQQj3brhSTOWgVkJ2E7F4Qp6ZP5s0,NoStutteredWords,1,False,0,0,0,0,0,1,2000157,2048157,0,0,0,0,0,0,train
segunda_revision,LPJM,2020-05-28_07_40_55,46,LPJM_2020-05-28_07_40_55_46.wav,1_xmvI-tJbIZEfh4Jls2GpquuQJu0KcCt,NoStutteredWords,1,False,0,0,0,0,0,1,2309701,2357701,0,0,0,0,0,0,train
segunda_revision,LPJM,2020-05-28_07_40_55,54,LPJM_2020-05-28_07_40_55_54.wav,1ZEBw5vWLNxGiuiE9BNQlRIFnfVoJFYXX,NoStutteredWords,1,False,0,0,0,0,0,1,2644448,2692448,0,0,0,0,0,0,train
segunda_revision,LPJM,2020-05-28_07_40_55,55,LPJM_2020-05-28_07_40_55_55.wav,1_vFK8ATFeb8R-UavVI849qEKWA0bmpaG,NoStutteredWords,1,False,0,0,0,0,0,1,2683342,2731342,0,0,0,0,0,0,train
segunda_revision,LPJM,2020-05-28_07_40_55,56,LPJM_2020-05-28_07_40_55_56.wav,1au49JVh67DaqEcgdpbaBDrcUOX6r14wu,NoStutteredWords,1,False,0,0,0,0,0,1,2756861,2804861,0,0,0,0,0,0,train
segunda_revision,LPJM,2020-05-28_07_45_55,1,LPJM_2020-05-28_07_45_55_1.wav,1YmgOoB-OcCAen8yY9cs2fHDvZ4cu1sNw,Block,1,False,0,0,1,0,0,0,77314,125314,0,0,0,0,0,0,train
segunda_revision,PVM,2020-05-27_01_01_37,5,PVM_2020-05-27_01_01_37_5.wav,1PxCifW_v3UAMx5BedCcXzaCoBnLK-Ws1,NoStutteredWords,1,False,0,0,0,0,0,1,320476,368476,0,0,0,0,0,0,train
segunda_revision,PVM,2020-05-27_01_01_37,13,PVM_2020-05-27_01_01_37_13.wav,1NVXWYn-jHwJv9PoqPzyryTpalVOZ1Bao,SoundRep,1,False,0,0,0,1,0,0,624481,672481,0,0,0,0,0,0,train
segunda_revision,PVM,2020-05-27_01_01_37,14,PVM_2020-05-27_01_01_37_14.wav,1Q-STck2Vr2ICU1Ot5vll_sQbD6KDMjTX,Prolongation,1,False,0,0,0,0,1,0,642507,690507,0,0,0,0,0,0,train
segunda_revision,PVM,2020-05-27_01_01_37,15,PVM_2020-05-27_01_01_37_15.wav,1OpXBfRdYTLvgdvvPfDR7718_O890fSFH,Prolongation,1,False,0,0,0,0,1,0,655452,703452,0,0,0,0,0,0,train
segunda_revision,PVM,2020-05-27_01_01_37,17,PVM_2020-05-27_01_01_37_17.wav,1QXKTZV8TJBknTqp_VuqzU9U2mC13I21Z,NoStutteredWords,1,False,0,0,0,0,0,1,714435,762435,0,0,0,0,0,0,train
segunda_revision,PVM,2020-05-27_01_01_37,20,PVM_2020-05-27_01_01_37_20.wav,1QYXlZWchja0z7o3-nz17NRBHMCUM9QNO,NoStutteredWords,1,False,0,0,0,0,0,1,1037730,1085730,0,0,0,1,1,0,train
segunda_revision,PVM,2020-05-27_01_01_37,25,PVM_2020-05-27_01_01_37_25.wav,1Q4r0XPWPr7DI1E719RvgBREta1NHIXPH,NoStutteredWords,1,False,0,0,0,0,0,1,1298534,1346534,0,0,0,0,0,0,train
segunda_revision,PVM,2020-05-27_01_01_37,37,PVM_2020-05-27_01_01_37_37.wav,1NhbJzJvQR0ATtWl5OV2Izxpt56G-S3br,NoStutteredWords,1,False,0,0,0,0,0,1,1834356,1882356,0,0,0,0,0,0,train
segunda_revision,PVM,2020-05-27_03_20_01,9,PVM_2020-05-27_03_20_01_9.wav,1diqqQpX4i_ItIw3h7vhmcXBNdfZ23k9e,SoundRep,1,False,0,0,0,1,0,0,415786,463786,0,0,0,0,0,0,train
segunda_revision,PVM,2020-05-27_03_20_01,11,PVM_2020-05-27_03_20_01_11.wav,1crMvnHj9erSgqEEoM02HvPsXQfNgQIwI,Block,1,False,0,0,1,0,0,0,544749,592749,0,0,0,0,0,0,train
segunda_revision,PVM,2020-05-27_03_20_01,89,PVM_2020-05-27_03_20_01_89.wav,1boEbtYwfvvz6mEq9qIb5tEb_sjRWs5UA,NoStutteredWords,1,False,0,0,0,0,0,1,4076723,4124723,0,0,0,0,0,0,train
segunda_revision,PVM,2020-05-27_04_37_41,12,PVM_2020-05-27_04_37_41_12.wav,1aqi_Q7LgMTNLc6JVyKtXPMsWb9SQrMIB,Block,1,False,0,0,1,0,0,0,766539,814539,0,0,0,0,0,0,train
segunda_revision,PVM,2020-05-27_04_37_41,15,PVM_2020-05-27_04_37_41_15.wav,1cRDQ_UoAihpHJByugoZK7oULfdF6E8gy,NoStutteredWords,1,False,0,0,0,0,0,1,896023,944023,0,0,0,0,0,0,train
segunda_revision,PVM,2020-05-27_04_37_41,24,PVM_2020-05-27_04_37_41_24.wav,1bbrCqEsH0Ox0o1wKyLRR2iS20B5I7enf,NoStutteredWords,1,False,0,0,0,0,0,1,1401135,1449135,0,0,0,0,0,0,train
segunda_revision,PVM,2020-05-27_04_37_41,40,PVM_2020-05-27_04_37_41_40.wav,1bcTnpNtZ4NOS4e2fY_hSOxWcLLs9l1DU,NoStutteredWords,1,False,0,0,0,0,0,1,2240849,2288849,0,0,0,0,0,0,train
segunda_revision,PVM,2020-05-27_05_24_23,11,PVM_2020-05-27_05_24_23_11.wav,1E3VsAbRXSqsrxBhfqkM7KeKBg1fF3wh4,NoStutteredWords,1,False,0,0,0,0,0,1,655828,703828,0,0,0,0,0,0,train
segunda_revision,PVM,2020-05-27_05_24_23,31,PVM_2020-05-27_05_24_23_31.wav,1FNPqlSsS7glV0sYr8nqR0aJ0YzrErqqx,NoStutteredWords,1,False,0,0,0,0,0,1,2038045,2086045,0,0,0,1,0,0,train
segunda_revision,PVM,2020-05-27_05_24_23,38,PVM_2020-05-27_05_24_23_38.wav,1DexJ_1FSwUS3ipAlI6BKMhGpgXyGDYVG,SoundRep,1,False,0,0,0,1,0,0,2442668,2490668,0,0,0,0,0,0,train
segunda_revision,PVM,2020-05-27_06_12_08,4,PVM_2020-05-27_06_12_08_4.wav,1Aa5QpqKHvMr7thUp2aCOkmV1_SQFZBvN,NoStutteredWords,1,False,0,0,0,0,0,1,260745,308745,0,0,0,1,0,0,train
segunda_revision,PVM,2020-05-27_06_12_08,7,PVM_2020-05-27_06_12_08_7.wav,19NomvNFIRGypKqOOh6tBVLUYe32XWUVh,NoStutteredWords,1,False,0,0,0,0,0,1,390578,438578,0,0,0,0,0,0,train
segunda_revision,PVM,2020-05-27_06_12_08,11,PVM_2020-05-27_06_12_08_11.wav,19haRHE6WbSSU_QwC--CratSgVqCByL1k,Block,1,False,0,0,1,0,0,0,635013,683013,0,0,0,0,0,0,train
segunda_revision,PVM,2020-05-27_06_12_08,19,PVM_2020-05-27_06_12_08_19.wav,19ewaGfys40-LlVM8c6efSApoWLZ82lPh,NoStutteredWords,1,False,0,0,0,0,0,1,1104789,1152789,0,0,0,0,0,0,train
segunda_revision,PVM,2020-05-27_06_12_08,20,PVM_2020-05-27_06_12_08_20.wav,183YW9YFl3tbIXVSkDX-Gs77lylEGqxlD,NoStutteredWords,1,False,0,0,0,0,0,1,1138135,1186135,0,0,0,0,0,0,train
segunda_revision,PVM,2020-05-27_06_12_08,25,PVM_2020-05-27_06_12_08_25.wav,17l4OMXO8TGnrok_uGZQPVppC2FwcLO17,NoStutteredWords,1,False,0,0,0,0,0,1,1304937,1352937,0,0,0,0,0,0,train
segunda_revision,PVM,2020-05-27_06_12_08,31,PVM_2020-05-27_06_12_08_31.wav,19Kuue7zMvFJsyyubAxurjngczU-EH6wP,NoStutteredWords,1,False,0,0,0,0,0,1,1481398,1529398,0,0,0,1,0,0,train
segunda_revision,PVM,2020-05-27_06_12_08,46,PVM_2020-05-27_06_12_08_46.wav,16k6SnXrDV4NY7RxPzUDtUSVXe8KP6m6y,NoStutteredWords,1,False,0,0,0,0,0,1,2123964,2171964,0,0,0,0,0,0,train
segunda_revision,PVM,2020-05-27_06_12_08,48,PVM_2020-05-27_06_12_08_48.wav,183OytkCBU0XkjaqwAVCJTNhn3GhXCnsi,NoStutteredWords,1,False,0,0,0,0,0,1,2192181,2240181,0,0,0,0,0,0,train
segunda_revision,PVM,2020-05-27_06_12_08,49,PVM_2020-05-27_06_12_08_49.wav,18FwfGyHl4qfqKEhh7NiP2hL4CDDbeft3,NoStutteredWords,1,False,0,0,0,0,0,1,2214077,2262077,0,0,0,0,0,0,train
segunda_revision,PVM,2020-05-27_06_12_08,50,PVM_2020-05-27_06_12_08_50.wav,17fxjcR8r0uGX7Euzkpca4HjMFhBoErbj,NoStutteredWords,1,False,0,0,0,0,0,1,2239169,2287169,0,0,0,0,0,0,train
segunda_revision,PVM,2020-05-27_08_00_37,6,PVM_2020-05-27_08_00_37_6.wav,1_BQasjpB5REqbaNtu-53uq9gFuPT8Rhj,NoStutteredWords,1,False,0,0,0,0,0,1,492070,540070,0,0,0,0,1,0,train
segunda_revision,PVM,2020-05-27_08_00_37,19,PVM_2020-05-27_08_00_37_19.wav,1__-sSRXz65kOBmG_BjexQg5lPSKxW49D,NoStutteredWords,1,False,0,0,0,0,0,1,1085238,1133238,0,0,0,0,0,0,train
segunda_revision,PVM,2020-05-27_08_00_37,21,PVM_2020-05-27_08_00_37_21.wav,1ZU4TVruJaLdols0DrAJj7dH7eoiq9jP7,Block,2,False,0,0,1,1,0,0,1256044,1304044,0,0,0,0,0,0,train
segunda_revision,PVM,2020-05-27_08_00_37,24,PVM_2020-05-27_08_00_37_24.wav,1XnSJ8mV3cKCuooCohXP--R0-MJ1Dzo3k,Block,1,False,0,0,1,0,0,0,1403066,1451066,0,0,0,0,0,0,train
segunda_revision,PVM,2020-05-27_08_00_37,32,PVM_2020-05-27_08_00_37_32.wav,1_2YQ8pb8csZ1VSui5Lrqa8Ht8aaze7Sp,NoStutteredWords,1,False,0,0,0,0,0,1,1754635,1802635,0,0,0,0,0,0,train
segunda_revision,PVM,2020-05-27_08_00_37,39,PVM_2020-05-27_08_00_37_39.wav,1Yc98xbzKgM7qe9vpUuQ8tcddjHHNzxwI,NoStutteredWords,1,False,0,0,0,0,0,1,2089698,2137698,0,0,0,0,0,0,train
segunda_revision,PVM,2020-05-27_08_00_37,42,PVM_2020-05-27_08_00_37_42.wav,1ZkPyox8hbXcln5Et0PxorK9kbtp7bOre,NoStutteredWords,1,False,0,0,0,0,0,1,2233850,2281850,0,0,0,0,0,0,train
segunda_revision,PVM,2020-05-27_10_00_18,4,PVM_2020-05-27_10_00_18_4.wav,1Tf7hv6c9BAi79e3gma0tx4DlpMv8ap3j,Prolongation,1,False,0,0,0,0,1,0,170278,218278,0,0,0,0,0,0,train
segunda_revision,PVM,2020-05-27_10_00_18,7,PVM_2020-05-27_10_00_18_7.wav,1U0NpljAogNr6nNT7ATZ94Zml1kMrkalP,NoStutteredWords,1,False,0,0,0,0,0,1,233152,281152,0,0,0,0,0,0,train
segunda_revision,PVM,2020-05-27_10_00_18,16,PVM_2020-05-27_10_00_18_16.wav,1TLYCg5vzhRc9q5-APhYD9ZkZ1z6HiwjY,SoundRep,1,False,0,0,0,1,0,0,572429,620429,0,0,0,0,0,0,train
segunda_revision,PVM,2020-05-27_10_00_18,17,PVM_2020-05-27_10_00_18_17.wav,1UFAFNkHdWv93wDF6gALFhRUVW5bgv3jf,SoundRep,1,False,0,0,0,1,0,0,607156,655156,0,0,0,0,0,0,train
segunda_revision,PVM,2020-05-27_10_00_18,19,PVM_2020-05-27_10_00_18_19.wav,1RoSQ4XBAwsuifX4FFFPX7DL48qCEt3KD,Block,2,False,0,0,1,0,1,0,772216,820216,0,0,0,0,0,0,train
segunda_revision,PVM,2020-05-27_10_00_18,20,PVM_2020-05-27_10_00_18_20.wav,1Th1xdyEpshgD-vs7j3LnnXvN2QJ29LNE,SoundRep,1,False,0,0,0,1,0,0,791691,839691,1,0,0,0,0,0,train
segunda_revision,PVM,2020-05-27_10_00_18,24,PVM_2020-05-27_10_00_18_24.wav,1VBIBFgZcY2q5TDeok1cWLx9IJKrcvD7e,NoStutteredWords,1,False,0,0,0,0,0,1,993389,1041389,0,0,0,0,0,0,train
segunda_revision,PVM,2020-05-27_10_00_18,31,PVM_2020-05-27_10_00_18_31.wav,1VYFKlBYJXrw0JHJxxVrYneQ_JN_YPLoM,NoStutteredWords,1,False,0,0,0,0,0,1,1246451,1294451,0,0,0,0,0,0,train
segunda_revision,PVM,2020-05-27_10_00_18,35,PVM_2020-05-27_10_00_18_35.wav,1SDI_o3eWLtk7RSS1yG76REBY_RxD0erF,SoundRep,1,False,0,0,0,1,0,0,1545635,1593635,0,0,0,0,0,0,train
segunda_revision,PVM,2020-05-27_10_00_18,54,PVM_2020-05-27_10_00_18_54.wav,1SFKhuC2cGtDi7G4GMJB3FVSXs2S8HuiQ,SoundRep,1,False,0,0,0,1,0,0,2416281,2464281,0,0,0,0,0,0,train
segunda_revision,PVM,2020-05-27_10_00_18,59,PVM_2020-05-27_10_00_18_59.wav,1VGdfrAccprWh598jvVshVV13Db43C1St,SoundRep,1,False,0,0,0,1,0,0,2684685,2732685,0,0,0,0,0,0,train
segunda_revision,PVM,2020-05-27_10_00_18,71,PVM_2020-05-27_10_00_18_71.wav,1SmEwIJd4Mr_hBY7cbIqD7fF5jhZCwdp_,SoundRep,1,False,0,0,0,1,0,0,3295062,3343062,1,0,0,0,0,0,train
segunda_revision,PVM,2020-05-27_10_00_18,76,PVM_2020-05-27_10_00_18_76.wav,1R6OiWv0GaQVXjkURR-vjGeyfurw3T1vv,NoStutteredWords,1,False,0,0,0,0,0,1,3578533,3626533,0,0,0,0,0,0,train
segunda_revision,PVM,2020-05-27_10_00_18,81,PVM_2020-05-27_10_00_18_81.wav,1SRYL6VlY9p6AolFFpZ-R7-NPlD3FWkOA,Block,1,False,0,0,1,0,0,0,3825306,3873306,0,0,0,0,0,0,train
segunda_revision,PVM,2020-05-27_10_17_06,5,PVM_2020-05-27_10_17_06_5.wav,1B-dtgObvDKzUxg1wU7nzlNWVJG1bTDOv,SoundRep,1,False,0,0,0,1,0,0,267417,315417,0,0,0,0,0,0,train
segunda_revision,PVM,2020-05-27_10_17_06,15,PVM_2020-05-27_10_17_06_15.wav,1BeEcieqZ5lbMi8Bj0puXG-0rlmxDfs2l,SoundRep,1,False,0,0,0,1,0,0,684220,732220,1,0,0,0,0,0,train
segunda_revision,PVM,2020-05-27_10_17_06,19,PVM_2020-05-27_10_17_06_19.wav,1Awwb4SxqNrJZl7x4wmb6ZDZbJaVGYO6Z,SoundRep,1,False,0,0,0,1,0,0,929784,977784,0,0,0,0,0,0,train
segunda_revision,PVM,2020-05-27_10_17_06,39,PVM_2020-05-27_10_17_06_39.wav,1AgxFTwoIx2jPd6Q97xktRhe5e7nUCoty,NoStutteredWords,1,False,0,0,0,0,0,1,1820952,1868952,0,0,0,0,0,0,train
segunda_revision,PVM,2020-05-27_10_17_06,41,PVM_2020-05-27_10_17_06_41.wav,1CfJn9UQEkXcau__HcS5cZisMk3HE35Ue,NoStutteredWords,1,False,0,0,0,0,0,1,1916359,1964359,0,0,0,0,0,0,train
segunda_revision,PVM,2020-05-27_10_17_06,44,PVM_2020-05-27_10_17_06_44.wav,1CUwV3pvbTxIjJP_9qcm341sfRw8m976q,Prolongation,1,False,0,0,0,0,1,0,2025225,2073225,0,0,0,0,0,0,train
segunda_revision,PVM,2020-05-27_10_17_06,46,PVM_2020-05-27_10_17_06_46.wav,19HaqzyDw6M9_3JM4meTcRpQBIUkrCP6q,NoStutteredWords,1,False,0,0,0,0,0,1,2058876,2106876,0,0,0,0,0,0,train
segunda_revision,PVM,2020-05-27_10_17_06,47,PVM_2020-05-27_10_17_06_47.wav,1ACbrhX-w-L3lNZ7VhT_qEVJLKb2F1nLA,NoStutteredWords,1,False,0,0,0,0,0,1,2103905,2151905,0,0,0,0,0,0,train
segunda_revision,PVM,2020-05-27_10_17_06,51,PVM_2020-05-27_10_17_06_51.wav,18y3YF8f_sO7s8nobtcy46tuTujotdX5m,NoStutteredWords,1,False,0,0,0,0,0,1,2314535,2362535,0,0,0,0,0,0,train
segunda_revision,PVM,2020-05-27_10_31_54,6,PVM_2020-05-27_10_31_54_6.wav,1s6buElMV28tU9p6QitnekybPeapw7mFr,Block,1,False,0,0,1,0,0,0,296189,344189,0,0,0,0,0,0,train
segunda_revision,PVM,2020-05-27_10_31_54,11,PVM_2020-05-27_10_31_54_11.wav,1rhaOc9d6YIRyLTOSFWifynpxvsccV2NV,NoStutteredWords,1,False,0,0,0,0,0,1,504363,552363,0,0,0,1,0,0,train
segunda_revision,PVM,2020-05-27_10_31_54,35,PVM_2020-05-27_10_31_54_35.wav,1qhqhwFxDGhFlB8CRhCstYVxX0en0kT5w,NoStutteredWords,1,False,0,0,0,0,0,1,1652010,1700010,0,0,0,0,0,0,train
segunda_revision,PVM,2020-05-27_10_31_54,39,PVM_2020-05-27_10_31_54_39.wav,1rsFmitFeTkNK36wa4R5M1YdAX81Z5C9D,NoStutteredWords,1,False,0,0,0,0,0,1,1829276,1877276,0,0,0,0,0,0,train
segunda_revision,PVM,2020-05-27_10_31_54,46,PVM_2020-05-27_10_31_54_46.wav,1t5_DGC85TEWU7JIA0vpUoY45NvInYXpB,NoStutteredWords,1,False,0,0,0,0,0,1,2105000,2153000,0,0,0,0,0,0,train
segunda_revision,PVM,2020-05-27_10_31_54,47,PVM_2020-05-27_10_31_54_47.wav,1q8x2d8EgdL4-IRQuJ2-7U2mNjgECBKDB,NoStutteredWords,1,False,0,0,0,0,0,1,2184524,2232524,0,0,0,0,0,0,train
segunda_revision,PVM,2020-05-27_10_42_18,2,PVM_2020-05-27_10_42_18_2.wav,1P8NjBBz4STq51azM_wfrIEI9icRIK7Jf,SoundRep,2,False,0,0,0,1,1,0,209844,257844,0,0,0,0,0,0,train
segunda_revision,PVM,2020-05-27_10_42_18,10,PVM_2020-05-27_10_42_18_10.wav,1QHuGsNrya1F0uH1gPqsZlqtaHsUB6Q1d,NoStutteredWords,1,False,0,0,0,0,0,1,534861,582861,0,0,0,0,0,0,train
segunda_revision,PVM,2020-05-27_10_42_18,12,PVM_2020-05-27_10_42_18_12.wav,1LUfTKzLx9yk4mLaN-jqp2IsfoMgbRFuM,SoundRep,1,False,0,0,0,1,0,0,586691,634691,0,0,0,0,0,0,train
segunda_revision,PVM,2020-05-27_10_42_18,14,PVM_2020-05-27_10_42_18_14.wav,1N0FrfVzaPEyPm2ZgvzBOLdSaEWND19g0,NoStutteredWords,1,False,0,0,0,0,0,1,665613,713613,0,0,0,0,0,0,train
segunda_revision,PVM,2020-05-27_10_42_18,25,PVM_2020-05-27_10_42_18_25.wav,1PWQpWeFIT0BVlHgabstirlfAntOoBIgE,SoundRep,1,False,0,0,0,1,0,0,1102670,1150670,0,0,0,0,0,0,train
segunda_revision,PVM,2020-05-27_10_42_18,27,PVM_2020-05-27_10_42_18_27.wav,1M2rf1GYA-LeDo-1bwQUbHYzt1V4t_9jB,NoStutteredWords,1,False,0,0,0,0,0,1,1160279,1208279,0,0,0,0,0,0,train
segunda_revision,PVM,2020-05-27_10_42_18,28,PVM_2020-05-27_10_42_18_28.wav,1M_1436KpXvzuU49OewOil2LpuFkZBPos,Block,1,False,0,0,1,0,0,0,1266723,1314723,0,0,0,0,0,0,train
segunda_revision,PVM,2020-05-27_10_42_18,55,PVM_2020-05-27_10_42_18_55.wav,1QQH1wMg3J3yMEUuXxY3aR_R8-3KNbSya,NoStutteredWords,1,False,0,0,0,0,0,1,2758172,2806172,0,0,0,0,0,0,train
segunda_revision,PVM,2020-05-27_10_42_18,68,PVM_2020-05-27_10_42_18_68.wav,1OkdB1wmYNbg_Nd80JG1261LaxsCZh-BT,NoStutteredWords,1,False,0,0,0,0,0,1,3223398,3271398,0,0,0,0,0,0,train
segunda_revision,PVM,2020-05-28_03_15_48,5,PVM_2020-05-28_03_15_48_5.wav,1yK-9M5dqu9RiO9M_k_qLGVrowcs5QPzJ,NoStutteredWords,1,False,0,0,0,0,0,1,301370,349370,0,0,0,0,0,0,train
segunda_revision,PVM,2020-05-28_03_15_48,8,PVM_2020-05-28_03_15_48_8.wav,1yvUp1JtP8RI14SL3KpcJmg0LKqH2hgnO,NoStutteredWords,1,False,0,0,0,0,0,1,508183,556183,0,0,0,0,0,0,train
segunda_revision,PVM,2020-05-28_03_15_48,9,PVM_2020-05-28_03_15_48_9.wav,1yv1uGjXljxEUVrLvnrxBHwvahBMiEAbG,Interjection,1,False,1,0,0,0,0,0,561591,609591,1,0,0,0,0,0,train
segunda_revision,PVM,2020-05-28_03_15_48,24,PVM_2020-05-28_03_15_48_24.wav,1yJ0lXkSzlIeBMACg_dqnEa4uDbDlGdC5,Prolongation,1,False,0,0,0,0,1,0,1612441,1660441,0,0,0,0,0,0,train
segunda_revision,PVM,2020-05-28_03_43_16,14,PVM_2020-05-28_03_43_16_14.wav,1VQm3iorlPba23hgr4XwBybd0M5_6eXit,Block,1,False,0,0,1,0,0,0,882842,930842,0,0,0,0,0,0,train
segunda_revision,PVM,2020-05-28_03_43_16,22,PVM_2020-05-28_03_43_16_22.wav,1X5v-UJRML01wntTzVaFqEserogYzbGGg,NoStutteredWords,1,False,0,0,0,0,0,1,1247795,1295795,0,0,0,0,0,0,train
segunda_revision,PVM,2020-05-28_03_43_16,26,PVM_2020-05-28_03_43_16_26.wav,1X10ZGTLhR3L77mPxiA6ckYe14HKgJRg2,NoStutteredWords,1,False,0,0,0,0,0,1,1477792,1525792,0,0,0,0,0,0,train
segunda_revision,PVM,2020-05-28_03_43_16,33,PVM_2020-05-28_03_43_16_33.wav,1VcfShzqe0ywXCLPJNydZmdY9yGuZfnE7,NoStutteredWords,1,False,0,0,0,0,0,1,1824903,1872903,0,0,0,1,0,0,train
segunda_revision,PVM,2020-05-28_03_43_16,42,PVM_2020-05-28_03_43_16_42.wav,1X6zO_-Z4kl5ICh9XCmVnoHCal456SH_A,NoStutteredWords,1,False,0,0,0,0,0,1,2323539,2371539,0,0,0,0,0,0,train
segunda_revision,PVM,2020-05-28_05_03_30,18,PVM_2020-05-28_05_03_30_18.wav,1LNxPrQ1ZSCXusA_WnSR9pvo1zCqjbQX2,NoStutteredWords,1,False,0,0,0,0,0,1,935975,983975,0,0,0,0,0,0,train
segunda_revision,PVM,2020-05-28_05_03_30,19,PVM_2020-05-28_05_03_30_19.wav,1LWPs1RUqoj3odfIdbKpl7u6KD_xPdc27,SoundRep,1,False,0,0,0,1,0,0,1029195,1077195,0,0,0,0,0,0,train
segunda_revision,PVM,2020-05-28_05_03_30,22,PVM_2020-05-28_05_03_30_22.wav,1KSJaAKw5ax2K_Fb65EBVbaa4MheQgGrg,NoStutteredWords,1,False,0,0,0,0,0,1,1166464,1214464,0,0,0,0,0,0,train
segunda_revision,PVM,2020-05-28_05_03_30,25,PVM_2020-05-28_05_03_30_25.wav,1KOS8H0xb0dQc72cBBzGdT7OgcMS6GDJY,Prolongation,1,False,0,0,0,0,1,0,1358750,1406750,0,0,0,0,0,0,train
segunda_revision,PVM,2020-05-28_06_26_30,2,PVM_2020-05-28_06_26_30_2.wav,1VjhnntavsNw5AHaBu6x7LCtVR0sx15d2,NoStutteredWords,1,False,0,0,0,0,0,1,147111,195111,0,0,0,0,0,0,train
segunda_revision,PVM,2020-05-28_06_26_30,3,PVM_2020-05-28_06_26_30_3.wav,1VnzSKJX4cpHeMEh944_I5W3gNzfkAChf,NoStutteredWords,1,False,0,0,0,0,0,1,191846,239846,0,0,0,0,0,0,train
segunda_revision,PVM,2020-05-28_06_26_30,10,PVM_2020-05-28_06_26_30_10.wav,1V9c81J-vteLzwzdaf6S3wr070oqyrXEc,NoStutteredWords,1,False,0,0,0,0,0,1,406051,454051,0,0,0,0,0,0,train
segunda_revision,PVM,2020-05-28_06_26_30,30,PVM_2020-05-28_06_26_30_30.wav,1TvMJPLDiJFX0tEQc9zJcXLwmFwEsBXDr,NoStutteredWords,1,False,0,0,0,0,0,1,1723775,1771775,0,0,0,0,0,0,train
segunda_revision,PVM,2020-05-28_06_26_30,40,PVM_2020-05-28_06_26_30_40.wav,1U2lEaOUhYRPN6mOG6uf8IJtlbI1Tng0S,NoStutteredWords,1,False,0,0,0,0,0,1,2597234,2645234,0,0,0,0,0,0,train
segunda_revision,PVM,2020-05-28_07_56_38,7,PVM_2020-05-28_07_56_38_7.wav,151GnN2I46o80Do7vNVRzaO-KY0YaI4qh,SoundRep,1,False,0,0,0,1,0,0,421936,469936,0,0,0,0,0,0,train
segunda_revision,PVM,2020-05-28_07_56_38,41,PVM_2020-05-28_07_56_38_41.wav,14T0Zqt4N9hBssCChdGc_KtqfaCsS3JDO,Block,1,False,0,0,1,0,0,0,1673257,1721257,0,0,0,0,0,0,train
segunda_revision,PVM,2020-05-28_07_56_38,48,PVM_2020-05-28_07_56_38_48.wav,116vJxbHkP263vE-SvaBBgqd8ty14Wdqe,NoStutteredWords,1,False,0,0,0,0,0,1,2024331,2072331,0,0,0,0,0,0,train
segunda_revision,PVM,2020-05-28_07_56_38,53,PVM_2020-05-28_07_56_38_53.wav,15xxipKAk7hl-316z7gJOnVj6ghDswfyi,NoStutteredWords,1,False,0,0,0,0,0,1,2179150,2227150,0,0,0,0,0,0,train
segunda_revision,PVM,2020-05-28_07_56_38,60,PVM_2020-05-28_07_56_38_60.wav,115J5uR1Z4i_Kh-MtmLlX4rdCnhiu7Ukp,NoStutteredWords,1,False,0,0,0,0,0,1,2488748,2536748,0,0,0,0,0,0,train
segunda_revision,PVM,2020-05-28_07_56_38,65,PVM_2020-05-28_07_56_38_65.wav,15TOI6YpZIla0Nge6e74nkRXPbioFwaBD,NoStutteredWords,1,False,0,0,0,0,0,1,2692602,2740602,0,0,0,0,0,0,train
segunda_revision,PVM,2020-05-28_07_56_38,68,PVM_2020-05-28_07_56_38_68.wav,16dJNgcSjE9dzLa4gy-Lh1X4GCo5MW0Vn,NoStutteredWords,1,False,0,0,0,0,0,1,2831278,2879278,0,0,0,0,0,0,train
segunda_revision,PVM,2020-05-28_08_35_19,2,PVM_2020-05-28_08_35_19_2.wav,1hYYI2cNDFlrk03GN3-TnR3nIRQ9BfbAe,SoundRep,1,False,0,0,0,1,0,0,182410,230410,0,0,0,0,0,0,train
segunda_revision,PVM,2020-05-28_08_35_19,5,PVM_2020-05-28_08_35_19_5.wav,1hUPdjYfTsWm5kU4cG9aWqjxvC5nJgrFL,Block,1,False,0,0,1,0,0,0,264107,312107,0,0,0,0,0,0,train
segunda_revision,PVM,2020-05-28_08_35_19,10,PVM_2020-05-28_08_35_19_10.wav,1gWCjXCP7j8xuJiddcA36PSwODuaWEOBf,NoStutteredWords,1,False,0,0,0,0,0,1,477741,525741,0,0,0,0,0,0,train
segunda_revision,PVM,2020-05-28_08_35_19,13,PVM_2020-05-28_08_35_19_13.wav,1g85E7UIgrBJN0Ldiyj0hu_xiNferWd8x,NoStutteredWords,1,False,0,0,0,0,0,1,679208,727208,0,0,0,0,0,0,train
segunda_revision,PVM,2020-05-28_08_35_19,16,PVM_2020-05-28_08_35_19_16.wav,1fx7yG0xGI4Bb-eebX9iT7Ps406HCQJXq,NoStutteredWords,1,False,0,0,0,0,0,1,863231,911231,0,0,0,0,0,0,train
segunda_revision,PVM,2020-05-28_08_35_19,29,PVM_2020-05-28_08_35_19_29.wav,1g-hCA0Eum-7gIYFOMrOE7HVlKf3KN0G8,NoStutteredWords,1,False,0,0,0,0,0,1,1567815,1615815,0,0,0,0,0,0,train
segunda_revision,PVM,2020-05-28_08_35_19,31,PVM_2020-05-28_08_35_19_31.wav,1fmJuG5Xr2pO7o9kbyWJNnWVqR_O638z5,NoStutteredWords,1,False,0,0,0,0,0,1,1666014,1714014,0,0,0,0,0,0,train
segunda_revision,PVM,2020-05-28_08_37_27,1,PVM_2020-05-28_08_37_27_1.wav,1hqECp7DQKY6JNjzzwUGg5AmPcZLuawIO,Block,1,False,0,0,1,0,0,0,46504,94504,0,0,0,0,0,0,train
segunda_revision,PVM,2020-05-28_08_37_27,5,PVM_2020-05-28_08_37_27_5.wav,1jBZjZ_Vz00VnT9dDCCBjEUpd90PD3xqZ,NoStutteredWords,1,False,0,0,0,0,0,1,274590,322590,0,0,0,0,0,0,train
segunda_revision,PVM,2020-05-28_08_37_27,14,PVM_2020-05-28_08_37_27_14.wav,1migSO0NKQkakJbcEpYVaNUWIuaqXfH-1,SoundRep,1,False,0,0,0,1,0,0,692813,740813,0,0,0,0,0,0,train
segunda_revision,PVM,2020-05-28_08_37_27,21,PVM_2020-05-28_08_37_27_21.wav,1i5fFO8SheHmZiQqp9J1oBYhrfRZ0whnN,SoundRep,1,False,0,0,0,1,0,0,1005944,1053944,0,0,0,0,0,0,train
segunda_revision,PVM,2020-05-28_08_37_27,35,PVM_2020-05-28_08_37_27_35.wav,1jYrtHxx_GXt4YIxdXZZMJdFwdmYlOQEb,NoStutteredWords,1,False,0,0,0,0,0,1,1497307,1545307,0,0,0,0,0,0,train
segunda_revision,PVM,2020-05-28_08_37_27,39,PVM_2020-05-28_08_37_27_39.wav,1k7hqjDafxyXD16UkhI51blKFMRUHGpdE,NoStutteredWords,1,False,0,0,0,0,0,1,1603435,1651435,0,0,0,0,0,0,train
segunda_revision,PVM,2020-05-28_08_37_27,46,PVM_2020-05-28_08_37_27_46.wav,1isBUbVg56IRWULjs1m6LNc0uhX6Qbs_y,Block,1,False,0,0,1,0,0,0,1878703,1926703,0,0,0,0,0,0,train
segunda_revision,PVM,2020-05-28_08_37_27,62,PVM_2020-05-28_08_37_27_62.wav,1jm5I2Eh0lb4eE8mRow4X0jyZjOdtoI2I,NoStutteredWords,1,False,0,0,0,0,0,1,2541683,2589683,0,0,0,0,0,0,train
segunda_revision,PVM,2020-05-28_08_37_27,64,PVM_2020-05-28_08_37_27_64.wav,1jTFgA6LWvFNGTOkyzicW6ai11E4PM2vw,NoStutteredWords,1,False,0,0,0,0,0,1,2609943,2657943,0,0,0,0,0,0,train
segunda_revision,PVM,2020-05-28_09_51_59,23,PVM_2020-05-28_09_51_59_23.wav,11bEkod_M9nOhzvMA8cFmEwUR8p9_Xn06,WordRep,1,False,0,1,0,0,0,0,958676,1006676,0,0,0,0,0,0,train
segunda_revision,PVM,2020-05-28_09_51_59,25,PVM_2020-05-28_09_51_59_25.wav,126OX8OXn7S1vVpd4EW9ASzwCgLhSJfsQ,NoStutteredWords,1,False,0,0,0,0,0,1,1062185,1110185,0,0,0,0,1,0,train
segunda_revision,PVM,2020-05-28_09_51_59,33,PVM_2020-05-28_09_51_59_33.wav,12do90uQRu9fRm7w3T358CJAoq3BvAL1N,SoundRep,1,False,0,0,0,1,0,0,1444130,1492130,0,0,0,0,0,0,train
segunda_revision,PVM,2020-05-28_09_51_59,51,PVM_2020-05-28_09_51_59_51.wav,11fSYTDifCmJrH1676vw9ZXVHwjm3n4YE,NoStutteredWords,1,False,0,0,0,0,0,1,2386016,2434016,0,0,0,0,0,0,train
segunda_revision,PVM,2020-05-28_11_02_45,0,PVM_2020-05-28_11_02_45_0.wav,1zBd3L7ON9R-rQcmgR_OaihHZzC3lkZZw,SoundRep,1,False,0,0,0,1,0,0,35954,83954,0,0,0,0,0,0,train
segunda_revision,PVM,2020-05-28_11_02_45,2,PVM_2020-05-28_11_02_45_2.wav,1ygFS9BYxaW1OrqgwaUu-tLYFj6-mlrZf,SoundRep,1,False,0,0,0,1,0,0,148854,196854,0,0,0,0,0,0,train
segunda_revision,PVM,2020-05-28_11_02_45,25,PVM_2020-05-28_11_02_45_25.wav,1yR5n8yqIcEd3jRHgz8Tr4SgIkrDX60Xf,SoundRep,1,False,0,0,0,1,0,0,1436365,1484365,0,0,0,0,0,0,train
segunda_revision,PVM,2020-05-28_11_02_45,26,PVM_2020-05-28_11_02_45_26.wav,1zk52l8q1Z-g20IQQddzmuGGp3z_h_tlu,NoStutteredWords,1,False,0,0,0,0,0,1,1478831,1526831,0,0,0,0,0,0,train
segunda_revision,PVM,2020-05-28_11_02_45,28,PVM_2020-05-28_11_02_45_28.wav,1z5fxsmUpKM88LpAZHK_8BJzacibBmsCg,NoStutteredWords,1,False,0,0,0,0,0,1,1561885,1609885,0,0,0,0,0,0,train
segunda_revision,PVM,2020-05-28_12_12_58,8,PVM_2020-05-28_12_12_58_8.wav,1p7lGWQ_f7ZjwYjA0JczGhgKNRKfGaLMS,SoundRep,1,False,0,0,0,1,0,0,227727,275727,0,0,0,0,0,0,train
segunda_revision,PVM,2020-05-28_12_12_58,13,PVM_2020-05-28_12_12_58_13.wav,1p7tGJE59H_FJNzZc-SM5sFUTmqbUru0m,NoStutteredWords,1,False,0,0,0,0,0,1,405911,453911,0,0,0,0,0,0,train
segunda_revision,PVM,2020-05-28_12_12_58,16,PVM_2020-05-28_12_12_58_16.wav,1oGILHhKVZT_eaHDp1MAzl37cRZ4eudIY,NoStutteredWords,1,False,0,0,0,0,0,1,552541,600541,0,0,0,0,0,0,train
segunda_revision,PVM,2020-05-28_12_12_58,22,PVM_2020-05-28_12_12_58_22.wav,1mwQEtUUZo3Rzat6hin3jH-4PaZOmntBC,NoStutteredWords,1,False,0,0,0,0,0,1,823918,871918,0,0,0,0,0,0,train
segunda_revision,PVM,2020-05-28_12_12_58,23,PVM_2020-05-28_12_12_58_23.wav,1nmNPgeWnw9ssa08N1o3L1Q3Yk22OzOAb,NoStutteredWords,1,False,0,0,0,0,0,1,846297,894297,0,0,0,0,0,0,train
segunda_revision,PVM,2020-05-28_12_12_58,43,PVM_2020-05-28_12_12_58_43.wav,1nKmmju9VdIdXlbDDQdXDeFEBFqNNLI18,SoundRep,2,False,0,0,0,1,1,0,2009046,2057046,1,0,0,0,0,1,train
segunda_revision,PVM,2020-05-28_12_12_58,49,PVM_2020-05-28_12_12_58_49.wav,1osy3NpoSHfdlhWdayaOhk86tAoeDrTbP,NoStutteredWords,1,False,0,0,0,0,0,1,2174398,2222398,0,0,0,0,0,0,train
segunda_revision,PVM,2020-05-28_12_12_58,56,PVM_2020-05-28_12_12_58_56.wav,1nI41b_xI4J4WiP6VNJYuc0qodx1onaKE,NoStutteredWords,1,False,0,0,0,0,0,1,2498412,2546412,0,0,0,0,0,0,train
segunda_revision,PVM,2020-05-29_03_03_58,0,PVM_2020-05-29_03_03_58_0.wav,1BfBYihmUTSocGWFmp4_KQpV903d1S2rl,NoStutteredWords,1,False,0,0,0,0,0,1,32692,80692,0,0,0,0,0,0,train
segunda_revision,PVM,2020-05-29_03_03_58,10,PVM_2020-05-29_03_03_58_10.wav,1BG0avW1AEkpvPHDk3_IZTvQePZ3BrKW6,NoStutteredWords,1,False,0,0,0,0,0,1,746240,794240,0,0,0,0,0,0,train
segunda_revision,PVM,2020-05-29_03_03_58,12,PVM_2020-05-29_03_03_58_12.wav,1A8b1bKco3q8aV8fhBH4NkMo_wAh8feMG,NoStutteredWords,1,False,0,0,0,0,0,1,807146,855146,0,0,0,0,0,0,train
segunda_revision,PVM,2020-05-29_03_03_58,23,PVM_2020-05-29_03_03_58_23.wav,19l6SDt3YwrEq3EWAxYu2SXV6NvXQBz2q,NoStutteredWords,1,False,0,0,0,0,0,1,1277907,1325907,0,0,0,0,0,0,train
segunda_revision,PVM,2020-05-29_03_03_58,36,PVM_2020-05-29_03_03_58_36.wav,1AIcauQtWOmVJ8PeHyoFcBSoyWoO0USVc,Block,1,False,0,0,1,0,0,0,1815629,1863629,0,0,0,0,0,0,train
segunda_revision,PVM,2020-05-29_03_03_58,46,PVM_2020-05-29_03_03_58_46.wav,1CJMu-V7i_9TfcZGjlh-Bk1ja1xDtg3YB,NoStutteredWords,1,False,0,0,0,0,0,1,2271239,2319239,0,0,0,1,0,0,train
segunda_revision,PVM,2020-05-29_03_03_58,47,PVM_2020-05-29_03_03_58_47.wav,1BTDuEjUOaJB7YkzFDf0l7jAdGCyeLSKb,NoStutteredWords,1,False,0,0,0,0,0,1,2313924,2361924,0,0,0,0,0,0,train
segunda_revision,PVM,2020-05-29_03_03_58,64,PVM_2020-05-29_03_03_58_64.wav,1ADOHtC9hzXMI_-5df1oW8Of72_KZ-l61,NoStutteredWords,1,False,0,0,0,0,0,1,3115924,3163924,0,0,0,0,0,0,train
segunda_revision,PVM,2020-05-29_04_50_37,1,PVM_2020-05-29_04_50_37_1.wav,13C5h9aCEE-p8b_C-b1IbFsBfJCGzwULw,NoStutteredWords,1,False,0,0,0,0,0,1,79914,127914,0,0,0,0,0,0,train
segunda_revision,PVM,2020-05-29_04_50_37,8,PVM_2020-05-29_04_50_37_8.wav,15WLMQHD3tMEr3ahvL6aaxJ_5IZE0d6oE,SoundRep,1,False,0,0,0,1,0,0,431347,479347,0,0,0,0,0,0,train
segunda_revision,PVM,2020-05-29_04_50_37,24,PVM_2020-05-29_04_50_37_24.wav,13F_JGFJseHQ04Waw79E2sbqU4KnLkk1v,NoStutteredWords,1,False,0,0,0,0,0,1,1062997,1110997,0,0,0,0,0,0,train
segunda_revision,PVM,2020-05-29_04_50_37,28,PVM_2020-05-29_04_50_37_28.wav,14WVfP-VTOXztMvsUzbdTQjGO3djDusO8,NoStutteredWords,1,False,0,0,0,0,0,1,1245082,1293082,0,0,0,0,0,0,train
segunda_revision,PVM,2020-05-29_04_50_37,43,PVM_2020-05-29_04_50_37_43.wav,141uynwK7LLQ-kNSjEQS_7VruC0pCh6ad,NoStutteredWords,1,False,0,0,0,0,0,1,1973413,2021413,0,0,0,0,1,0,train
segunda_revision,PVM,2020-05-29_04_50_37,45,PVM_2020-05-29_04_50_37_45.wav,13grD1NwiorfN9tOEP7vimpgXhXO7fmSX,SoundRep,1,False,0,0,0,1,0,0,2058970,2106970,0,0,0,0,0,0,train
segunda_revision,PVM,2020-05-29_04_50_37,65,PVM_2020-05-29_04_50_37_65.wav,14kCpOvW4YfakQNCCwxIdXjbARVWq7JWV,NoStutteredWords,1,False,0,0,0,0,0,1,2957888,3005888,0,0,0,0,0,0,train
segunda_revision,PVM,2020-05-29_04_50_37,81,PVM_2020-05-29_04_50_37_81.wav,13IQDODhab-Gqk4PQYURCfbVK10DXngoy,NoStutteredWords,1,False,0,0,0,0,0,1,3619107,3667107,0,0,0,0,0,0,train
segunda_revision,PVM,2020-05-29_05_30_03,24,PVM_2020-05-29_05_30_03_24.wav,1Ek06HbOOtZt6-vXmlWLzbcYH72x9yt-s,NoStutteredWords,1,False,0,0,0,0,0,1,1225228,1273228,0,0,0,0,0,0,train
segunda_revision,PVM,2020-05-29_05_30_03,40,PVM_2020-05-29_05_30_03_40.wav,1E7Esqu6htb48CafN5GdhUXu_lEFalK6n,NoStutteredWords,1,False,0,0,0,0,0,1,2008854,2056854,0,0,0,0,0,0,train
segunda_revision,PVM,2020-05-29_05_30_03,43,PVM_2020-05-29_05_30_03_43.wav,1EK_BredJJPZLvnDot-bUtF-lxemXLLKb,SoundRep,1,False,0,0,0,1,0,0,2156852,2204852,0,0,0,0,0,0,train
segunda_revision,PVM,2020-05-29_06_19_11,6,PVM_2020-05-29_06_19_11_6.wav,1wP-fMO5-T933-Ickihr9iVFsvOX8qbPo,NoStutteredWords,1,False,0,0,0,0,0,1,314495,362495,0,0,0,0,1,0,train
segunda_revision,PVM,2020-05-29_06_19_11,7,PVM_2020-05-29_06_19_11_7.wav,1xcosw3gwzehNwtdhFH-UAINB0wcjpS3j,NoStutteredWords,1,False,0,0,0,0,0,1,394522,442522,0,0,0,0,1,0,train
segunda_revision,PVM,2020-05-29_06_19_11,19,PVM_2020-05-29_06_19_11_19.wav,1xhusR4Gsf8nIfUEFoSC51coIcx_1TCJT,NoStutteredWords,1,False,0,0,0,0,0,1,964511,1012511,0,0,0,0,1,0,train
segunda_revision,PVM,2020-05-29_06_19_11,29,PVM_2020-05-29_06_19_11_29.wav,1xvzT5YrYK3P637Mt7XgTldTOzoDfVkWw,NoStutteredWords,1,False,0,0,0,0,0,1,1337907,1385907,0,0,0,0,1,0,train
segunda_revision,PVM,2020-05-29_06_19_11,48,PVM_2020-05-29_06_19_11_48.wav,1wIVIJ_qa6z_keT4d4ppYzPzrGhIMmmSP,NoStutteredWords,1,False,0,0,0,0,0,1,2299178,2347178,0,0,0,0,1,0,train
segunda_revision,PVM,2020-05-29_07_53_30,6,PVM_2020-05-29_07_53_30_6.wav,1-EJWvZ_wxALMfnhxXaiFyJDmwOkJeSbn,NoStutteredWords,1,False,0,0,0,0,0,1,285691,333691,0,0,0,1,0,0,train
segunda_revision,PVM,2020-05-29_07_53_30,9,PVM_2020-05-29_07_53_30_9.wav,10foA1MbUzHS2YGwxYRSLtvWDS4ar1r8p,NoStutteredWords,1,False,0,0,0,0,0,1,533783,581783,0,0,0,0,0,0,train
segunda_revision,PVM,2020-05-29_07_53_30,11,PVM_2020-05-29_07_53_30_11.wav,10foE76Lv_tkbinHKAvuWD2PpaAvvsK9D,SoundRep,1,False,0,0,0,1,0,0,587162,635162,0,0,0,0,0,0,train
segunda_revision,PVM,2020-05-29_07_53_30,24,PVM_2020-05-29_07_53_30_24.wav,11O45RPEC3_PGwyHYlLG7MBDEuW87UZj_,NoStutteredWords,1,False,0,0,0,0,0,1,1199705,1247705,0,0,0,0,0,0,train
segunda_revision,PVM,2020-05-29_07_53_30,34,PVM_2020-05-29_07_53_30_34.wav,11HzACKf6tGzn1Sb60ARLQ2vUrSdSG3qp,NoStutteredWords,1,False,0,0,0,0,0,1,1709566,1757566,0,0,0,0,0,0,train
segunda_revision,PVM,2020-05-29_07_53_30,37,PVM_2020-05-29_07_53_30_37.wav,1-CFR_uyIkCV0NnMm3gf0FwJBhU58qaQI,NoStutteredWords,1,False,0,0,0,0,0,1,1882740,1930740,0,0,0,0,0,0,train
segunda_revision,PVM,2020-05-29_08_01_59,36,PVM_2020-05-29_08_01_59_36.wav,1zp3Ct0fINS3p1GoYwPVtodbBnh97S27G,NoStutteredWords,1,False,0,0,0,0,0,1,1654111,1702111,0,0,0,0,0,0,train
segunda_revision,PVM,2020-05-29_08_46_29,2,PVM_2020-05-29_08_46_29_2.wav,1s_Er1LpvhW4KMitGDCYcuUsPCfdmR3e6,NoStutteredWords,1,False,0,0,0,0,0,1,189276,237276,0,0,0,0,0,0,train
segunda_revision,PVM,2020-05-29_08_46_29,9,PVM_2020-05-29_08_46_29_9.wav,1tIQcRKFdXjm3Y4qkHp4WnGIlB_ADZ18S,NoStutteredWords,1,False,0,0,0,0,0,1,499870,547870,0,0,0,0,0,0,train
segunda_revision,PVM,2020-05-29_08_46_29,10,PVM_2020-05-29_08_46_29_10.wav,1rsfoj2MXEeq6ZSy_uLyyfdm46lIxp-m6,NoStutteredWords,1,False,0,0,0,0,0,1,525196,573196,0,0,0,0,0,0,train
segunda_revision,PVM,2020-05-29_08_46_29,28,PVM_2020-05-29_08_46_29_28.wav,1uJOEKtIEV2W-QJ8aD2QerY5x6gJyzMsu,NoStutteredWords,1,False,0,0,0,0,0,1,1570616,1618616,0,0,0,0,0,0,train
segunda_revision,PVM,2020-05-29_08_46_29,31,PVM_2020-05-29_08_46_29_31.wav,1u2DDsFKis2KG4vI1mazlXq39lqyjAihc,NoStutteredWords,1,False,0,0,0,0,0,1,1764001,1812001,0,0,0,0,0,0,train
segunda_revision,PVM,2020-05-29_08_46_29,36,PVM_2020-05-29_08_46_29_36.wav,1totszNy0h1ZJUUTmGV4JnHfSH4keGpxu,NoStutteredWords,1,False,0,0,0,0,0,1,2032492,2080492,0,0,0,0,0,0,train
segunda_revision,PVM,2020-05-29_08_46_29,46,PVM_2020-05-29_08_46_29_46.wav,1ro9yyZUtsknC7AlOdtXPIn7l3oG-VucA,NoStutteredWords,1,False,0,0,0,0,0,1,2403613,2451613,0,0,0,0,0,0,train
segunda_revision,PVM,2020-05-29_09_22_38,2,PVM_2020-05-29_09_22_38_2.wav,1oNJHjAtshPO6uAcg0As3T5cGwoMQEyRS,Block,1,False,0,0,1,0,0,0,99820,147820,0,0,0,0,0,0,train
segunda_revision,PVM,2020-05-29_09_22_38,5,PVM_2020-05-29_09_22_38_5.wav,1n8uwjCeL8GhHPM7B0ZIb5onvX8DdABAa,Interjection,1,False,1,0,0,0,0,0,303155,351155,0,0,0,0,0,0,train
segunda_revision,PVM,2020-05-29_09_22_38,7,PVM_2020-05-29_09_22_38_7.wav,1nYBpAyCf-p9XhriYo9KyGfhpo6r6l_AO,NoStutteredWords,1,False,0,0,0,0,0,1,407511,455511,0,0,0,0,0,0,train
segunda_revision,PVM,2020-05-29_09_22_38,10,PVM_2020-05-29_09_22_38_10.wav,1oU4K9FiXFJfSmC9Ss7PQPdoqhDE3BWTx,NoStutteredWords,1,False,0,0,0,0,0,1,567771,615771,0,0,0,0,0,0,train
segunda_revision,PVM,2020-05-29_09_22_38,31,PVM_2020-05-29_09_22_38_31.wav,1ouaCXt8BYTW_2iO3fPcWPuQbtxlEJVI0,NoStutteredWords,1,False,0,0,0,0,0,1,1624009,1672009,0,0,0,0,0,0,train
segunda_revision,PVM,2020-05-29_09_22_38,40,PVM_2020-05-29_09_22_38_40.wav,1mCF5BxtP7VM4jLrqlXx37HuhxsJDcnpX,NoStutteredWords,1,False,0,0,0,0,0,1,2063095,2111095,0,0,0,0,0,0,train
segunda_revision,PVM,2020-05-29_09_22_38,42,PVM_2020-05-29_09_22_38_42.wav,1nl5lqO40tT3nqNpeOrXFDaBXMQYha2Vf,NoStutteredWords,1,False,0,0,0,0,0,1,2213533,2261533,0,0,0,0,0,0,train
segunda_revision,PVM,2020-05-29_09_22_38,43,PVM_2020-05-29_09_22_38_43.wav,1nHEjUJedXv3UsyLM3hZq0TPDxg70t8q4,Block,2,False,0,0,1,0,1,0,2296304,2344304,0,0,0,0,0,0,train
segunda_revision,PVM,2020-05-29_10_13_11,1,PVM_2020-05-29_10_13_11_1.wav,155VidANdw026Vda9ay68RZgwlj8gvUEE,Prolongation,1,False,0,0,0,0,1,0,35144,83144,0,0,0,0,0,0,train
segunda_revision,PVM,2020-05-29_10_13_11,2,PVM_2020-05-29_10_13_11_2.wav,14Xu8g_qcPTp2UFq6zeiW65MgZKkrLs1W,NoStutteredWords,1,False,0,0,0,0,0,1,94984,142984,0,0,0,0,0,0,train
segunda_revision,PVM,2020-05-29_10_13_11,5,PVM_2020-05-29_10_13_11_5.wav,13WK5acHmseAf2lrNbsWo6zm6sEQsluPn,NoStutteredWords,1,False,0,0,0,0,0,1,262636,310636,0,0,0,0,0,0,train
segunda_revision,PVM,2020-05-29_10_13_11,9,PVM_2020-05-29_10_13_11_9.wav,15AON8bU0LIShwPnHn5w02MDre4tS2xIT,NoStutteredWords,1,False,0,0,0,0,0,1,393701,441701,0,0,0,0,0,0,train
segunda_revision,PVM,2020-05-29_10_13_11,16,PVM_2020-05-29_10_13_11_16.wav,12vhXL5gmuQP3_S--xwb5UCfgwg-PT3vB,NoStutteredWords,1,False,0,0,0,0,0,1,795787,843787,0,0,0,0,0,0,train
segunda_revision,PVM,2020-05-29_10_13_11,17,PVM_2020-05-29_10_13_11_17.wav,13OdMB68WOT3Ey93m4Mne2MEMqZs_vl_1,NoStutteredWords,1,False,0,0,0,0,0,1,821843,869843,0,0,0,0,0,0,train
segunda_revision,PVM,2020-05-29_10_13_11,29,PVM_2020-05-29_10_13_11_29.wav,11aAw0A_VJEbiQZ3odFv4fbD_9YTLJKgV,Prolongation,1,False,0,0,0,0,1,0,1301518,1349518,0,0,0,0,0,0,train
segunda_revision,PVM,2020-05-29_10_13_11,37,PVM_2020-05-29_10_13_11_37.wav,14ZSsmioT5TLvkHYoc2LhVUqonqolOnfF,NoStutteredWords,1,False,0,0,0,0,0,1,1626313,1674313,0,0,0,0,0,0,train
segunda_revision,PVM,2020-05-29_12_31_55,1,PVM_2020-05-29_12_31_55_1.wav,1lHuCWVTsdFvsan3WrWGFChPd7-k2LU95,NoStutteredWords,1,False,0,0,0,0,0,1,109235,157235,0,0,0,0,0,0,train
segunda_revision,PVM,2020-05-29_12_31_55,6,PVM_2020-05-29_12_31_55_6.wav,1jry0OR21i13TpSZ_0Iodksj--vScz5Zl,NoStutteredWords,1,False,0,0,0,0,0,1,394510,442510,0,0,0,0,0,0,train
segunda_revision,PVM,2020-05-29_12_31_55,14,PVM_2020-05-29_12_31_55_14.wav,1kpTBOj87U5U_fX39hHG4dg0p3bSTKk1c,Prolongation,1,False,0,0,0,0,1,0,1052082,1100082,0,0,0,0,0,0,train
segunda_revision,PVM,2020-05-29_12_31_55,16,PVM_2020-05-29_12_31_55_16.wav,1kMjKtxE7tEEHSGG9iltt1wQLnVFi0tES,SoundRep,1,False,0,0,0,1,0,0,1133445,1181445,0,0,0,0,0,0,train
segunda_revision,PVM,2020-05-29_12_31_55,19,PVM_2020-05-29_12_31_55_19.wav,1mvm7n-EPYLfxeUPZl0xI03YoEm8AwMhZ,NoStutteredWords,1,False,0,0,0,0,0,1,1213958,1261958,0,0,0,0,0,0,train
segunda_revision,PVM,2020-05-29_12_31_55,32,PVM_2020-05-29_12_31_55_32.wav,1k2qIltK42Ohl5P_ojYS4xtp9J9Lnaxbo,NoStutteredWords,1,False,0,0,0,0,0,1,1916821,1964821,0,0,0,0,0,0,train
segunda_revision,PVM,2020-05-29_12_31_55,33,PVM_2020-05-29_12_31_55_33.wav,1iTh8KEp7cfNEKHQIkbq6c-B0jfWdV80D,Block,1,False,0,0,1,0,0,0,1942531,1990531,0,0,0,0,0,0,train
segunda_revision,PVM,2020-05-29_12_31_55,47,PVM_2020-05-29_12_31_55_47.wav,1kcmWJlcV_aPeTQxw36cQEV79cjcI4okL,Block,1,False,0,0,1,0,0,0,2668158,2716158,0,0,0,0,0,0,train
segunda_revision,PVM,2020-05-30_01_03_06,1,PVM_2020-05-30_01_03_06_1.wav,1x5Bc7ZGh1DtkiB4jK7az0-Ker4hrZd3P,NoStutteredWords,1,False,0,0,0,0,0,1,143949,191949,0,0,0,0,0,0,train
segunda_revision,PVM,2020-05-30_01_03_06,9,PVM_2020-05-30_01_03_06_9.wav,1x74zKZ8KmHlC-V8sTiWYsOPhFLoAkwbW,NoStutteredWords,1,False,0,0,0,0,0,1,528032,576032,0,0,0,0,0,0,train
segunda_revision,PVM,2020-05-30_01_03_06,12,PVM_2020-05-30_01_03_06_12.wav,1w46QxuNPTLqrZMhi7cK_uAi5fQTCkk6y,NoStutteredWords,1,False,0,0,0,0,0,1,688169,736169,0,0,0,0,0,0,train
segunda_revision,PVM,2020-05-30_01_03_06,16,PVM_2020-05-30_01_03_06_16.wav,1vRKevs1Ng4Xlr7y8fR6oX6zhOsThb--H,NoStutteredWords,1,False,0,0,0,0,0,1,818242,866242,0,0,0,0,0,0,train
segunda_revision,PVM,2020-05-30_01_03_06,18,PVM_2020-05-30_01_03_06_18.wav,1wQ1jIWIjjH7ug4_imF77YbcisOv9VDTl,NoStutteredWords,1,False,0,0,0,0,0,1,920454,968454,0,0,0,0,0,0,train
segunda_revision,PVM,2020-05-30_01_03_06,19,PVM_2020-05-30_01_03_06_19.wav,1vROgbUAkQIUG3s6aGAF70Lzqv-E9YouC,NoStutteredWords,1,False,0,0,0,0,0,1,982216,1030216,0,0,0,0,0,0,train
segunda_revision,PVM,2020-05-30_01_03_06,28,PVM_2020-05-30_01_03_06_28.wav,1vhEWe1ms7gC3a79jnfICusmKXqUW8jIM,Prolongation,1,False,0,0,0,0,1,0,1472339,1520339,1,0,0,0,0,0,train
segunda_revision,PVM,2020-05-30_01_03_06,31,PVM_2020-05-30_01_03_06_31.wav,1vFVZH9_1FLfDjb6A7wA3e5yYxKwRntpO,NoStutteredWords,1,False,0,0,0,0,0,1,1556848,1604848,0,0,0,0,0,0,train
segunda_revision,PVM,2020-05-30_01_03_06,35,PVM_2020-05-30_01_03_06_35.wav,1wORuKlYq9EAceN33AydYXasZoPdsynx8,Prolongation,1,False,0,0,0,0,1,0,1758922,1806922,0,0,0,0,0,0,train
segunda_revision,PVM,2020-05-30_01_03_06,50,PVM_2020-05-30_01_03_06_50.wav,1wDaBalxqgN8mgXEOrAUjVDhhJ56Au5KW,NoStutteredWords,1,False,0,0,0,0,0,1,2531382,2579382,0,0,0,0,0,0,train
segunda_revision,PVM,2020-05-30_01_03_06,67,PVM_2020-05-30_01_03_06_67.wav,1vW3jzLJVzp8BEHl5L9e6yiMnCTpUhI8i,NoStutteredWords,1,False,0,0,0,0,0,1,3295470,3343470,0,0,0,0,0,0,train
segunda_revision,PVM,2020-05-30_03_00_36,2,PVM_2020-05-30_03_00_36_2.wav,1crA5tRIJ4FpJ9mt1RUgXIOg1I2-Ltcl-,NoStutteredWords,1,False,0,0,0,0,0,1,135461,183461,0,0,0,0,1,0,train
segunda_revision,PVM,2020-05-30_03_00_36,10,PVM_2020-05-30_03_00_36_10.wav,1dcT5yV3L4XR1XCft9Pl_7QunK-juL-PW,Prolongation,1,False,0,0,0,0,1,0,814399,862399,0,0,0,0,0,0,train
segunda_revision,PVM,2020-05-30_03_00_36,12,PVM_2020-05-30_03_00_36_12.wav,1dOE3Eo-2gRy1Bi4DG5Y4-1rxt84f5S9y,Block,1,False,0,0,1,0,0,0,946830,994830,0,0,0,0,0,0,train
segunda_revision,PVM,2020-05-30_03_00_36,18,PVM_2020-05-30_03_00_36_18.wav,1e4MhzbwFhkO92gK1gOZUNrDgS2CUgQ9K,NoStutteredWords,1,False,0,0,0,0,0,1,1261817,1309817,0,0,0,0,0,0,train
segunda_revision,PVM,2020-05-30_03_00_36,33,PVM_2020-05-30_03_00_36_33.wav,1dK9A926nkWpVJgjNVZFrlt674eV-0wEF,NoStutteredWords,1,False,0,0,0,0,0,1,2032890,2080890,0,0,0,0,0,0,train
segunda_revision,PVM,2020-05-30_03_00_36,40,PVM_2020-05-30_03_00_36_40.wav,1dPbnDBoYgbVwyFiwR8C6c2vrJB59YukH,Block,1,False,0,0,1,0,0,0,2390612,2438612,0,0,0,0,0,0,train
segunda_revision,PVM,2020-05-30_03_00_36,42,PVM_2020-05-30_03_00_36_42.wav,1dsA6ds6qZgqJbEVww0fKJXhYLw1KC35W,SoundRep,1,False,0,0,0,1,0,0,2470476,2518476,0,0,0,0,0,0,train
segunda_revision,PVM,2020-05-30_03_05_47,6,PVM_2020-05-30_03_05_47_6.wav,15o7PSYFJwF9c7Ea12luSRb5ZwR4S-G2M,Block,1,False,0,0,1,0,0,0,425328,473328,0,0,0,0,0,0,train
segunda_revision,PVM,2020-05-30_03_05_47,12,PVM_2020-05-30_03_05_47_12.wav,14tzpdDnYdyBHQtzpi31KXEJPgM0C2dMP,SoundRep,1,False,0,0,0,1,0,0,734195,782195,0,0,0,0,0,0,train
segunda_revision,PVM,2020-05-30_03_05_47,17,PVM_2020-05-30_03_05_47_17.wav,12nCTFqOyukQK1fc2QNGtPlHTU6wG-BTH,NoStutteredWords,1,False,0,0,0,0,0,1,1102449,1150449,0,0,0,0,0,0,train
segunda_revision,PVM,2020-05-30_03_05_47,20,PVM_2020-05-30_03_05_47_20.wav,13-M66kWDk0-t63USoc2d1cxTy3KdCS4m,NoStutteredWords,1,False,0,0,0,0,0,1,1254169,1302169,0,0,0,0,0,0,train
segunda_revision,PVM,2020-05-30_03_05_47,23,PVM_2020-05-30_03_05_47_23.wav,136vLsg9DnQ6ragxHeyTAgFrxZJx7G4LP,NoStutteredWords,1,False,0,0,0,0,0,1,1466710,1514710,0,0,0,0,0,0,train
segunda_revision,PVM,2020-05-30_03_05_47,29,PVM_2020-05-30_03_05_47_29.wav,15t3MIzt-DBPNsfYyBo5AoR6Zz6o3AU2E,NoStutteredWords,1,False,0,0,0,0,0,1,1903037,1951037,0,0,0,0,0,0,train
segunda_revision,PVM,2020-05-30_03_05_47,37,PVM_2020-05-30_03_05_47_37.wav,134MbcZGshCxtQo96oLQCYUe09j4K6ks8,SoundRep,1,False,0,0,0,1,0,0,2320966,2368966,0,0,0,0,0,0,train
segunda_revision,PVM,2020-05-30_04_26_31,10,PVM_2020-05-30_04_26_31_10.wav,1FXuhFkEWrY1BF9t2PSnMZJcpR3rIRsDX,NoStutteredWords,1,False,0,0,0,0,0,1,594426,642426,0,0,0,0,0,0,train
segunda_revision,PVM,2020-05-30_04_26_31,19,PVM_2020-05-30_04_26_31_19.wav,1Hiii45eFEQl4IydrBWCkBTLeAMoLr14T,NoStutteredWords,1,False,0,0,0,0,0,1,1033871,1081871,0,0,0,0,0,0,train
segunda_revision,PVM,2020-05-30_04_26_31,23,PVM_2020-05-30_04_26_31_23.wav,1GVYgLeGTq9y2GNmqhbDygwQgjqYv6W4y,SoundRep,1,False,0,0,0,1,0,0,1224916,1272916,0,0,0,0,1,0,train
segunda_revision,PVM,2020-05-30_04_26_31,25,PVM_2020-05-30_04_26_31_25.wav,1HBvMNCytmc99BPdPiMavAJROplP2n0jU,NoStutteredWords,1,False,0,0,0,0,0,1,1332740,1380740,0,0,0,0,1,0,train
segunda_revision,PVM,2020-05-30_04_26_31,55,PVM_2020-05-30_04_26_31_55.wav,1GnbX1HijmaYgAP8r-lfJehBF3fpn8_h8,NoStutteredWords,1,False,0,0,0,0,0,1,2825599,2873599,0,0,0,0,0,0,train
segunda_revision,PVM,2020-05-30_07_07_20,5,PVM_2020-05-30_07_07_20_5.wav,1qxBZUZHwR7e55F2p_ROGOOglew9kLmpP,NoStutteredWords,1,False,0,0,0,0,0,1,204442,252442,0,0,0,0,0,0,train
segunda_revision,PVM,2020-05-30_07_07_20,16,PVM_2020-05-30_07_07_20_16.wav,1qTA5VBMyZVJCd5MFLyi5aY34XWgoPYvs,NoStutteredWords,1,False,0,0,0,0,0,1,656278,704278,0,0,0,0,0,0,train
segunda_revision,PVM,2020-05-30_07_07_20,19,PVM_2020-05-30_07_07_20_19.wav,1qd9r8yOzZfzMcWPQof91mkBdjEchGW7_,NoStutteredWords,1,False,0,0,0,0,0,1,815013,863013,0,0,0,0,0,0,train
segunda_revision,PVM,2020-05-30_07_07_20,27,PVM_2020-05-30_07_07_20_27.wav,1qvz7qUubwJ2LxMepAxv1AtnaVqTbgRZ1,NoStutteredWords,1,False,0,0,0,0,0,1,1158883,1206883,0,0,0,0,0,0,train
segunda_revision,PVM,2020-05-30_07_07_20,45,PVM_2020-05-30_07_07_20_45.wav,1qiG_5nzGhihILPzceNo8m7G5Bh3uciLw,NoStutteredWords,1,False,0,0,0,0,0,1,2075663,2123663,0,0,0,0,0,0,train
segunda_revision,PVM,2020-05-30_07_07_20,56,PVM_2020-05-30_07_07_20_56.wav,1p_hxKXNvZjfHyRqdZIDCGS8iCDjmYcYP,NoStutteredWords,1,False,0,0,0,0,0,1,2740706,2788706,0,0,0,0,0,0,train
segunda_revision,PVM,2020-05-30_07_07_20,58,PVM_2020-05-30_07_07_20_58.wav,1r504xO-rOdEJJARFZea63R7iTCCwQ8Ne,NoStutteredWords,1,False,0,0,0,0,0,1,2885771,2933771,0,0,0,0,0,0,train
segunda_revision,PVM,2020-05-30_07_07_20,61,PVM_2020-05-30_07_07_20_61.wav,1rAQBfETLZ49RwoXFXYzSSx3k1kKQsvV1,NoStutteredWords,1,False,0,0,0,0,0,1,3015583,3063583,0,0,0,0,0,0,train
segunda_revision,PVM,2020-05-30_07_07_20,62,PVM_2020-05-30_07_07_20_62.wav,1qOjxr1pkvTWZSTDMlZ7sCOtlEK7yRvEY,NoStutteredWords,1,False,0,0,0,0,0,1,3113064,3161064,0,0,0,1,0,0,train
segunda_revision,PVM,2020-05-30_07_44_45,7,PVM_2020-05-30_07_44_45_7.wav,19RkdApgr5LXGYGwKGwWR1JDtl5Z1MIjb,NoStutteredWords,1,False,0,0,0,0,0,1,295467,343467,0,0,0,0,0,0,train
segunda_revision,PVM,2020-05-30_07_44_45,8,PVM_2020-05-30_07_44_45_8.wav,192Dzz-8vrczk3jT3s14YkId1h1BgvgDf,SoundRep,1,False,0,0,0,1,0,0,317021,365021,0,0,0,0,0,0,train
segunda_revision,PVM,2020-05-30_07_44_45,25,PVM_2020-05-30_07_44_45_25.wav,18H9Vt8mHfgmiR3e62D3SfW5VU-2jhAzu,NoStutteredWords,1,False,0,0,0,0,0,1,1342816,1390816,0,0,0,0,0,0,train
segunda_revision,PVM,2020-05-30_07_44_45,37,PVM_2020-05-30_07_44_45_37.wav,196ol28WmrLGpmDFMjWx4nAmjHEjOeXE1,NoStutteredWords,1,False,0,0,0,0,0,1,2067241,2115241,0,0,0,0,0,0,train
segunda_revision,PVM,2020-05-30_07_44_45,46,PVM_2020-05-30_07_44_45_46.wav,19lkCZhFBZT73gB8yJLkrnQVLTjk4Pl2n,Block,1,False,0,0,1,0,0,0,2678349,2726349,0,0,0,0,0,0,train
segunda_revision,PVM,2020-05-30_07_44_45,49,PVM_2020-05-30_07_44_45_49.wav,194E2496-7ToO16VMcHCUi3oi9_5X_Ob3,Block,2,False,0,0,1,0,1,0,2810561,2858561,0,0,0,0,0,0,train
segunda_revision,PVM,2020-05-30_07_44_45,55,PVM_2020-05-30_07_44_45_55.wav,19Qa87ED9A7DBhtRnSwC1m1QA_ngmqN4F,SoundRep,1,False,0,0,0,1,0,0,2993121,3041121,0,0,0,0,0,0,train
segunda_revision,PVM,2020-05-30_07_44_45,57,PVM_2020-05-30_07_44_45_57.wav,19nBqMcCv0LYNXcNwTu8ydLtPmRvzDC0u,SoundRep,1,False,0,0,0,1,0,0,3049895,3097895,0,0,0,0,0,0,train
segunda_revision,PVM,2020-05-30_09_14_00,2,PVM_2020-05-30_09_14_00_2.wav,1y_0XoOuhJJkx2Wd6Ey70OQCayhMK4G0P,NoStutteredWords,1,False,0,0,0,0,0,1,129748,177748,0,0,0,1,0,0,train
segunda_revision,PVM,2020-05-30_09_14_00,7,PVM_2020-05-30_09_14_00_7.wav,1xka__cUNkQKefmjggeMRBmbCBl2e4BhN,SoundRep,1,False,0,0,0,1,0,0,459070,507070,0,0,0,0,0,0,train
segunda_revision,PVM,2020-05-30_09_14_00,8,PVM_2020-05-30_09_14_00_8.wav,1wvY62uleYtBnRAUiTbPS_sr42DSeeuum,SoundRep,1,False,0,0,0,1,0,0,495574,543574,0,0,0,0,0,0,train
segunda_revision,PVM,2020-05-30_09_14_00,13,PVM_2020-05-30_09_14_00_13.wav,1ycCQ_ohttTbmlsz-ni1-gCCgE3Sm43XE,SoundRep,1,False,0,0,0,1,0,0,732060,780060,0,0,0,0,0,0,train
segunda_revision,PVM,2020-05-30_09_14_00,44,PVM_2020-05-30_09_14_00_44.wav,1yFTOhW5Psn3Lyi7mumwJkrTRKeRMBfHq,NoStutteredWords,1,False,0,0,0,0,0,1,2201901,2249901,0,0,0,0,1,0,train
segunda_revision,PVM,2020-05-30_09_14_00,48,PVM_2020-05-30_09_14_00_48.wav,1wyNOgClTw8v7jDPmbKBO1h3qu_6S4Y2O,SoundRep,1,False,0,0,0,1,0,0,2379637,2427637,0,0,0,0,0,0,train
segunda_revision,PVM,2020-05-30_09_14_00,53,PVM_2020-05-30_09_14_00_53.wav,1xatINuJG5ofkK2WTjFem42AiwdN0PC90,NoStutteredWords,1,False,0,0,0,0,0,1,2602179,2650179,0,0,0,0,0,0,train
segunda_revision,PVM,2020-05-30_09_14_00,55,PVM_2020-05-30_09_14_00_55.wav,1xlLOjyuKHDCD2C7h5Azan-2Q8dglyM3l,Block,1,False,0,0,1,0,0,0,2702953,2750953,0,0,0,0,0,0,train
segunda_revision,PVM,2020-05-30_09_14_00,56,PVM_2020-05-30_09_14_00_56.wav,1z8szMICH7oaO-V2a7SYxqHoqZ-oEqW7X,NoStutteredWords,1,False,0,0,0,0,0,1,2722339,2770339,0,0,0,0,1,0,train
segunda_revision,PVM,2020-05-30_09_14_00,58,PVM_2020-05-30_09_14_00_58.wav,1xBH8kZB_88216xCRYmwXp4UalnnWFjhC,SoundRep,1,False,0,0,0,1,0,0,2890242,2938242,0,0,0,0,0,0,train
segunda_revision,PVM,2020-05-30_09_14_00,69,PVM_2020-05-30_09_14_00_69.wav,1xxtKLCvspm_svEiMCnYuE5VAgtxkthYW,SoundRep,1,False,0,0,0,1,0,0,3374914,3422914,0,0,0,0,0,0,train
segunda_revision,PVM,2020-05-30_10_10_45,6,PVM_2020-05-30_10_10_45_6.wav,1WFHPe-k2UmSRJuKeThXCXGsBCe639kfc,Block,2,False,0,0,1,1,0,0,347028,395028,0,0,0,0,0,0,train
segunda_revision,PVM,2020-05-30_10_10_45,8,PVM_2020-05-30_10_10_45_8.wav,1UvtAwO6yRqyIcHIG0hUkVKUxUvCXlPnb,NoStutteredWords,1,False,0,0,0,0,0,1,439710,487710,0,0,0,0,0,0,train
segunda_revision,PVM,2020-05-30_10_10_45,20,PVM_2020-05-30_10_10_45_20.wav,1UBQQbFcx1YMZ8-EsxB2sKGMGLrA5Ay9G,NoStutteredWords,1,False,0,0,0,0,0,1,1002374,1050374,0,0,0,1,0,0,train
segunda_revision,PVM,2020-05-30_10_10_45,24,PVM_2020-05-30_10_10_45_24.wav,1V5O8Ly7YVqz8JqN613sLeTgRZyevnWz4,Block,1,False,0,0,1,0,0,0,1209339,1257339,0,0,0,0,0,0,train
segunda_revision,PVM,2020-05-30_10_10_45,30,PVM_2020-05-30_10_10_45_30.wav,1WKSzllcXOlUP-mQCVet59a6JLjzfyzO8,NoStutteredWords,1,False,0,0,0,0,0,1,1543688,1591688,0,0,0,0,0,0,train
segunda_revision,PVM,2020-05-30_10_10_45,31,PVM_2020-05-30_10_10_45_31.wav,1V1cOx5H7KiAjzsaSmZZ_eq0lWYcE0yba,NoStutteredWords,1,False,0,0,0,0,0,1,1627164,1675164,0,0,0,0,0,0,train
segunda_revision,PVM,2020-05-30_12_03_37,14,PVM_2020-05-30_12_03_37_14.wav,1wR5HloClugBA7PkOo2Ln289sg8Kw6vRd,NoStutteredWords,1,False,0,0,0,0,0,1,882387,930387,0,0,0,0,0,0,train
segunda_revision,PVM,2020-05-30_12_03_37,29,PVM_2020-05-30_12_03_37_29.wav,1vD36dtWMIfbmf91G8mHCz4pEnzhV4tv0,SoundRep,1,False,0,0,0,1,0,0,1829467,1877467,0,0,0,0,0,0,train
segunda_revision,PVM,2020-05-30_12_03_37,40,PVM_2020-05-30_12_03_37_40.wav,1y480SojLDb6juT3KeVDBm116XrI-Lo0o,NoStutteredWords,1,False,0,0,0,0,0,1,2327548,2375548,0,0,0,0,0,0,train
segunda_revision,PVM,2020-05-30_12_03_37,41,PVM_2020-05-30_12_03_37_41.wav,1wYI_d3-QmV4v7fQA0dJOfv9SlqOEELTz,NoStutteredWords,1,False,0,0,0,0,0,1,2425595,2473595,0,0,0,0,0,0,train
segunda_revision,PVM,2020-05-30_12_03_37,47,PVM_2020-05-30_12_03_37_47.wav,1xMdj1uf-K7jwfAaIEVMeuoM1C2QNyDQG,Prolongation,1,False,0,0,0,0,1,0,2680410,2728410,0,0,0,0,0,0,train
segunda_revision,PVM,2020-05-30_12_03_37,53,PVM_2020-05-30_12_03_37_53.wav,1zV5Ek7dWo0zdPhVMjWOZvPkuYNgNdlCq,Block,1,False,0,0,1,0,0,0,3025817,3073817,0,0,0,0,1,0,train
segunda_revision,PVM,2020-05-30_12_03_37,55,PVM_2020-05-30_12_03_37_55.wav,1x-exlG3-5z1ATngBcKqZ83BFCTiBYKKI,NoStutteredWords,1,False,0,0,0,0,0,1,3118784,3166784,0,0,0,0,0,0,train
segunda_revision,PVM,2020-05-30_12_20_29,2,PVM_2020-05-30_12_20_29_2.wav,1EeGfOEAPL51i2ohZF7toAtxLa90fh0Qv,SoundRep,1,False,0,0,0,1,0,0,91472,139472,0,0,0,0,0,0,train
segunda_revision,PVM,2020-05-30_12_20_29,6,PVM_2020-05-30_12_20_29_6.wav,1Gx6qaHS0_B4zfKxWrLazeBJdw1RPMH-S,NoStutteredWords,1,False,0,0,0,0,0,1,195775,243775,0,0,0,0,0,0,train
segunda_revision,PVM,2020-05-30_12_20_29,13,PVM_2020-05-30_12_20_29_13.wav,1FCJcKSk8uYnPktG1UDwqrCZ9X_qHeiMu,SoundRep,2,False,0,0,0,1,1,0,541479,589479,0,0,0,0,0,0,train
segunda_revision,PVM,2020-05-30_12_20_29,32,PVM_2020-05-30_12_20_29_32.wav,1FQMNULDOSz7gSy-oCr4t0ZsqqsSbNzRY,NoStutteredWords,1,False,0,0,0,0,0,1,1480100,1528100,0,0,0,0,0,0,train
segunda_revision,PVM,2020-05-30_12_20_29,35,PVM_2020-05-30_12_20_29_35.wav,1DggvwKDA5-EmaJ07WAHt90NJo3xfJssk,NoStutteredWords,1,False,0,0,0,0,0,1,1645192,1693192,0,0,0,0,0,0,train
segunda_revision,PVM,2020-05-30_12_20_29,43,PVM_2020-05-30_12_20_29_43.wav,1CfoLcwbncZ380KN1KCZNgDax-q8-tq0t,NoStutteredWords,1,False,0,0,0,0,0,1,2307058,2355058,0,0,0,0,0,0,train
segunda_revision,PVM,2020-05-30_12_20_29,58,PVM_2020-05-30_12_20_29_58.wav,1GzMJqth5VVaaoiZqEYulaeXjKxrNTshV,Block,1,False,0,0,1,0,0,0,2999110,3047110,0,0,0,0,0,0,train
segunda_revision,PVM,2020-05-30_12_20_29,61,PVM_2020-05-30_12_20_29_61.wav,1Gt8Lz3G7uksinyHkKbDHaKatbplR1MBt,Prolongation,1,False,0,0,0,0,1,0,3074278,3122278,0,0,0,0,0,0,train
segunda_revision,PVM,2020-06-01_06_18_33,12,PVM_2020-06-01_06_18_33_12.wav,1D7GB3In9DUrFHRHMmf_BAFlS0IOsod9q,Block,2,False,0,0,1,1,0,0,695397,743397,0,0,0,0,0,0,train
segunda_revision,PVM,2020-06-01_06_18_33,23,PVM_2020-06-01_06_18_33_23.wav,1EFeeNRRo6oU5Hz-b5vAPnMYgPc6mEc-w,Prolongation,1,False,0,0,0,0,1,0,1320033,1368033,0,0,0,0,0,0,train
segunda_revision,PVM,2020-06-01_06_18_33,29,PVM_2020-06-01_06_18_33_29.wav,1CzS2O3n3XZlIJiak3JiL5SXueK6JXWlS,NoStutteredWords,1,False,0,0,0,0,0,1,1706165,1754165,0,0,0,0,0,0,train
segunda_revision,PVM,2020-06-01_06_18_33,36,PVM_2020-06-01_06_18_33_36.wav,1DDyoNFl8DVepE83E4o1fIHPdnixXXfO5,NoStutteredWords,1,False,0,0,0,0,0,1,2227927,2275927,0,0,0,0,0,0,train
segunda_revision,PVM,2020-06-01_06_21_23,0,PVM_2020-06-01_06_21_23_0.wav,1LxXhz4PnjKBCeV7fX_QFCJ5b7_CCMSYt,Block,2,False,0,0,1,1,0,0,70723,118723,0,0,0,0,0,0,train
segunda_revision,PVM,2020-06-01_06_21_23,3,PVM_2020-06-01_06_21_23_3.wav,1M8BjzClMfhJUFHRCdgNEbprYOr7ArHbe,NoStutteredWords,1,False,0,0,0,0,0,1,245027,293027,0,0,0,0,0,0,train
segunda_revision,PVM,2020-06-01_06_21_23,9,PVM_2020-06-01_06_21_23_9.wav,1MHc1YIrHxClgwyP0RhxBZnbftxf_Ck2v,NoStutteredWords,1,False,0,0,0,0,0,1,471477,519477,0,0,0,0,1,0,train
segunda_revision,PVM,2020-06-01_06_21_23,17,PVM_2020-06-01_06_21_23_17.wav,1MpFBzzaCBv1LoWX1EPBt1mgDMQ35TNu8,NoStutteredWords,1,False,0,0,0,0,0,1,1021626,1069626,0,0,0,0,0,0,train
segunda_revision,PVM,2020-06-01_06_21_23,25,PVM_2020-06-01_06_21_23_25.wav,1LmWMXgc-HigmEbXXYPquR8whont7hGtD,NoStutteredWords,1,False,0,0,0,0,0,1,1613433,1661433,0,0,0,0,0,0,train
segunda_revision,PVM,2020-06-01_06_21_23,26,PVM_2020-06-01_06_21_23_26.wav,1MpYb1QtMmzp5AHNNlTbiiOOFBAwgGjsS,Block,2,False,0,0,1,1,0,0,1668865,1716865,0,0,0,0,0,0,train
segunda_revision,PVM,2020-06-01_06_21_23,27,PVM_2020-06-01_06_21_23_27.wav,1LZvwoltiTRrZe6L1BSEy4MCJ9kMnQbHP,NoStutteredWords,1,False,0,0,0,0,0,1,1724450,1772450,0,0,0,0,0,0,train
segunda_revision,PVM,2020-06-01_06_21_23,29,PVM_2020-06-01_06_21_23_29.wav,1LjX8Qxfw80Z75cjVoBahqOetHsuYDz_O,NoStutteredWords,1,False,0,0,0,0,0,1,1868941,1916941,0,0,0,0,0,0,train
segunda_revision,PVM,2020-06-01_07_37_27,4,PVM_2020-06-01_07_37_27_4.wav,15wQ4LvwTotffr9rKhimxvQOG0YnMSdzT,Block,1,False,0,0,1,0,0,0,253288,301288,0,0,0,0,0,0,train
segunda_revision,PVM,2020-06-01_07_37_27,13,PVM_2020-06-01_07_37_27_13.wav,197R9Bgyb5moX24VxUivyQUt25cViDO9n,NoStutteredWords,1,False,0,0,0,0,0,1,619845,667845,0,0,0,0,0,0,train
segunda_revision,PVM,2020-06-01_07_37_27,14,PVM_2020-06-01_07_37_27_14.wav,16cOM01-pybCNdqC-COBbtHeQO5jZg2Wp,NoStutteredWords,1,False,0,0,0,0,0,1,693009,741009,0,0,0,0,0,0,train
segunda_revision,PVM,2020-06-01_07_37_27,15,PVM_2020-06-01_07_37_27_15.wav,19FykGgvApnt6zhSCXQ-sMFK_tnbANjIq,NoStutteredWords,1,False,0,0,0,0,0,1,720485,768485,0,0,0,0,0,0,train
segunda_revision,PVM,2020-06-01_07_37_27,20,PVM_2020-06-01_07_37_27_20.wav,18-FkoUKf_2DLI1-Ne8A4aX3ekd7cqorK,NoStutteredWords,1,False,0,0,0,0,0,1,1008197,1056197,0,0,0,0,0,0,train
segunda_revision,PVM,2020-06-01_07_37_27,44,PVM_2020-06-01_07_37_27_44.wav,189BTOe5ACSqKeBzSYfvxUse8pMg_MfrU,NoStutteredWords,1,False,0,0,0,0,0,1,2160751,2208751,0,0,0,1,0,0,train
segunda_revision,PVM,2020-06-01_07_37_27,50,PVM_2020-06-01_07_37_27_50.wav,17NS7NGgi_EVsR2Kr0oJ2VKB98pJNxyDS,NoStutteredWords,1,False,0,0,0,0,0,1,2548959,2596959,0,0,0,0,0,0,train
segunda_revision,PVM,2020-06-01_08_02_53,7,PVM_2020-06-01_08_02_53_7.wav,17Ke-7oLeq6zO_bDsWFFeRP60PnRwJ3jS,Block,1,False,0,0,1,0,0,0,375815,423815,0,0,0,0,0,0,train
segunda_revision,PVM,2020-06-01_08_02_53,16,PVM_2020-06-01_08_02_53_16.wav,16yAain05bwspaFvrk_E2jae3BFxoQ4Ps,NoStutteredWords,1,False,0,0,0,0,0,1,930525,978525,0,0,0,0,0,0,train
segunda_revision,PVM,2020-06-01_08_02_53,18,PVM_2020-06-01_08_02_53_18.wav,18QkXrfi9XPaAjYJNnWYAufRxm0NcuwfF,Prolongation,1,False,0,0,0,0,1,0,1072799,1120799,0,0,0,0,0,0,train
segunda_revision,PVM,2020-06-01_08_02_53,20,PVM_2020-06-01_08_02_53_20.wav,16VoSFyPm-KpzdiW4TRpG7eKEIorJkgTR,NoStutteredWords,1,False,0,0,0,0,0,1,1263584,1311584,0,0,0,0,0,0,train
segunda_revision,PVM,2020-06-01_08_02_53,26,PVM_2020-06-01_08_02_53_26.wav,16Pfrt9kWs7tRNLMqG0aoksJDjZN6D7fX,NoStutteredWords,1,False,0,0,0,0,0,1,1643508,1691508,0,0,0,0,0,0,train
segunda_revision,PVM,2020-06-01_08_02_53,43,PVM_2020-06-01_08_02_53_43.wav,19OX6shvRuGXiK3JwooBiO0uZyPe7AL80,Block,1,False,0,0,1,0,0,0,2484202,2532202,0,0,0,0,0,0,train
segunda_revision,PVM,2020-06-01_08_41_10,0,PVM_2020-06-01_08_41_10_0.wav,1I9NS-VEOiKPDf0mryKWBk03GepZDUuMm,SoundRep,1,False,0,0,0,1,0,0,38300,86300,0,0,0,0,0,0,train
segunda_revision,PVM,2020-06-01_08_41_10,3,PVM_2020-06-01_08_41_10_3.wav,1KUGOvIU2H0sE6wk7SvXTZMPK6Q3jRDb9,NoStutteredWords,1,False,0,0,0,0,0,1,210992,258992,0,0,0,0,0,0,train
segunda_revision,PVM,2020-06-01_08_41_10,5,PVM_2020-06-01_08_41_10_5.wav,1KX3Vg_mInKp1QbwlmuntQbpmbbCF80rA,NoStutteredWords,1,False,0,0,0,0,0,1,344354,392354,0,0,0,0,1,0,train
segunda_revision,PVM,2020-06-01_08_41_10,15,PVM_2020-06-01_08_41_10_15.wav,1Iy6TBW0gqfcAYLHkzYq-T1zCebEPXOny,NoStutteredWords,1,False,0,0,0,0,0,1,916387,964387,0,0,0,0,0,0,train
segunda_revision,PVM,2020-06-01_08_41_10,18,PVM_2020-06-01_08_41_10_18.wav,1KXnY8q-WXuyfoM6yaTcecypV-jrzxAAv,NoStutteredWords,1,False,0,0,0,0,0,1,1078994,1126994,0,0,0,0,0,0,train
segunda_revision,PVM,2020-06-01_08_41_10,23,PVM_2020-06-01_08_41_10_23.wav,1IoPxI4rhqqSstTbk1wmY1Qy4UCzUAcND,NoStutteredWords,1,False,0,0,0,0,0,1,1302616,1350616,0,0,0,0,1,0,train
segunda_revision,PVM,2020-06-01_08_41_10,27,PVM_2020-06-01_08_41_10_27.wav,1IsV3CjmB2MQu0Ip96DUx65vL3R_taaBd,Prolongation,1,False,0,0,0,0,1,0,1556556,1604556,0,0,0,0,0,0,train
segunda_revision,PVM,2020-06-01_08_41_10,34,PVM_2020-06-01_08_41_10_34.wav,1IX6zyWlrWNNqWQtRFl5Yav06fpj3tVwW,NoStutteredWords,1,False,0,0,0,0,0,1,1887443,1935443,0,0,0,0,0,0,train
segunda_revision,PVM,2020-06-01_08_41_10,41,PVM_2020-06-01_08_41_10_41.wav,1JKTkofHHZK7nN0ybsP9BY09cszYp2S9U,WordRep,1,False,0,1,0,0,0,0,2272673,2320673,0,0,0,0,0,0,train
segunda_revision,PVM,2020-06-01_08_41_10,44,PVM_2020-06-01_08_41_10_44.wav,1KKBnGQP1jObVLEIb5eH7_Deh05Na6SyA,NoStutteredWords,1,False,0,0,0,0,0,1,2432593,2480593,0,0,0,0,0,0,train
segunda_revision,PVM,2020-06-01_08_41_10,45,PVM_2020-06-01_08_41_10_45.wav,1JtdC1v-M1cyzYqVnjvKIGIh_fKsdqpmD,NoStutteredWords,1,False,0,0,0,0,0,1,2486644,2534644,0,0,0,0,0,0,train
segunda_revision,PVM,2020-06-01_09_07_55,1,PVM_2020-06-01_09_07_55_1.wav,1HJZoLgGEYec0qAC8_vT8tpvP3O1E-6pY,NoStutteredWords,1,False,0,0,0,0,0,1,68475,116475,0,0,0,1,0,0,train
segunda_revision,PVM,2020-06-01_09_07_55,8,PVM_2020-06-01_09_07_55_8.wav,1IDByVUzwlCC4q5044rqndWSQkuopxdXF,NoStutteredWords,1,False,0,0,0,0,0,1,635033,683033,0,0,0,0,0,0,train
segunda_revision,PVM,2020-06-01_09_07_55,12,PVM_2020-06-01_09_07_55_12.wav,1I0Pk6z_UiXmXBFPuvX7ZNne47sRsX9sQ,SoundRep,1,False,0,0,0,1,0,0,955506,1003506,0,0,0,0,0,0,train
segunda_revision,PVM,2020-06-01_09_07_55,17,PVM_2020-06-01_09_07_55_17.wav,1HXQq7mje2YkxIrtblRZ8iykt9t7b3pT3,NoStutteredWords,1,False,0,0,0,0,0,1,1327712,1375712,0,0,0,0,0,0,train
segunda_revision,PVM,2020-06-01_09_07_55,29,PVM_2020-06-01_09_07_55_29.wav,1HWZxU7ETjPxQ1IRyS0b7_5jtGfOak_ED,Block,1,False,0,0,1,0,0,0,1989864,2037864,0,0,0,0,0,0,train
segunda_revision,PVM,2020-06-01_09_07_55,37,PVM_2020-06-01_09_07_55_37.wav,1IKiJEYdrLzlXc-Fo247E0mTnHHZkZUbb,Block,1,False,0,0,1,0,0,0,2332995,2380995,0,0,0,0,0,0,train
segunda_revision,PVM,2020-06-01_09_33_46,4,PVM_2020-06-01_09_33_46_4.wav,1gEnAbg_zpcoF5okWCaSWo0IdyYaz2pPw,NoStutteredWords,1,False,0,0,0,0,0,1,115979,163979,0,0,0,0,0,0,train
segunda_revision,PVM,2020-06-01_09_33_46,7,PVM_2020-06-01_09_33_46_7.wav,1g58QBm07OHcAuRADm1-fKi6_5AltDAPL,Block,1,False,0,0,1,0,0,0,318981,366981,0,0,0,0,1,0,train
segunda_revision,PVM,2020-06-01_09_33_46,20,PVM_2020-06-01_09_33_46_20.wav,1gDcK5nX0rwza3z6HpPF7CarY67jfrV44,NoStutteredWords,1,False,0,0,0,0,0,1,1110770,1158770,0,0,0,0,0,0,train
segunda_revision,PVM,2020-06-01_09_33_46,21,PVM_2020-06-01_09_33_46_21.wav,1gtEwCc_lhXxBH2H4-w459jF-T0hP95IQ,NoStutteredWords,1,False,0,0,0,0,0,1,1131275,1179275,0,0,0,0,0,0,train
segunda_revision,PVM,2020-06-01_09_33_46,31,PVM_2020-06-01_09_33_46_31.wav,1gblIMWZz7SQjxQwHxhKxU8gFG-W6aOTa,NoStutteredWords,1,False,0,0,0,0,0,1,1506699,1554699,0,0,0,0,0,0,train
segunda_revision,PVM,2020-06-01_09_33_46,32,PVM_2020-06-01_09_33_46_32.wav,1gKavNzfyrQXCBjVUa2AeW79hqpcKKqeP,SoundRep,1,False,0,0,0,1,0,0,1528095,1576095,0,0,0,0,0,0,train
segunda_revision,PVM,2020-06-01_09_33_46,33,PVM_2020-06-01_09_33_46_33.wav,1g_4HxtdnU_N_lpLhvySF-A18cVwYRqjR,NoStutteredWords,1,False,0,0,0,0,0,1,1670411,1718411,0,0,0,0,0,0,train
segunda_revision,PVM,2020-06-01_09_39_53,4,PVM_2020-06-01_09_39_53_4.wav,1sN4OGMEm-2tgcPrZygmy_jwA0ioavZ25,SoundRep,1,False,0,0,0,1,0,0,314724,362724,0,0,0,0,0,0,train
segunda_revision,PVM,2020-06-01_09_39_53,22,PVM_2020-06-01_09_39_53_22.wav,1rVoijk6d1UGYIeykCrd-mokYej2HfpA3,NoStutteredWords,1,False,0,0,0,0,0,1,1190612,1238612,0,0,0,0,0,0,train
segunda_revision,PVM,2020-06-01_09_39_53,35,PVM_2020-06-01_09_39_53_35.wav,1rbtggfoaYJFqtRjx9IPWI1ru_SYbXS7b,SoundRep,1,False,0,0,0,1,0,0,1926713,1974713,0,0,0,0,0,0,train
segunda_revision,PVM,2020-06-01_09_39_53,42,PVM_2020-06-01_09_39_53_42.wav,1se5GqhHrNyBJgkwdRUuFSD1tRZ1vdm0c,Prolongation,1,False,0,0,0,0,1,0,2259350,2307350,0,0,0,0,1,0,train
segunda_revision,PVM,2020-06-01_12_36_33,7,PVM_2020-06-01_12_36_33_7.wav,18vRhBWv9FcgdoR36b7BcTzW6iyHc2nb7,Prolongation,1,False,0,0,0,0,1,0,496261,544261,0,0,0,0,0,0,train
segunda_revision,PVM,2020-06-01_12_36_33,17,PVM_2020-06-01_12_36_33_17.wav,19IHFcXXYw9GamTXSAuNvOnGQ_uKzUgYQ,NoStutteredWords,1,False,0,0,0,0,0,1,1081654,1129654,0,0,0,0,1,0,train
segunda_revision,PVM,2020-06-01_12_46_58,17,PVM_2020-06-01_12_46_58_17.wav,1uQLZDt8uSxS97cHbT-4Q5kN_x-HWbZPq,Block,1,False,0,0,1,0,0,0,871150,919150,0,0,0,0,0,0,train
segunda_revision,PVM,2020-06-01_12_46_58,27,PVM_2020-06-01_12_46_58_27.wav,1u6VrhoiH3N2CXPKuy_igb0woRSMDcOU3,NoStutteredWords,1,False,0,0,0,0,0,1,1602433,1650433,0,0,0,0,1,0,train
segunda_revision,PVM,2020-06-01_12_46_58,39,PVM_2020-06-01_12_46_58_39.wav,1uhPn99lxndGhH41EFeK0K9e7jscWOeku,NoStutteredWords,1,False,0,0,0,0,0,1,2256944,2304944,0,0,0,0,0,0,train
segunda_revision,PVM,2020-06-02_05_06_06,3,PVM_2020-06-02_05_06_06_3.wav,1jis7jpLENcrTPSTihJlOQwSXIlAU-JRp,NoStutteredWords,1,False,0,0,0,0,0,1,216336,264336,0,0,0,0,0,0,train
segunda_revision,PVM,2020-06-02_05_06_06,6,PVM_2020-06-02_05_06_06_6.wav,1h2FOVyhalWilLoRZIq8CkA36Q9u6Gl8g,Block,2,False,0,0,1,1,0,0,396784,444784,0,0,0,0,0,0,train
segunda_revision,PVM,2020-06-02_05_06_06,24,PVM_2020-06-02_05_06_06_24.wav,1isvvJR58uMIAkni9B0z55HP4zzj2qWxS,SoundRep,1,False,0,0,0,1,0,0,1316670,1364670,0,0,0,0,0,0,train
segunda_revision,PVM,2020-06-02_05_06_06,33,PVM_2020-06-02_05_06_06_33.wav,1fgsJPxyvmgCmMLGf9LIE7oLTNZjk5zVD,Block,2,False,0,0,1,1,0,0,1762912,1810912,0,0,0,0,0,0,train
segunda_revision,PVM,2020-06-02_05_06_06,35,PVM_2020-06-02_05_06_06_35.wav,1hqW3AEHwtxbHW4mrUy9jAMr_O4O_63YY,Block,3,False,0,0,1,1,1,0,1824381,1872381,0,0,0,0,0,0,train
segunda_revision,PVM,2020-06-02_05_06_06,40,PVM_2020-06-02_05_06_06_40.wav,1hVzklz1aITf8pZ-pUjdc8CfCwkYB_-ja,NoStutteredWords,1,False,0,0,0,0,0,1,2048308,2096308,0,0,0,0,1,0,train
segunda_revision,PVM,2020-06-02_05_06_06,59,PVM_2020-06-02_05_06_06_59.wav,1h23KW_x57THHF4niHSL0x_hWfmTvlP0R,Block,1,False,0,0,1,0,0,0,2935601,2983601,0,0,0,0,0,0,train
segunda_revision,PVM,2020-06-02_05_06_06,70,PVM_2020-06-02_05_06_06_70.wav,1hql1eLds6qwjQ7Q41Ho3lgM16eoFrfG_,NoStutteredWords,1,False,0,0,0,0,0,1,3386311,3434311,0,0,0,0,0,0,train
segunda_revision,PVM,2020-06-02_05_25_20,17,PVM_2020-06-02_05_25_20_17.wav,1SZMxiHt9KktlLaa-2fv6t8FKkEw3eR83,SoundRep,1,False,0,0,0,1,0,0,849315,897315,0,0,0,0,0,0,train
segunda_revision,PVM,2020-06-02_05_25_20,27,PVM_2020-06-02_05_25_20_27.wav,1RYhsMM3rDTtAVBMl6HGJRuGZULsf_Swi,Block,1,False,0,0,1,0,0,0,1323195,1371195,0,0,0,0,0,0,train
segunda_revision,PVM,2020-06-02_05_25_20,32,PVM_2020-06-02_05_25_20_32.wav,1SamzL8g0lET5NSe5fdOiOM2kRtj94-N4,NoStutteredWords,1,False,0,0,0,0,0,1,1470004,1518004,0,0,0,0,0,0,train
segunda_revision,PVM,2020-06-02_05_25_20,47,PVM_2020-06-02_05_25_20_47.wav,1RaJI5IwxzRMYnPZQuuwYEmzSF42nnMuD,SoundRep,1,False,0,0,0,1,0,0,2093125,2141125,0,0,0,0,0,0,train
segunda_revision,PVM,2020-06-02_05_25_20,48,PVM_2020-06-02_05_25_20_48.wav,1RPeYBEIrJ474hKdg89lgUmxCzBdLT3_r,NoStutteredWords,1,False,0,0,0,0,0,1,2131540,2179540,0,0,0,0,0,0,train
segunda_revision,PVM,2020-06-02_05_25_20,50,PVM_2020-06-02_05_25_20_50.wav,1S_zFm7vm86eqEPRg_Tx0yvXdc7ViqZh-,SoundRep,1,False,0,0,0,1,0,0,2199781,2247781,0,0,0,0,0,0,train
segunda_revision,PVM,2020-06-02_05_25_20,51,PVM_2020-06-02_05_25_20_51.wav,1SGX-XF_Pek8j-s9HHZXMayKRkXFdbCci,SoundRep,1,False,0,0,0,1,0,0,2224178,2272178,0,0,0,0,0,0,train
segunda_revision,PVM,2020-06-02_05_25_20,55,PVM_2020-06-02_05_25_20_55.wav,1RTbcJaVWG1E93pJwQc-uxFgE9Vv564W5,Block,1,False,0,0,1,0,0,0,2349607,2397607,0,0,0,0,0,0,train
segunda_revision,PVM,2020-06-02_05_25_20,61,PVM_2020-06-02_05_25_20_61.wav,1QI_Fcj6OpMt0dp3q7qKYhqqwbN4YTC8H,NoStutteredWords,1,False,0,0,0,0,0,1,2714438,2762438,0,0,0,0,0,0,train
segunda_revision,PVM,2020-06-02_05_25_20,70,PVM_2020-06-02_05_25_20_70.wav,1R2ymTX_aqz3VQFdPE8oHJGEQp2wfvC5O,NoStutteredWords,1,False,0,0,0,0,0,1,3062428,3110428,0,0,0,0,0,0,train
segunda_revision,PVM,2020-06-02_07_49_10,0,PVM_2020-06-02_07_49_10_0.wav,1NI0vClEA0SbC_RcGK49bU90SYChFnXo0,SoundRep,1,False,0,0,0,1,0,0,36956,84956,0,0,0,0,0,0,train
segunda_revision,PVM,2020-06-02_07_49_10,12,PVM_2020-06-02_07_49_10_12.wav,1MtPIUbMdTu36QnTrip-wTLdB9hEdy8ew,NoStutteredWords,1,False,0,0,0,0,0,1,531782,579782,0,0,0,0,1,0,train
segunda_revision,PVM,2020-06-02_07_49_10,15,PVM_2020-06-02_07_49_10_15.wav,1OAx1Ec0dVzjNsyV6GcT7prfi4AxPr3PV,SoundRep,1,False,0,0,0,1,0,0,683019,731019,1,0,1,0,1,0,train
segunda_revision,PVM,2020-06-02_07_49_10,34,PVM_2020-06-02_07_49_10_34.wav,1LLvR6Izgvcohk7oayYySNIKymJd0W7Rm,NoStutteredWords,1,False,0,0,0,0,0,1,1881979,1929979,0,0,0,0,0,0,train
segunda_revision,PVM,2020-06-02_07_49_10,38,PVM_2020-06-02_07_49_10_38.wav,1MeLrevvHGxcEU-llMvZMKq-aa8xk0OiK,SoundRep,2,False,0,0,0,1,1,0,2089124,2137124,0,0,0,0,1,0,train
segunda_revision,PVM,2020-06-02_07_49_10,46,PVM_2020-06-02_07_49_10_46.wav,1MsOoH9Ia56zUUK--5j-yFIHZArHo8oqu,SoundRep,1,False,0,0,0,1,0,0,2485871,2533871,0,0,0,0,0,0,train
segunda_revision,PVM,2020-06-02_07_51_47,6,PVM_2020-06-02_07_51_47_6.wav,1QRJo950kddEURJlJ7rOVxURKdmwi51p5,SoundRep,1,False,0,0,0,1,0,0,304032,352032,0,0,0,0,0,0,train
segunda_revision,PVM,2020-06-02_07_51_47,22,PVM_2020-06-02_07_51_47_22.wav,1ULpOb-ihV_bmUQwyOhARji6xPwRkCHy0,NoStutteredWords,1,False,0,0,0,0,0,1,1197505,1245505,0,0,0,0,0,0,train
segunda_revision,PVM,2020-06-02_07_51_47,30,PVM_2020-06-02_07_51_47_30.wav,1QvZ68YYA_hkMdNyym40b92C7ibXc7JEp,NoStutteredWords,1,False,0,0,0,0,0,1,1614757,1662757,0,0,0,0,0,0,train
segunda_revision,PVM,2020-06-02_07_51_47,31,PVM_2020-06-02_07_51_47_31.wav,1SPjKtCTPpvvNuGhFBF_pMDZyhngxlNNr,Block,1,False,0,0,1,0,0,0,1625739,1673739,0,0,0,0,0,0,train
segunda_revision,PVM,2020-06-02_07_51_47,43,PVM_2020-06-02_07_51_47_43.wav,1SWNBoGmo15z_GB1JxQhi8pZ3pHAzM0RP,Block,2,False,0,0,1,1,0,0,2081051,2129051,0,0,0,0,0,0,train
segunda_revision,PVM,2020-06-02_07_51_47,45,PVM_2020-06-02_07_51_47_45.wav,1UHgyk8b0Sn3Sk-J0XVNU7kn_WA32YNx8,Block,1,False,0,0,1,0,0,0,2125931,2173931,0,0,0,0,0,0,train
segunda_revision,PVM,2020-06-02_07_51_47,49,PVM_2020-06-02_07_51_47_49.wav,1RORX5GLKZroXjseHrPV7N9fAfZl6hOVB,NoStutteredWords,1,False,0,0,0,0,0,1,2308361,2356361,0,0,0,0,1,0,train
segunda_revision,PVM,2020-06-02_08_21_40,6,PVM_2020-06-02_08_21_40_6.wav,1yHpxPYs0eKNXgS0h_FAO4ZBZXbFsUPMF,SoundRep,1,False,0,0,0,1,0,0,280474,328474,0,0,0,0,0,0,train
segunda_revision,PVM,2020-06-02_08_21_40,9,PVM_2020-06-02_08_21_40_9.wav,1yNqWphpyX_V3aTsuCFuW5UngrNpeTm62,SoundRep,1,False,0,0,0,1,0,0,404819,452819,0,0,0,0,0,0,train
segunda_revision,PVM,2020-06-02_08_21_40,12,PVM_2020-06-02_08_21_40_12.wav,1yQw29ILOHtagMp4TrTmud2prNbmi1tqi,NoStutteredWords,1,False,0,0,0,0,0,1,533343,581343,0,0,0,0,0,0,train
segunda_revision,PVM,2020-06-02_08_21_40,15,PVM_2020-06-02_08_21_40_15.wav,1zlZncQVf67Fs34iO6j3BCLL1JnkG34rd,NoStutteredWords,1,False,0,0,0,0,0,1,699996,747996,0,0,0,0,0,0,train
segunda_revision,PVM,2020-06-02_08_21_40,20,PVM_2020-06-02_08_21_40_20.wav,1zvwD0ct8tEWMTiQQSrUM7wtPQ268Z5r8,NoStutteredWords,1,False,0,0,0,0,0,1,891115,939115,0,0,0,0,0,0,train
segunda_revision,PVM,2020-06-02_08_21_40,24,PVM_2020-06-02_08_21_40_24.wav,1-UJeGhTcsEPCwpLaXHuD40MmsDK7-mJM,Block,2,False,0,0,1,1,0,0,1129049,1177049,0,0,0,0,0,0,train
segunda_revision,PVM,2020-06-02_08_21_40,38,PVM_2020-06-02_08_21_40_38.wav,1yrTfCYcx09QK1HZ-TGO6e4TJK0H1VM2_,SoundRep,1,False,0,0,0,1,0,0,1683422,1731422,0,0,0,0,0,0,train
segunda_revision,PVM,2020-06-02_08_21_40,49,PVM_2020-06-02_08_21_40_49.wav,1zuOBSaMlPGCkEY6_Jd9BvU3DntJ6rCz5,SoundRep,1,False,0,0,0,1,0,0,2303124,2351124,0,0,0,0,0,0,train
segunda_revision,PVM,2020-06-02_08_21_40,56,PVM_2020-06-02_08_21_40_56.wav,1ysXR5qPkAnUAW5nnjoqViIjeBleqEatm,Prolongation,1,False,0,0,0,0,1,0,2571924,2619924,0,0,0,0,0,0,train
segunda_revision,PVM,2020-06-02_08_21_40,63,PVM_2020-06-02_08_21_40_63.wav,1gPQVJQCGuHL_HeEU1Lb3hvJU7L49pWJj,NoStutteredWords,1,False,0,0,0,0,0,1,2828470,2876470,0,0,0,1,0,0,train
segunda_revision,PVM,2020-06-02_08_40_11,9,PVM_2020-06-02_08_40_11_9.wav,1a3-JG8j2Y-fUYM_Wx1Pb8_CId9R3L0OT,NoStutteredWords,1,False,0,0,0,0,0,1,520905,568905,0,0,0,1,0,0,train
segunda_revision,PVM,2020-06-02_08_40_11,13,PVM_2020-06-02_08_40_11_13.wav,1YeOWF0Eg-P4KgyDtEtWyPjfl2pfKP4sg,Block,2,False,0,0,1,1,0,0,934749,982749,0,0,0,0,0,0,train
segunda_revision,PVM,2020-06-02_08_40_11,15,PVM_2020-06-02_08_40_11_15.wav,1_APMpi3p7UyAmrGmN5oLQwaI6DbNJkuX,NoStutteredWords,1,False,0,0,0,0,0,1,983055,1031055,0,0,0,0,0,0,train
segunda_revision,PVM,2020-06-02_08_40_11,22,PVM_2020-06-02_08_40_11_22.wav,1ZQ8fp3Q6CsUnGb4v9yybkUJ3kTRqp1dS,Prolongation,1,False,0,0,0,0,1,0,1384264,1432264,0,0,0,0,0,0,train
segunda_revision,PVM,2020-06-02_08_40_11,24,PVM_2020-06-02_08_40_11_24.wav,1a5s-VzToTnSAyGMdOJnyexsa6LLckrdD,NoStutteredWords,1,False,0,0,0,0,0,1,1485042,1533042,0,0,0,0,0,0,train
segunda_revision,PVM,2020-06-02_08_40_11,28,PVM_2020-06-02_08_40_11_28.wav,1ZalFIV2o41u5WlxGMhzN6ypm2G5VPHrx,SoundRep,2,False,0,0,0,1,1,0,1686194,1734194,0,0,0,0,0,0,train
segunda_revision,PVM,2020-06-02_08_40_11,29,PVM_2020-06-02_08_40_11_29.wav,1a56bZ5GuBPkt369dsLSoOMpe5ph1osmp,Block,1,False,0,0,1,0,0,0,1838776,1886776,0,0,0,0,0,0,train
segunda_revision,PVM,2020-06-02_08_40_11,31,PVM_2020-06-02_08_40_11_31.wav,1ZnPPEihLNU5U0y_5NbOydIPqbhy7ow5T,NoStutteredWords,1,False,0,0,0,0,0,1,1934195,1982195,0,0,0,0,0,0,train
segunda_revision,PVM,2020-06-02_08_40_11,39,PVM_2020-06-02_08_40_11_39.wav,1Zr54_nxnKKeTLT7ExE-2IOuUb3dFqZmh,Block,1,False,0,0,1,0,0,0,2310417,2358417,0,0,0,0,0,0,train
segunda_revision,PVM,2020-06-02_08_40_11,60,PVM_2020-06-02_08_40_11_60.wav,1_OikQFP_EC2tsORJfFjJCq6P6TKJ2z-l,SoundRep,1,False,0,0,0,1,0,0,3401725,3449725,0,0,0,0,0,0,train
segunda_revision,PVM,2020-06-02_08_40_11,64,PVM_2020-06-02_08_40_11_64.wav,1YsStew9CuJNZh0pkMcatei39w-GOyLh7,Block,2,False,0,0,1,1,0,0,3659236,3707236,0,0,0,0,0,0,train
segunda_revision,PVM,2020-06-02_10_24_16,0,PVM_2020-06-02_10_24_16_0.wav,1CWyY7wxzmgwUpjhqnQ8DvEA-_ytoW3Ud,NoStutteredWords,1,False,0,0,0,0,0,1,74495,122495,0,0,0,0,0,0,train
segunda_revision,PVM,2020-06-02_10_24_16,5,PVM_2020-06-02_10_24_16_5.wav,19ph2kJt7Dv8_uSdhdSornYPzEaV7xBJW,NoStutteredWords,1,False,0,0,0,0,0,1,339526,387526,0,0,0,0,0,0,train
segunda_revision,PVM,2020-06-02_10_24_16,30,PVM_2020-06-02_10_24_16_30.wav,1DNJ8Oqw07WRai7X30lCkqNUF6KILO0rM,Block,2,False,0,0,1,1,0,0,1500678,1548678,0,0,0,0,0,0,train
segunda_revision,PVM,2020-06-02_10_24_16,33,PVM_2020-06-02_10_24_16_33.wav,1CNNBJRWUyA6ERMr8xUoX90wD-fqzPxU8,NoStutteredWords,1,False,0,0,0,0,0,1,1717966,1765966,0,0,0,0,0,0,train
segunda_revision,PVM,2020-06-02_10_24_16,34,PVM_2020-06-02_10_24_16_34.wav,1BPqWCaaaJMGJ3JRZuhiOTSYTaEfFERum,NoStutteredWords,1,False,0,0,0,0,0,1,1744704,1792704,0,0,0,0,0,0,train
segunda_revision,PVM,2020-06-02_10_24_16,47,PVM_2020-06-02_10_24_16_47.wav,1DBn7fPmqiee-0C1S8ThHzdQGvLjliCPT,NoStutteredWords,1,False,0,0,0,0,0,1,2342056,2390056,0,0,0,0,0,0,train
segunda_revision,PVM,2020-06-02_10_24_16,51,PVM_2020-06-02_10_24_16_51.wav,1DgXyFb4vx_5shlC1PiNZ2BkEtipjJyXk,Block,1,False,0,0,1,0,0,0,2578708,2626708,0,0,0,0,0,0,train
segunda_revision,PVM,2020-06-02_10_24_16,53,PVM_2020-06-02_10_24_16_53.wav,1BLWu3BiOpQVm3QZXQn9OBMo1Qq5WZUQ0,Block,1,False,0,0,1,0,0,0,2634403,2682403,0,0,0,0,0,0,train
segunda_revision,PVM,2020-06-02_11_48_10,4,PVM_2020-06-02_11_48_10_4.wav,1PhFVR5MBgK890EcOBvFYjMpSaIJu2356,NoStutteredWords,1,False,0,0,0,0,0,1,281479,329479,0,0,0,0,1,0,train
segunda_revision,PVM,2020-06-02_11_48_10,14,PVM_2020-06-02_11_48_10_14.wav,1PqDz9K49JvQqD0uT4MvambWVy-QHqsS7,NoStutteredWords,1,False,0,0,0,0,0,1,851349,899349,0,0,0,0,0,0,train
segunda_revision,PVM,2020-06-02_11_48_10,16,PVM_2020-06-02_11_48_10_16.wav,1QYJsod0qLiw8oJfq59dssSmVhheHON7z,SoundRep,2,False,0,0,0,1,1,0,944221,992221,1,0,0,0,0,0,train
segunda_revision,PVM,2020-06-02_11_48_10,27,PVM_2020-06-02_11_48_10_27.wav,1Pu1RYpVSBAR43HKPwNcG4Z81u7jt8zZg,SoundRep,1,False,0,0,0,1,0,0,1450055,1498055,0,0,0,0,1,0,train
segunda_revision,PVM,2020-06-02_11_48_10,32,PVM_2020-06-02_11_48_10_32.wav,1PWxsXWW3aUAEeaUhXd79OYLJzeDuxkve,SoundRep,1,False,0,0,0,1,0,0,1692536,1740536,0,0,0,0,0,0,train
segunda_revision,PVM,2020-06-02_11_48_10,34,PVM_2020-06-02_11_48_10_34.wav,1P6EbgFd4OKC-PoxIsdwe0fXKsfNgDpdU,SoundRep,1,False,0,0,0,1,0,0,1834868,1882868,0,0,0,0,0,0,train
segunda_revision,PVM,2020-06-02_11_48_10,35,PVM_2020-06-02_11_48_10_35.wav,1OefTWTyU08fEPgOvUQXfeXaKiQQQ4q4S,Block,2,False,0,0,1,1,0,0,1871318,1919318,0,0,0,0,0,0,train
segunda_revision,PVM,2020-06-02_11_48_10,44,PVM_2020-06-02_11_48_10_44.wav,1PuUMxWwd1op3goqM_jtjWMWQn4jjLwM8,SoundRep,1,False,0,0,0,1,0,0,2347847,2395847,0,0,0,0,0,0,train
segunda_revision,PVM,2020-06-02_11_48_10,45,PVM_2020-06-02_11_48_10_45.wav,1PeMv2XlBLZPdzZzf1hzMS7q31Yn5RJk6,SoundRep,1,False,0,0,0,1,0,0,2384107,2432107,0,0,0,0,0,0,train
segunda_revision,PVM,2020-06-02_11_48_10,54,PVM_2020-06-02_11_48_10_54.wav,1Q9d2ihT2bORXZs-a0YPe2thf6gdD4YGW,SoundRep,2,False,0,0,0,1,1,0,2752687,2800687,0,0,0,0,0,0,train
segunda_revision,PVM,2020-06-02_11_51_06,7,PVM_2020-06-02_11_51_06_7.wav,1eWFRRmEzhvHYD-wToeEQdbKe-Rw-tFt3,NoStutteredWords,1,False,0,0,0,0,0,1,310881,358881,0,0,0,0,0,0,train
segunda_revision,PVM,2020-06-02_11_51_06,21,PVM_2020-06-02_11_51_06_21.wav,1es0opeTic4nX0A9iyxlTjKxTDAikyfxY,SoundRep,1,False,0,0,0,1,0,0,1002323,1050323,0,0,0,0,0,0,train
segunda_revision,PVM,2020-06-02_11_51_06,25,PVM_2020-06-02_11_51_06_25.wav,1fPQj4xfNIUFLlLKgciUUihBbkri7V4Kb,Prolongation,1,False,0,0,0,0,1,0,1183870,1231870,0,0,0,0,0,0,train
segunda_revision,PVM,2020-06-02_11_51_06,42,PVM_2020-06-02_11_51_06_42.wav,1fMi-A9OAD4Op3EHOKuzkjwhKuu5IK2yR,Block,1,False,0,0,1,0,0,0,2016768,2064768,0,0,0,0,0,0,train
segunda_revision,PVM,2020-06-02_11_51_06,47,PVM_2020-06-02_11_51_06_47.wav,1fJQwUAC4iKhyb-bdUt8-YHQIKjdk_BX0,NoStutteredWords,1,False,0,0,0,0,0,1,2368613,2416613,0,0,0,0,1,0,train
segunda_revision,PVM,2020-06-02_12_53_21,1,PVM_2020-06-02_12_53_21_1.wav,1mRdgRWuSm4QKeZu7GYPElvkQ-AHRx5Js,Block,2,False,0,0,1,1,0,0,49813,97813,0,0,0,0,0,0,train
segunda_revision,PVM,2020-06-02_12_53_21,8,PVM_2020-06-02_12_53_21_8.wav,1mHpIgjYL7TIw5I_5NoEIN4lF4AzzYw3q,NoStutteredWords,1,False,0,0,0,0,0,1,418436,466436,0,0,0,0,0,0,train
segunda_revision,PVM,2020-06-02_12_53_21,19,PVM_2020-06-02_12_53_21_19.wav,1mb83KlB2KtUazz2juansnGgzC40CvV9J,NoStutteredWords,1,False,0,0,0,0,0,1,1126104,1174104,0,0,0,0,0,0,train
segunda_revision,PVM,2020-06-02_12_53_21,21,PVM_2020-06-02_12_53_21_21.wav,1lw91MIWaZevipAVPZLrgPA1HaE1ISRJb,NoStutteredWords,1,False,0,0,0,0,0,1,1220798,1268798,0,0,0,1,0,0,train
segunda_revision,PVM,2020-06-02_12_53_21,30,PVM_2020-06-02_12_53_21_30.wav,1lLsfZUpsmHTmoLGhcoVi4ru8Z5dx9R2u,NoStutteredWords,1,False,0,0,0,0,0,1,1723175,1771175,0,0,0,0,1,0,train
segunda_revision,PVM,2020-06-02_12_53_21,31,PVM_2020-06-02_12_53_21_31.wav,1lJkvTiUwW90EJzbq-Yl5negSNX5QXXWo,NoStutteredWords,1,False,0,0,0,0,0,1,1757433,1805433,0,0,0,0,0,0,train
segunda_revision,PVM,2020-06-02_12_53_21,33,PVM_2020-06-02_12_53_21_33.wav,1lU6wexJG2Q8J-sI4pTRm5kw98PJMMsJ2,Block,1,False,0,0,1,0,0,0,1874865,1922865,0,0,0,0,0,0,train
segunda_revision,PVM,2020-06-02_12_53_21,38,PVM_2020-06-02_12_53_21_38.wav,1mktboVMDbc61SxHss9eyynx3ODvdUNA6,Block,2,False,0,0,1,0,1,0,2124964,2172964,1,0,0,0,0,0,train
segunda_revision,PVM,2020-06-02_12_53_21,57,PVM_2020-06-02_12_53_21_57.wav,1mTCP1LOtCAwLPYqeHik7bV86LbqVDyVy,Block,1,False,0,0,1,0,0,0,3333748,3381748,0,0,0,0,0,0,train
segunda_revision,PVM,2020-06-02_12_53_21,58,PVM_2020-06-02_12_53_21_58.wav,1mVLF13JUH87P4irDYG6iYDTI6beMZQRl,Block,1,False,0,0,1,0,0,0,3387353,3435353,0,0,0,0,0,0,train
segunda_revision,PVM,2020-06-03_05_03_51,10,PVM_2020-06-03_05_03_51_10.wav,1fXWP6huguLCz4YHO4fSz9DHorV_UU58T,SoundRep,1,False,0,0,0,1,0,0,599302,647302,0,0,0,0,0,0,train
segunda_revision,PVM,2020-06-03_05_03_51,39,PVM_2020-06-03_05_03_51_39.wav,1bo35hnImNsh04CkW5RnraYFzDgz-Qpdz,Block,1,False,0,0,1,0,0,0,1908910,1956910,0,0,0,0,0,0,train
segunda_revision,PVM,2020-06-03_05_03_51,45,PVM_2020-06-03_05_03_51_45.wav,1bQuqJCC4i4JGSsq8_ccc_VvQ8JLm6NWe,NoStutteredWords,1,False,0,0,0,0,0,1,2030714,2078714,0,0,0,0,0,0,train
segunda_revision,PVM,2020-06-03_05_03_51,54,PVM_2020-06-03_05_03_51_54.wav,1cHW_IDi8bnLnrOSf2B1W8rlA10at-mVV,SoundRep,1,False,0,0,0,1,0,0,2481909,2529909,0,0,0,0,0,0,train
segunda_revision,PVM,2020-06-03_05_04_09,3,PVM_2020-06-03_05_04_09_3.wav,1iFgmGnHV948Zb7iAzo0EXV7USFPcMV_s,Block,2,False,0,0,1,1,0,0,208524,256524,0,0,0,0,0,0,train
segunda_revision,PVM,2020-06-03_05_04_09,17,PVM_2020-06-03_05_04_09_17.wav,1jQRc5bXvlaOR9k7HfEG3-WhZJlmXCWyN,Prolongation,1,False,0,0,0,0,1,0,1080777,1128777,0,0,0,0,0,0,train
segunda_revision,PVM,2020-06-03_05_04_09,21,PVM_2020-06-03_05_04_09_21.wav,1itfaJ1-b0-QHWpTuqzB6dahHJ18sBenW,NoStutteredWords,1,False,0,0,0,0,0,1,1275730,1323730,0,0,0,0,0,0,train
segunda_revision,PVM,2020-06-03_05_04_09,29,PVM_2020-06-03_05_04_09_29.wav,1iBnv7u1_2DFE9wh1QS3xX2RJELPBHGA6,NoStutteredWords,1,False,0,0,0,0,0,1,1718933,1766933,0,0,0,0,0,0,train
segunda_revision,PVM,2020-06-03_05_04_09,32,PVM_2020-06-03_05_04_09_32.wav,1jCVwGl3pGnL66i0Cjg3-b9ijwEMMK8VT,NoStutteredWords,1,False,0,0,0,0,0,1,1875709,1923709,0,0,0,1,0,0,train
segunda_revision,PVM,2020-06-03_05_04_09,44,PVM_2020-06-03_05_04_09_44.wav,1j7ppDDZD85IhDOmFOPTcycdXJDrJVVPs,Block,2,False,0,0,1,1,0,0,2514539,2562539,0,0,0,0,0,0,train
segunda_revision,PVM,2020-06-03_05_55_38,9,PVM_2020-06-03_05_55_38_9.wav,1YV1lk2raUQGDjwlc24GemRWNDkkaWXdQ,Block,2,False,0,0,1,1,0,0,467775,515775,0,0,0,0,0,0,train
segunda_revision,PVM,2020-06-03_05_55_38,37,PVM_2020-06-03_05_55_38_37.wav,1aWJ1MMb9Ival_lb0gMQy0QcFhviv6WZY,Block,2,False,0,0,1,1,0,0,2136487,2184487,0,0,0,0,0,0,train
segunda_revision,PVM,2020-06-03_05_55_38,42,PVM_2020-06-03_05_55_38_42.wav,1XkBKTZb4aGQspA3cX7a-a6jFRQfurtYI,NoStutteredWords,1,False,0,0,0,0,0,1,2274467,2322467,0,0,0,0,1,0,train
segunda_revision,PVM,2020-06-03_05_55_38,45,PVM_2020-06-03_05_55_38_45.wav,1YFmf9_aDitf7BqQs64l1S96sJCTfH824,SoundRep,1,False,0,0,0,1,0,0,2387476,2435476,0,0,0,0,1,0,train
segunda_revision,PVM,2020-06-03_05_55_38,56,PVM_2020-06-03_05_55_38_56.wav,1b3-qdL50rAjoiz51aDiJQFA_9npxk-u_,Block,2,False,0,0,1,1,0,0,2957230,3005230,0,0,0,0,0,0,train
segunda_revision,PVM,2020-06-03_06_15_52,2,PVM_2020-06-03_06_15_52_2.wav,1kBWJ-cuQxS2CngtUf67oTqXgz80dJf46,NoStutteredWords,1,False,0,0,0,0,0,1,62763,110763,0,0,0,0,0,0,train
segunda_revision,PVM,2020-06-03_06_15_52,4,PVM_2020-06-03_06_15_52_4.wav,1oKXSNsU6vLwhdg14vSwEt8vCHImPDlqw,Block,2,False,0,0,1,1,0,0,206182,254182,0,0,0,0,0,0,train
segunda_revision,PVM,2020-06-03_06_15_52,9,PVM_2020-06-03_06_15_52_9.wav,1m5Ita-oahUQZO_cLzitJrEaQqtm4_Hrh,SoundRep,2,False,0,0,0,1,1,0,526140,574140,0,0,0,0,1,0,train
segunda_revision,PVM,2020-06-03_06_15_52,14,PVM_2020-06-03_06_15_52_14.wav,1nau43m_1dZb6Ydgza7J5L-V6ac_eZil_,SoundRep,1,False,0,0,0,1,0,0,738590,786590,0,0,0,0,0,0,train
segunda_revision,PVM,2020-06-03_06_15_52,15,PVM_2020-06-03_06_15_52_15.wav,1jyd9IwaYASaT6phbza8NHNtesHYkd_WV,Block,1,False,0,0,1,0,0,0,816013,864013,0,0,0,0,0,0,train
segunda_revision,PVM,2020-06-03_06_15_52,19,PVM_2020-06-03_06_15_52_19.wav,1nDXxK0K-gVNDKhpNYSzoJfxURdAK2-uj,Prolongation,1,False,0,0,0,0,1,0,1024764,1072764,0,0,0,0,0,0,train
segunda_revision,PVM,2020-06-03_06_15_52,51,PVM_2020-06-03_06_15_52_51.wav,1liXpByu1DonIHQrJLjFc0t3Yv5mwxtcd,SoundRep,1,False,0,0,0,1,0,0,2677354,2725354,0,0,0,0,0,0,train
segunda_revision,PVM,2020-06-03_06_15_52,52,PVM_2020-06-03_06_15_52_52.wav,1mGOTb01fBHdghqMw-LS2eFQ1P-izKEjB,SoundRep,1,False,0,0,0,1,0,0,2695562,2743562,0,0,0,0,0,0,train
segunda_revision,PVM,2020-06-03_06_15_52,62,PVM_2020-06-03_06_15_52_62.wav,1nbn5JczQCVrXU-l_ym1JKnyfzp_dEeKA,NoStutteredWords,1,False,0,0,0,0,0,1,3080933,3128933,0,0,0,0,0,0,train
segunda_revision,PVM,2020-06-03_06_30_08,29,PVM_2020-06-03_06_30_08_29.wav,1Nrm8BTnlnwIEQ-d_1Z4O6YLd1_pqIq_m,NoStutteredWords,1,False,0,0,0,0,0,1,1850832,1898832,0,0,0,0,1,0,train
segunda_revision,PVM,2020-06-03_06_30_08,34,PVM_2020-06-03_06_30_08_34.wav,1NmqexJE6G1hXG42oGSMdbCPWYYdf1Sbd,NoStutteredWords,1,False,0,0,0,0,0,1,2084075,2132075,0,0,0,0,1,0,train
segunda_revision,PVM,2020-06-03_06_30_08,35,PVM_2020-06-03_06_30_08_35.wav,1NSib7Y02tsyCqRKqiLDbYCH4mIFwJx9Q,NoStutteredWords,1,False,0,0,0,0,0,1,2116368,2164368,0,0,0,0,1,0,train
segunda_revision,PVM,2020-06-03_06_30_08,52,PVM_2020-06-03_06_30_08_52.wav,1Nqbxsq81-KCZuYoQZM9sM0pK8km-l1Wx,Block,1,False,0,0,1,0,0,0,2643304,2691304,0,0,0,0,0,0,train
segunda_revision,PVM,2020-06-03_06_30_08,57,PVM_2020-06-03_06_30_08_57.wav,1OMyQRKGq8nILIcgZ4KF6_OZb0CssB_T_,NoStutteredWords,1,False,0,0,0,0,0,1,2895531,2943531,0,0,0,0,0,0,train
segunda_revision,PVM,2020-06-03_08_07_00,24,PVM_2020-06-03_08_07_00_24.wav,184pAToqC3cjweKAGohQKe07l3z_UjLlm,SoundRep,1,False,0,0,0,1,0,0,1112410,1160410,0,0,0,0,0,0,train
segunda_revision,PVM,2020-06-03_08_07_00,27,PVM_2020-06-03_08_07_00_27.wav,164KGvhFE8vEImTdNC747pxAWGEq9VJk6,NoStutteredWords,1,False,0,0,0,0,0,1,1236489,1284489,0,0,0,0,0,0,train
segunda_revision,PVM,2020-06-03_08_07_00,29,PVM_2020-06-03_08_07_00_29.wav,15quG5lUFkLU2BT3yd2F8YhhnndVYfHL_,Block,1,False,0,0,1,0,0,0,1300719,1348719,0,0,0,0,0,0,train
segunda_revision,PVM,2020-06-03_08_07_00,31,PVM_2020-06-03_08_07_00_31.wav,174kfHgP8Kh_ec8jqxJ7KN0PiLBMUH5_O,Prolongation,1,False,0,0,0,0,1,0,1341139,1389139,0,0,0,0,0,0,train
segunda_revision,PVM,2020-06-03_08_07_00,36,PVM_2020-06-03_08_07_00_36.wav,16jcYUjFEOU-VvMQf-7KMvyhtJGufMc4G,Block,1,False,0,0,1,0,0,0,1507083,1555083,0,0,0,0,1,0,train
segunda_revision,PVM,2020-06-03_08_07_00,43,PVM_2020-06-03_08_07_00_43.wav,16_FQHIzqjPqZb8DuaWDEz-bCux_rEt-H,SoundRep,1,False,0,0,0,1,0,0,1890694,1938694,0,0,0,0,0,0,train
segunda_revision,PVM,2020-06-03_08_07_00,53,PVM_2020-06-03_08_07_00_53.wav,16ngJ4WY5qhU1Vn_QPAB9tQ-Gi6uXev0W,NoStutteredWords,1,False,0,0,0,0,0,1,2248537,2296537,0,0,0,0,0,0,train
segunda_revision,PVM,2020-06-03_08_42_27,11,PVM_2020-06-03_08_42_27_11.wav,1oVSFJTidixWMJBY3m2FSv7kLAzQoghQz,SoundRep,1,False,0,0,0,1,0,0,678549,726549,0,0,0,0,0,0,train
segunda_revision,PVM,2020-06-03_08_42_27,25,PVM_2020-06-03_08_42_27_25.wav,1qCyOPaJOiHvVkCC5WKlsBs7FPwlHSibx,SoundRep,1,False,0,0,0,1,0,0,1270882,1318882,0,0,0,0,0,0,train
segunda_revision,PVM,2020-06-03_08_42_27,26,PVM_2020-06-03_08_42_27_26.wav,1nL_decRB6vrT2b5X3Sx3MDHaNiframdM,Prolongation,1,False,0,0,0,0,1,0,1366327,1414327,0,0,0,0,0,0,train
segunda_revision,PVM,2020-06-03_08_42_27,50,PVM_2020-06-03_08_42_27_50.wav,1qxJIMYLFku1vXj2JFKEDQ53yi7kL2zSu,NoStutteredWords,1,False,0,0,0,0,0,1,2219225,2267225,0,0,0,0,0,0,train
segunda_revision,PVM,2020-06-03_08_42_27,55,PVM_2020-06-03_08_42_27_55.wav,1nJqOO7zEdosKjij7XZb6AAMWJ6ORhiJ1,NoStutteredWords,1,False,0,0,0,0,0,1,2435018,2483018,0,0,0,0,0,0,train
segunda_revision,PVM,2020-06-03_08_42_27,60,PVM_2020-06-03_08_42_27_60.wav,1qPNdhWXbW1aSKRm_z_JSUwIcmzj7MfmN,Prolongation,1,False,0,0,0,0,1,0,2571202,2619202,0,0,0,0,0,0,train
segunda_revision,PVM,2020-06-03_09_04_17,2,PVM_2020-06-03_09_04_17_2.wav,1_E7xORkd9AKF8_EveZ8wQEN3xDXowPAy,NoStutteredWords,1,False,0,0,0,0,0,1,203240,251240,0,0,0,0,0,0,train
segunda_revision,PVM,2020-06-03_09_04_17,12,PVM_2020-06-03_09_04_17_12.wav,1YSkaW2589bJwWxYgGtjlJWEDvp2yIqF4,NoStutteredWords,1,False,0,0,0,0,0,1,630014,678014,0,0,0,1,0,0,train
segunda_revision,PVM,2020-06-03_09_04_17,15,PVM_2020-06-03_09_04_17_15.wav,1Z_8ffnhtaFNr4yfpwhcXf7JruhWNTFyP,NoStutteredWords,1,False,0,0,0,0,0,1,747012,795012,0,0,0,0,0,0,train
segunda_revision,PVM,2020-06-03_09_04_17,20,PVM_2020-06-03_09_04_17_20.wav,1YNJBB-473PJOJBAHfIFeGGvGMPjlD6lw,NoStutteredWords,1,False,0,0,0,0,0,1,1012669,1060669,0,0,0,1,0,0,train
segunda_revision,PVM,2020-06-03_09_04_17,57,PVM_2020-06-03_09_04_17_57.wav,1WmrRGICX5Z-Jc4Vyxeir9xblZK9Z9ckS,NoStutteredWords,1,False,0,0,0,0,0,1,3037617,3085617,0,0,0,0,0,0,train
segunda_revision,PVM,2020-06-03_09_04_17,58,PVM_2020-06-03_09_04_17_58.wav,1_-N4hEhBuskkWrn4SHjgg0OMiaL2WuXc,NoStutteredWords,1,False,0,0,0,0,0,1,3063470,3111470,0,0,0,0,0,0,train
segunda_revision,PVM,2020-06-03_11_08_23,9,PVM_2020-06-03_11_08_23_9.wav,1UKaptSqpacpCTV9AZ2sZg7KM1hBNaLG2,NoStutteredWords,1,False,0,0,0,0,0,1,565734,613734,0,0,0,0,1,0,train
segunda_revision,PVM,2020-06-03_11_08_23,16,PVM_2020-06-03_11_08_23_16.wav,1TFF0Rdoym0r1jfs4pBXIrsNxOiQ_Gqwo,NoStutteredWords,1,False,0,0,0,0,0,1,942419,990419,0,0,0,0,1,0,train
segunda_revision,PVM,2020-06-03_11_08_23,17,PVM_2020-06-03_11_08_23_17.wav,1TNQp-RA671rt3SDELaTeXpYBh93tKxPm,NoStutteredWords,1,False,0,0,0,0,0,1,961259,1009259,0,0,0,0,0,0,train
segunda_revision,PVM,2020-05-27_01_01_37,21,PVM_2020-05-27_01_01_37_21.wav,1PkWkk_bcK33EYqRKBhgujrtM1dVd8TTn,Prolongation,1,False,0,0,0,0,1,0,1132767,1180767,0,0,0,0,1,0,train
segunda_revision,PVM,2020-05-27_01_01_37,24,PVM_2020-05-27_01_01_37_24.wav,1NcPA_aVTBKfAhwMQRgwqNIv95oO02wMp,NoStutteredWords,1,False,0,0,0,0,0,1,1278366,1326366,0,0,0,0,0,0,train
segunda_revision,PVM,2020-05-27_01_01_37,33,PVM_2020-05-27_01_01_37_33.wav,1NvIOgCkXg_KLqjOQQN-Q3yUo7Bo4aA9f,NoStutteredWords,1,False,0,0,0,0,0,1,1691046,1739046,0,0,0,1,0,0,train
segunda_revision,PVM,2020-05-27_01_01_37,40,PVM_2020-05-27_01_01_37_40.wav,1P9VCmaT5SEZEc-XdwnNax3KRoGxg22I8,Block,1,False,0,0,1,0,0,0,2072141,2120141,0,0,0,0,0,0,train
segunda_revision,PVM,2020-05-27_01_01_37,42,PVM_2020-05-27_01_01_37_42.wav,1OIqgW3ZqXx_irgrIC6Tj0U-B337Bg28P,NoStutteredWords,1,False,0,0,0,0,0,1,2129344,2177344,0,0,0,1,0,0,train
segunda_revision,PVM,2020-05-27_03_20_01,4,PVM_2020-05-27_03_20_01_4.wav,1dPdnQKffHN_6RHbzBJgakWblqv7IDbR_,NoStutteredWords,1,False,0,0,0,0,0,1,158309,206309,0,0,0,0,0,0,train
segunda_revision,PVM,2020-05-27_03_20_01,5,PVM_2020-05-27_03_20_01_5.wav,1fenBvWVgoiboF4jJNmsQHbJ34xVlE-cU,SoundRep,1,False,0,0,0,1,0,0,213070,261070,0,0,0,0,0,0,train
segunda_revision,PVM,2020-05-27_03_20_01,7,PVM_2020-05-27_03_20_01_7.wav,1fHwjTGXEGzsBjXX1eIjKNQgZztSIDhaF,SoundRep,1,False,0,0,0,1,0,0,350738,398738,0,0,0,0,0,0,train
segunda_revision,PVM,2020-05-27_03_20_01,10,PVM_2020-05-27_03_20_01_10.wav,1esU0FZfBIjNjfPc4BXu4Q06da6owgxsX,Block,1,False,0,0,1,0,0,0,441368,489368,0,0,0,0,0,0,train
segunda_revision,PVM,2020-05-27_03_20_01,21,PVM_2020-05-27_03_20_01_21.wav,1djEsQLCNJbWB87L8_vxycAFhh8OcPfH3,NoStutteredWords,1,False,0,0,0,0,0,1,1067510,1115510,0,0,0,1,0,0,train
segunda_revision,PVM,2020-05-27_03_20_01,23,PVM_2020-05-27_03_20_01_23.wav,1gK6LUaHL9u0mMaDRor1xyTpfCMySflIO,SoundRep,2,False,0,0,0,1,1,0,1150423,1198423,0,0,0,0,0,0,train
segunda_revision,PVM,2020-05-27_03_20_01,25,PVM_2020-05-27_03_20_01_25.wav,1d487ZAA9qsjgR2eL1wsprx1QnDYIfp3n,NoStutteredWords,1,False,0,0,0,0,0,1,1220466,1268466,0,0,0,0,0,0,train
segunda_revision,PVM,2020-05-27_03_20_01,31,PVM_2020-05-27_03_20_01_31.wav,1f6vrz81jMivp1d4Ee955inT5Wxw5PrGz,Block,1,False,0,0,1,0,0,0,1480706,1528706,0,0,0,0,0,0,train
segunda_revision,PVM,2020-05-27_03_20_01,34,PVM_2020-05-27_03_20_01_34.wav,1dsQteyoh7ft2eOwgGiUzbxg9Dhn9B3bE,NoStutteredWords,1,False,0,0,0,0,0,1,1598206,1646206,0,0,0,1,0,0,train
segunda_revision,PVM,2020-05-27_03_20_01,36,PVM_2020-05-27_03_20_01_36.wav,1ejd9oiP_iVsBe6zYhDuBzZiw2sed_sjl,Prolongation,1,False,0,0,0,0,1,0,1697109,1745109,0,0,0,0,0,0,train
segunda_revision,PVM,2020-05-27_03_20_01,38,PVM_2020-05-27_03_20_01_38.wav,1fCjEME0JVKEc_SSnwnCZO9oV9Q4K4a6S,SoundRep,1,False,0,0,0,1,0,0,1770310,1818310,0,0,0,0,0,0,train
segunda_revision,PVM,2020-05-27_03_20_01,39,PVM_2020-05-27_03_20_01_39.wav,1dWO4WrxYU0YmGTrjlBl2-jzHsPfIj52U,SoundRep,1,False,0,0,0,1,0,0,1786933,1834933,0,0,0,0,0,0,train
segunda_revision,PVM,2020-05-27_03_20_01,49,PVM_2020-05-27_03_20_01_49.wav,1epetTX3dgH7ba-bBt41O5XkR2wZZyu2H,Block,2,False,0,0,1,1,0,0,2210274,2258274,0,0,0,0,0,0,train
segunda_revision,PVM,2020-05-27_03_20_01,52,PVM_2020-05-27_03_20_01_52.wav,1e9gPouNLiJRS2WLnfE_-a0c7ErbaNShG,NoStutteredWords,1,False,0,0,0,0,0,1,2369786,2417786,0,0,0,0,0,0,train
segunda_revision,PVM,2020-05-27_03_20_01,56,PVM_2020-05-27_03_20_01_56.wav,1dGtyP6u2R7dqXwDjrBdAHktWkxE8_IKZ,SoundRep,1,False,0,0,0,1,0,0,2613055,2661055,0,0,0,0,0,0,train
segunda_revision,PVM,2020-05-27_03_20_01,62,PVM_2020-05-27_03_20_01_62.wav,1dS3S4zu9snm5zL2FsJoIiEdMhtuAc3dh,NoStutteredWords,1,False,0,0,0,0,0,1,2905675,2953675,0,0,0,1,1,0,train
segunda_revision,PVM,2020-05-27_03_20_01,66,PVM_2020-05-27_03_20_01_66.wav,1eo2SyjJSbBNmurqQCoG2HOXxLVxx2EWv,Block,2,False,0,0,1,1,0,0,3100626,3148626,0,0,0,0,0,0,train
segunda_revision,PVM,2020-05-27_03_20_01,69,PVM_2020-05-27_03_20_01_69.wav,1guO0GeQK5YjG5XHmN5JJ5Tdp_G0ahPn3,NoStutteredWords,1,False,0,0,0,0,0,1,3267096,3315096,0,0,0,1,0,0,train
segunda_revision,PVM,2020-05-27_03_20_01,71,PVM_2020-05-27_03_20_01_71.wav,1ds1im9s3nWppydhTxxe_Fwfhpy8wRsss,Block,2,False,0,0,1,1,0,0,3395098,3443098,1,0,0,0,0,0,train
segunda_revision,PVM,2020-05-27_03_20_01,85,PVM_2020-05-27_03_20_01_85.wav,1fjbzcMB_AL6UmiV2cXNTxJfbVXAscZmX,Block,1,False,0,0,1,0,0,0,3939101,3987101,0,0,0,0,0,0,train
segunda_revision,PVM,2020-05-27_03_20_01,87,PVM_2020-05-27_03_20_01_87.wav,1gUCMztsC2j_SJvFzcOCshQZ0dhGKYdp-,Prolongation,1,False,0,0,0,0,1,0,4019074,4067074,0,0,0,0,0,0,train
segunda_revision,PVM,2020-05-27_04_37_41,6,PVM_2020-05-27_04_37_41_6.wav,1b-thzx7k_PaMxxxsAeuw8xLrQc85GTes,Block,1,False,0,0,1,0,0,0,361123,409123,0,0,0,0,0,0,train
segunda_revision,PVM,2020-05-27_04_37_41,8,PVM_2020-05-27_04_37_41_8.wav,1c5gwYu0qGRiPIvquTVmcxepFnUXsdCpF,NoStutteredWords,1,False,0,0,0,0,0,1,448809,496809,0,0,0,1,0,0,train
segunda_revision,PVM,2020-05-27_04_37_41,14,PVM_2020-05-27_04_37_41_14.wav,1_godRQTDH4midSJPViLedqcxAOkHh2Ub,SoundRep,1,False,0,0,0,1,0,0,865201,913201,0,0,0,0,0,0,train
segunda_revision,PVM,2020-05-27_04_37_41,26,PVM_2020-05-27_04_37_41_26.wav,1cOjHsLLiN6GME1WYRJXGpneH18xXN6bL,Block,2,False,0,0,1,0,1,0,1513073,1561073,0,0,0,0,0,0,train
segunda_revision,PVM,2020-05-27_05_24_23,0,PVM_2020-05-27_05_24_23_0.wav,1FKJjerX-De9UlYP-QqkkBgheY3LUlL9F,SoundRep,1,False,0,0,0,1,0,0,16132,64132,0,0,0,0,0,0,train
segunda_revision,PVM,2020-05-27_05_24_23,9,PVM_2020-05-27_05_24_23_9.wav,1EDGYiLsq6LnITOS2OIpHLkeU21yD6wdG,SoundRep,2,False,0,0,0,1,1,0,606802,654802,0,0,0,0,0,0,train
segunda_revision,PVM,2020-05-27_05_24_23,10,PVM_2020-05-27_05_24_23_10.wav,1E8XgcL9dz0wp3uSe7KMcyT85St2CT_KC,Prolongation,1,False,0,0,0,0,1,0,628427,676427,0,0,0,0,0,0,train
segunda_revision,PVM,2020-05-27_05_24_23,13,PVM_2020-05-27_05_24_23_13.wav,1DIwJZx1h8e6_dCA8VeiNJxI2BUT4TQV_,Block,1,False,0,0,1,0,0,0,715827,763827,0,0,0,0,1,0,train
segunda_revision,PVM,2020-05-27_05_24_23,21,PVM_2020-05-27_05_24_23_21.wav,1FHBI81xP4FOo02yAFjsSHfkOymo-CpHS,NoStutteredWords,1,False,0,0,0,0,0,1,1056326,1104326,0,0,0,0,0,0,train
segunda_revision,PVM,2020-05-27_05_24_23,24,PVM_2020-05-27_05_24_23_24.wav,1EBB_2lKyBKF54fZ0ihwFX9Hwmay77VKk,NoStutteredWords,1,False,0,0,0,0,0,1,1514018,1562018,0,0,0,0,1,0,train
segunda_revision,PVM,2020-05-27_05_24_23,27,PVM_2020-05-27_05_24_23_27.wav,1E9FzNbBOsvt_2G4_wBrUAhMy8fmwaBhE,NoStutteredWords,1,False,0,0,0,0,0,1,1716970,1764970,0,0,0,0,0,0,train
segunda_revision,PVM,2020-05-27_05_24_23,35,PVM_2020-05-27_05_24_23_35.wav,1DaA9iynMI1IexqFlLf87Y1rtK9pZ5naB,NoStutteredWords,1,False,0,0,0,0,0,1,2288484,2336484,0,0,0,0,0,0,train
segunda_revision,PVM,2020-05-27_05_24_23,36,PVM_2020-05-27_05_24_23_36.wav,1EqeU49BhWyW7aN_Jt3tdzLNe3sQjJibc,NoStutteredWords,1,False,0,0,0,0,0,1,2305706,2353706,0,0,0,0,0,0,train
segunda_revision,PVM,2020-05-27_06_12_08,1,PVM_2020-05-27_06_12_08_1.wav,180cPCdxR8u-H0398wBDMCnrUJqAh2vqW,SoundRep,1,False,0,0,0,1,0,0,120126,168126,0,0,0,0,0,0,train
segunda_revision,PVM,2020-05-27_06_12_08,2,PVM_2020-05-27_06_12_08_2.wav,19NzE0k7l9HDjY5kKhQymsocVvOnKuAQi,NoStutteredWords,1,False,0,0,0,0,0,1,145044,193044,0,0,0,1,0,0,train
segunda_revision,PVM,2020-05-27_06_12_08,5,PVM_2020-05-27_06_12_08_5.wav,19bfEOQ61gpfge5L9W56hV66N1Jx294ku,SoundRep,1,False,0,0,0,1,0,0,286696,334696,0,0,0,0,0,0,train
segunda_revision,PVM,2020-05-27_06_12_08,13,PVM_2020-05-27_06_12_08_13.wav,17qjZjOphoLhiVer2yS-ZDcrElBFO-d2-,NoStutteredWords,1,False,0,0,0,0,0,1,688766,736766,0,0,0,0,0,0,train
segunda_revision,PVM,2020-05-27_06_12_08,22,PVM_2020-05-27_06_12_08_22.wav,193zIvfH6udi_VOUTthwFnRqp_-F34Jki,NoStutteredWords,1,False,0,0,0,0,0,1,1188392,1236392,0,0,0,0,0,0,train
segunda_revision,PVM,2020-05-27_06_12_08,32,PVM_2020-05-27_06_12_08_32.wav,18dQQa2J7a2UPu-L74gtjvjcdsAWO36UH,SoundRep,1,False,0,0,0,1,0,0,1510989,1558989,0,0,0,0,0,0,train
segunda_revision,PVM,2020-05-27_06_12_08,41,PVM_2020-05-27_06_12_08_41.wav,1ARxrO7IcvTDZTeKC-vbNgNy9VH_YITkj,NoStutteredWords,1,False,0,0,0,0,0,1,1849265,1897265,0,0,0,1,0,0,train
segunda_revision,PVM,2020-05-27_06_12_08,45,PVM_2020-05-27_06_12_08_45.wav,19MLVMb__CWMDePGXlgI8HpS44rTltzkT,NoStutteredWords,1,False,0,0,0,0,0,1,2049909,2097909,0,0,0,0,0,0,train
segunda_revision,PVM,2020-05-27_06_12_08,51,PVM_2020-05-27_06_12_08_51.wav,196RolXtjAB0_aTnmsh6P8WsOX78sEiTH,NoStutteredWords,1,False,0,0,0,0,0,1,2252954,2300954,0,0,0,0,0,0,train
segunda_revision,PVM,2020-05-27_08_00_37,0,PVM_2020-05-27_08_00_37_0.wav,1ZheL62Kngs02YuzYfsjwCrDvLvD-7BoR,NoStutteredWords,1,False,0,0,0,0,0,1,103373,151373,0,0,0,0,0,0,train
segunda_revision,PVM,2020-05-27_08_00_37,3,PVM_2020-05-27_08_00_37_3.wav,1ZsV41nhK8QaSKFi-z4oANS6cvOeSi0ko,NoStutteredWords,1,False,0,0,0,0,0,1,278904,326904,0,0,0,0,0,0,train
segunda_revision,PVM,2020-05-27_08_00_37,8,PVM_2020-05-27_08_00_37_8.wav,1ZUnlWilox9M_L50m9Ak69rJOqnX47VTd,NoStutteredWords,1,False,0,0,0,0,0,1,590910,638910,0,0,0,0,0,0,train
segunda_revision,PVM,2020-05-27_08_00_37,9,PVM_2020-05-27_08_00_37_9.wav,1_4gWHHtZHTfnp_vmybtXI3YOhFPfQtIg,NoStutteredWords,1,False,0,0,0,0,0,1,636570,684570,0,0,0,0,0,0,train
segunda_revision,PVM,2020-05-27_08_00_37,17,PVM_2020-05-27_08_00_37_17.wav,1Zk9DoAIhtDUUZmGRNnNQ3El7QpbW1_k9,NoStutteredWords,1,False,0,0,0,0,0,1,972411,1020411,0,0,0,0,0,0,train
segunda_revision,PVM,2020-05-27_08_00_37,20,PVM_2020-05-27_08_00_37_20.wav,1ZKKfCowQ0bBvYYYkArvQWoMkUEAUiCTj,Block,2,False,0,0,1,1,0,0,1157515,1205515,0,0,0,0,0,0,train
segunda_revision,PVM,2020-05-27_08_00_37,26,PVM_2020-05-27_08_00_37_26.wav,1Z952K-INfa6S12neO1zLCtngbW5IFKBq,Prolongation,1,False,0,0,0,0,1,0,1466210,1514210,0,0,0,0,0,0,train
segunda_revision,PVM,2020-05-27_08_00_37,30,PVM_2020-05-27_08_00_37_30.wav,1YbyQtvULCuciolSU_1RzrMjAS4ABDwyj,NoStutteredWords,1,False,0,0,0,0,0,1,1660994,1708994,0,0,0,0,0,0,train
segunda_revision,PVM,2020-05-27_08_00_37,31,PVM_2020-05-27_08_00_37_31.wav,1YU5tyXB-ykxAGm6MASx8SErhi_pK-5Jp,NoStutteredWords,1,False,0,0,0,0,0,1,1680318,1728318,0,0,0,0,0,0,train
segunda_revision,PVM,2020-05-27_08_00_37,40,PVM_2020-05-27_08_00_37_40.wav,1YM_31wwPSSzwi2zKx1lneS6EpZooCVmk,NoStutteredWords,1,False,0,0,0,0,0,1,2145904,2193904,0,0,0,0,0,0,train
segunda_revision,PVM,2020-05-27_08_00_37,41,PVM_2020-05-27_08_00_37_41.wav,1ZVJDZV5mQ5y_wjt-1hOfvUHrkMypCBRP,NoStutteredWords,1,False,0,0,0,0,0,1,2195851,2243851,0,0,0,0,0,0,train
segunda_revision,PVM,2020-05-27_08_00_37,43,PVM_2020-05-27_08_00_37_43.wav,1Ysxk8jmoK-UrBHG_oquq5BtTgAL6OPcp,NoStutteredWords,1,False,0,0,0,0,0,1,2279362,2327362,0,0,0,0,0,0,train
segunda_revision,PVM,2020-05-27_10_00_18,1,PVM_2020-05-27_10_00_18_1.wav,1RhAym0ig33VnlvIe12_9hKk6DTiC0w4q,WordRep,2,False,0,1,1,0,0,0,86474,134474,0,0,0,0,0,0,train
segunda_revision,PVM,2020-05-27_10_00_18,9,PVM_2020-05-27_10_00_18_9.wav,1R4FbVTx2tXHVYDzMrU1507L8mt5d3n0d,NoStutteredWords,1,False,0,0,0,0,0,1,301664,349664,0,0,0,0,0,0,train
segunda_revision,PVM,2020-05-27_10_00_18,22,PVM_2020-05-27_10_00_18_22.wav,1Q7YIDqpX9cB6hxatmbflEmaBvTZ2F1bt,NoStutteredWords,1,False,0,0,0,0,0,1,933978,981978,0,0,0,0,0,0,train
segunda_revision,PVM,2020-05-27_10_00_18,27,PVM_2020-05-27_10_00_18_27.wav,1UGdj9bHV-QkB5Y5BxvQ5wwVSRbFARVuz,NoStutteredWords,1,False,0,0,0,0,0,1,1106406,1154406,0,0,0,0,0,0,train
segunda_revision,PVM,2020-05-27_10_00_18,28,PVM_2020-05-27_10_00_18_28.wav,1TFOafPINcaGodDSUFfd00kaXtEvvBtCx,NoStutteredWords,1,False,0,0,0,0,0,1,1137002,1185002,0,0,0,0,0,0,train
segunda_revision,PVM,2020-05-27_10_00_18,34,PVM_2020-05-27_10_00_18_34.wav,1UdRudRwhDu9fnjQ2vwNHpSM77hqIXDhO,Block,2,False,0,0,1,1,0,0,1512134,1560134,0,0,0,0,0,0,train
segunda_revision,PVM,2020-05-27_10_00_18,37,PVM_2020-05-27_10_00_18_37.wav,1Rzxw0aHg2Sx1wxQAxRB_Lr4EbtDPze1v,NoStutteredWords,1,False,0,0,0,0,0,1,1622223,1670223,0,0,0,1,0,0,train
segunda_revision,PVM,2020-05-27_10_00_18,39,PVM_2020-05-27_10_00_18_39.wav,1TojLIEII5r22Ti1HGxTKhk3GO_uaeSoN,SoundRep,1,False,0,0,0,1,0,0,1728899,1776899,0,0,0,0,0,0,train
segunda_revision,PVM,2020-05-27_10_00_18,40,PVM_2020-05-27_10_00_18_40.wav,1V5dbCYuNo6WlVYirwh_GiAVwcFuc06sL,SoundRep,1,False,0,0,0,1,0,0,1778554,1826554,0,0,0,0,0,0,train
segunda_revision,PVM,2020-05-27_10_00_18,45,PVM_2020-05-27_10_00_18_45.wav,1TrnEwctz9UVtdVUve9h79HE4OpBFxll4,SoundRep,1,False,0,0,0,1,0,0,2070480,2118480,0,0,0,0,1,0,train
segunda_revision,PVM,2020-05-27_10_00_18,46,PVM_2020-05-27_10_00_18_46.wav,1SYDS6jMn0Kk7pybEUcNIJ2BxH8NrOBWB,Block,2,False,0,0,1,1,0,0,2119157,2167157,0,0,0,0,0,0,train
segunda_revision,PVM,2020-05-27_10_00_18,63,PVM_2020-05-27_10_00_18_63.wav,1UTmG7-n4CQi_Q5Zy1w0XQVrSFN7_bzxi,SoundRep,1,False,0,0,0,1,0,0,2838793,2886793,0,0,0,0,0,0,train
segunda_revision,PVM,2020-05-27_10_00_18,66,PVM_2020-05-27_10_00_18_66.wav,1SZ4DTNdB0VpcJuwOqrsK_oF5TDUYMblg,SoundRep,1,False,0,0,0,1,0,0,3031211,3079211,0,0,0,0,0,0,train
segunda_revision,PVM,2020-05-27_10_00_18,67,PVM_2020-05-27_10_00_18_67.wav,1UfykhzPi63ZZgIEX-upCe8eUS1WIFppj,Block,2,False,0,0,1,1,0,0,3044259,3092259,0,0,0,0,0,0,train
segunda_revision,PVM,2020-05-27_10_00_18,68,PVM_2020-05-27_10_00_18_68.wav,1Rnk9j6w6tBPFRkDPd1k7pSC8dyhmfIRf,SoundRep,1,False,0,0,0,1,0,0,3058232,3106232,0,0,0,0,0,0,train
segunda_revision,PVM,2020-05-27_10_00_18,80,PVM_2020-05-27_10_00_18_80.wav,1R8qtJcFp0LoA7DdhwqtHnJPjO7YoSqjW,Block,1,False,0,0,1,0,0,0,3791158,3839158,0,0,0,0,0,0,train
segunda_revision,PVM,2020-05-27_10_17_06,0,PVM_2020-05-27_10_17_06_0.wav,1AVsLaujE2P237I5RZt0m2KQqcBx8KZ3g,SoundRep,1,False,0,0,0,1,0,0,20135,68135,0,0,0,0,0,0,train
segunda_revision,PVM,2020-05-27_10_17_06,14,PVM_2020-05-27_10_17_06_14.wav,1AftDAwE1fE24Ki9yQwwkwZ7dMJAf1x1t,NoStutteredWords,1,False,0,0,0,0,0,1,592750,640750,0,0,0,0,0,0,train
segunda_revision,PVM,2020-05-27_10_17_06,20,PVM_2020-05-27_10_17_06_20.wav,19wEoQGYg3uUZYOv_yGcjFQ5JUXxvwwLU,Prolongation,1,False,0,0,0,0,1,0,982546,1030546,0,0,0,0,0,0,train
segunda_revision,PVM,2020-05-27_10_17_06,22,PVM_2020-05-27_10_17_06_22.wav,19VtSPWaEL4-7fb0xXMHltd1-7Obf07Qc,NoStutteredWords,1,False,0,0,0,0,0,1,1047802,1095802,0,0,0,0,0,0,train
segunda_revision,PVM,2020-05-27_10_17_06,26,PVM_2020-05-27_10_17_06_26.wav,1ACinkDPQ-TdlDwyqgoYdb1RJis2pbgnz,NoStutteredWords,1,False,0,0,0,0,0,1,1316020,1364020,0,0,0,0,0,0,train
segunda_revision,PVM,2020-05-27_10_17_06,30,PVM_2020-05-27_10_17_06_30.wav,1Br59_TFk9MxJ3z7CA38Qy1rqUt-u0Axa,NoStutteredWords,1,False,0,0,0,0,0,1,1526484,1574484,0,0,0,0,0,0,train
segunda_revision,PVM,2020-05-27_10_17_06,31,PVM_2020-05-27_10_17_06_31.wav,1BgwGCYtSTFrWBJRlzoEcva_Yd1NYbpMx,Block,1,False,0,0,1,0,0,0,1542529,1590529,0,0,0,0,0,0,train
segunda_revision,PVM,2020-05-27_10_17_06,33,PVM_2020-05-27_10_17_06_33.wav,19LHVy6hQ8wHBGs2Sho75rZil072tDvwg,NoStutteredWords,1,False,0,0,0,0,0,1,1592445,1640445,0,0,0,0,0,0,train
segunda_revision,PVM,2020-05-27_10_17_06,38,PVM_2020-05-27_10_17_06_38.wav,1CdVIkSt7NxKkbwxoobvhaKh5Vkpi3M-d,NoStutteredWords,1,False,0,0,0,0,0,1,1745401,1793401,0,0,0,0,0,0,train
segunda_revision,PVM,2020-05-27_10_17_06,42,PVM_2020-05-27_10_17_06_42.wav,1CQqj17O9GvdPZduIrNCIo3ctVPnsGCPS,SoundRep,1,False,0,0,0,1,0,0,1969250,2017250,0,0,0,0,0,0,train
segunda_revision,PVM,2020-05-27_10_17_06,48,PVM_2020-05-27_10_17_06_48.wav,198cowp-o1NMOqAORU0TKIOGRUOC9fUzr,NoStutteredWords,1,False,0,0,0,0,0,1,2188275,2236275,0,0,0,0,0,0,train
segunda_revision,PVM,2020-05-27_10_31_54,4,PVM_2020-05-27_10_31_54_4.wav,1sqRwWCV4ye2vwhgkB5CiIHCxOlDRybLI,NoStutteredWords,1,False,0,0,0,0,0,1,188915,236915,0,0,0,0,0,0,train
segunda_revision,PVM,2020-05-27_10_31_54,5,PVM_2020-05-27_10_31_54_5.wav,1r7u-KTOEKEYGvztosM6akQpjP0A6yyuL,Block,1,False,0,0,1,0,0,0,264924,312924,0,0,0,0,0,0,train
segunda_revision,PVM,2020-05-27_10_31_54,8,PVM_2020-05-27_10_31_54_8.wav,1rtcHMB4Hu3Q-rGJV9AKrLCo6tc-w577c,SoundRep,1,False,0,0,0,1,0,0,386896,434896,0,0,0,0,0,0,train
segunda_revision,PVM,2020-05-27_10_31_54,13,PVM_2020-05-27_10_31_54_13.wav,1rbE9gC2_APBp-X_oL90zgoMMYAT-h-zq,SoundRep,1,False,0,0,0,1,0,0,627086,675086,0,0,0,0,0,0,train
segunda_revision,PVM,2020-05-27_10_31_54,14,PVM_2020-05-27_10_31_54_14.wav,1rJ096UkE3Zqq7auQ664rzq4tcOIw7E3p,NoStutteredWords,1,False,0,0,0,0,0,1,674679,722679,0,0,0,0,0,0,train
segunda_revision,PVM,2020-05-27_10_31_54,18,PVM_2020-05-27_10_31_54_18.wav,1qQcLgQq2Mt2FvpC58Vi_0Cj6rK_O5naD,NoStutteredWords,1,False,0,0,0,0,0,1,816921,864921,0,0,0,0,0,0,train
segunda_revision,PVM,2020-05-27_10_31_54,19,PVM_2020-05-27_10_31_54_19.wav,1pnHABXLpo9UHMCkeiHQCNRi7XemVJEcB,SoundRep,1,False,0,0,0,1,0,0,837597,885597,0,0,0,0,0,0,train
segunda_revision,PVM,2020-05-27_10_31_54,24,PVM_2020-05-27_10_31_54_24.wav,1q2qtBP-xX87raUtF4jzqak9gfT9KgNVe,SoundRep,1,False,0,0,0,1,0,0,1129068,1177068,0,0,0,0,0,0,train
segunda_revision,PVM,2020-05-27_10_31_54,27,PVM_2020-05-27_10_31_54_27.wav,1qOnH_-LBYbS0L-4cvxYEdqlH79tH1xUX,SoundRep,1,False,0,0,0,1,0,0,1239418,1287418,0,0,0,0,0,0,train
segunda_revision,PVM,2020-05-27_10_31_54,33,PVM_2020-05-27_10_31_54_33.wav,1qIrQ-HHpY9axG-JrH7nhZdjINFrE9BHK,NoStutteredWords,1,False,0,0,0,0,0,1,1548007,1596007,0,0,0,1,0,0,train
segunda_revision,PVM,2020-05-27_10_31_54,49,PVM_2020-05-27_10_31_54_49.wav,1t9yJSOgamsQ_8Sk1SF3exQV_xMFdYAqK,NoStutteredWords,1,False,0,0,0,0,0,1,2310763,2358763,0,0,0,0,0,0,train
segunda_revision,PVM,2020-05-27_10_31_54,51,PVM_2020-05-27_10_31_54_51.wav,1tGQkqKQSxZ1W1zyE7h9do8v3WsJxC597,NoStutteredWords,1,False,0,0,0,0,0,1,2375286,2423286,0,0,0,0,0,0,train
segunda_revision,PVM,2020-05-27_10_42_18,0,PVM_2020-05-27_10_42_18_0.wav,1Mm3frx-P0eXplhTSe01HITKrMDEPgJ4E,SoundRep,2,False,0,0,0,1,1,0,55605,103605,0,0,0,0,0,0,train
segunda_revision,PVM,2020-05-27_10_42_18,9,PVM_2020-05-27_10_42_18_9.wav,1OrGYsThiSSHeRmPJam0rA95JY-BUT9-P,Block,3,False,0,0,1,1,1,0,502212,550212,0,0,0,0,0,0,train
segunda_revision,PVM,2020-05-27_10_42_18,17,PVM_2020-05-27_10_42_18_17.wav,1PVUPoDkUzby9MIUy4T6zut3tpWXRl87s,NoStutteredWords,1,False,0,0,0,0,0,1,765162,813162,0,0,0,1,0,0,train
segunda_revision,PVM,2020-05-27_10_42_18,18,PVM_2020-05-27_10_42_18_18.wav,1OTu0Mzvc2z1bFZP9eRMBiFJg_y8kCsUH,Block,2,False,0,0,1,1,0,0,835837,883837,0,0,0,0,0,0,train
segunda_revision,RRYR,2020-05-27_05_03_00,6,RRYR_2020-05-27_05_03_00_6.wav,1pnV_5Y5rSbfc8YcWFfNJ6EyguGhGSocD,NoStutteredWords,1,False,0,0,0,0,0,1,254592,302592,0,0,0,0,0,0,train
segunda_revision,RRYR,2020-05-27_05_03_00,17,RRYR_2020-05-27_05_03_00_17.wav,1sdhkcRt21iZElnWynHf7THsvbP8g0XdZ,SoundRep,1,False,0,0,0,1,0,0,784137,832137,0,0,0,0,0,0,train
segunda_revision,RRYR,2020-05-27_05_03_00,18,RRYR_2020-05-27_05_03_00_18.wav,1pwqNAEm5K1G23Ejhhz4VJZNGrbNGhiQ_,SoundRep,1,False,0,0,0,1,0,0,812523,860523,0,0,0,0,0,0,train
segunda_revision,RRYR,2020-05-27_05_03_00,31,RRYR_2020-05-27_05_03_00_31.wav,1oigB-owQCdmsGFRL11g-tOGgAyAc1i7m,NoStutteredWords,1,False,0,0,0,0,0,1,1333444,1381444,0,0,0,0,0,0,train
segunda_revision,RRYR,2020-05-27_05_03_00,32,RRYR_2020-05-27_05_03_00_32.wav,1s81wDBEft3-oMskUh4ETLeQRmag1E5ZO,SoundRep,2,False,0,0,0,1,1,0,1355682,1403682,0,0,0,0,0,0,train
segunda_revision,RRYR,2020-05-27_05_03_00,35,RRYR_2020-05-27_05_03_00_35.wav,1pS7QIp1XW2wl0O0qSnytLjqCoCQqJ9EO,NoStutteredWords,1,False,0,0,0,0,0,1,1495884,1543884,0,0,0,0,0,0,train
segunda_revision,RRYR,2020-05-27_05_03_00,51,RRYR_2020-05-27_05_03_00_51.wav,1p_TUkliW7B4poek6oNScVxNA4gVO_N2s,SoundRep,1,False,0,0,0,1,0,0,2132623,2180623,0,0,0,0,0,0,train
segunda_revision,RRYR,2020-05-27_05_03_00,62,RRYR_2020-05-27_05_03_00_62.wav,1rGMk0EZ9Ce8bw61-qJcfkRVHAYNZV0KJ,Block,2,False,0,0,1,1,0,0,2607456,2655456,0,0,0,0,0,0,train
segunda_revision,RRYR,2020-05-27_05_03_00,64,RRYR_2020-05-27_05_03_00_64.wav,1qlLfo7ia6LUYjB1OsBp5fqosQOrooyUg,NoStutteredWords,1,False,0,0,0,0,0,1,2672263,2720263,0,0,0,0,0,0,train
segunda_revision,RRYR,2020-05-27_05_06_19,0,RRYR_2020-05-27_05_06_19_0.wav,11cAR-clCv2h7wuXriKFjIARsgjO59XJq,Block,2,False,0,0,1,0,1,0,44371,92371,0,0,0,0,0,0,train
segunda_revision,RRYR,2020-05-27_05_06_19,9,RRYR_2020-05-27_05_06_19_9.wav,12W6n_B5rh7KmTc_btNh-I8GS8_Bk8nWT,Prolongation,1,False,0,0,0,0,1,0,298453,346453,0,0,0,0,0,0,train
segunda_revision,RRYR,2020-05-27_05_06_19,13,RRYR_2020-05-27_05_06_19_13.wav,105hDNpsxjjApS8tv4N1aIgAUp6g80-s1,WordRep,2,False,0,1,0,0,1,0,431965,479965,0,0,0,0,0,0,train
segunda_revision,RRYR,2020-05-27_05_06_19,14,RRYR_2020-05-27_05_06_19_14.wav,10HJi8XVpWMMMbq7p9OIPcbHr045UUdMa,WordRep,2,False,0,1,0,0,1,0,454434,502434,0,0,0,0,0,0,train
segunda_revision,RRYR,2020-05-27_05_06_19,28,RRYR_2020-05-27_05_06_19_28.wav,13dVoPF_Bf04ERg4pL26JOif84U3s8g9Q,NoStutteredWords,1,False,0,0,0,0,0,1,1113721,1161721,0,0,0,0,0,0,train
segunda_revision,RRYR,2020-05-27_05_06_19,32,RRYR_2020-05-27_05_06_19_32.wav,14QEPrPSdO99RiD4zKSNRi7qBXGqz0wYi,NoStutteredWords,1,False,0,0,0,0,0,1,1265211,1313211,0,0,0,0,0,0,train
segunda_revision,RRYR,2020-05-27_05_06_19,38,RRYR_2020-05-27_05_06_19_38.wav,13ueKc8HwxMPAnqcxD4XlEAGLLONv3wdU,NoStutteredWords,1,False,0,0,0,0,0,1,1538081,1586081,0,0,0,0,0,0,train
segunda_revision,RRYR,2020-05-27_05_06_19,44,RRYR_2020-05-27_05_06_19_44.wav,145xHDtl0BhDxKBEWXsRaxC68DoLdcHt9,NoStutteredWords,1,False,0,0,0,0,0,1,1842209,1890209,0,0,0,0,0,0,train
segunda_revision,RRYR,2020-05-27_05_06_19,47,RRYR_2020-05-27_05_06_19_47.wav,1-A9RFDFEmkpXdpxKaCS2_ya41ibp1YOr,SoundRep,2,False,0,0,0,1,1,0,1929141,1977141,0,0,0,0,0,0,train
segunda_revision,RRYR,2020-05-27_05_06_19,52,RRYR_2020-05-27_05_06_19_52.wav,10KQKU-rKDWHE9JEMY1xn1A3RBBBl5H5j,Prolongation,1,False,0,0,0,0,1,0,2234855,2282855,0,0,0,0,0,0,train
segunda_revision,RRYR,2020-05-27_05_10_14,4,RRYR_2020-05-27_05_10_14_4.wav,1T50fU_w31Vp_P16xVjJlhml4JsrKcciY,Prolongation,1,False,0,0,0,0,1,0,154179,202179,0,0,0,0,0,0,train
segunda_revision,RRYR,2020-05-27_05_10_14,15,RRYR_2020-05-27_05_10_14_15.wav,1TYwGlFZUrbX7NoUGPsOKATnHWa3lV4Ts,SoundRep,2,False,0,0,0,1,1,0,683799,731799,0,0,0,0,0,0,train
segunda_revision,RRYR,2020-05-27_05_10_14,16,RRYR_2020-05-27_05_10_14_16.wav,1RK23cbRXQBbdu_l-lJSGjU4V-GTh__Hu,SoundRep,2,False,0,0,0,1,1,0,761701,809701,0,0,0,0,0,0,train
segunda_revision,RRYR,2020-05-27_05_10_14,21,RRYR_2020-05-27_05_10_14_21.wav,1S9VFNxndKrY8h-MKHB2oNmurHtqEwYIA,Prolongation,1,False,0,0,0,0,1,0,936102,984102,0,0,0,0,0,0,train
segunda_revision,RRYR,2020-05-27_05_10_14,23,RRYR_2020-05-27_05_10_14_23.wav,1TA3bZpPkC9HSE5XR6eGxIjfS1a5iKmAN,Prolongation,1,False,0,0,0,0,1,0,1015370,1063370,0,0,0,0,0,0,train
segunda_revision,RRYR,2020-05-27_05_10_14,35,RRYR_2020-05-27_05_10_14_35.wav,1S6iL2rddUYuTkXqrM1WOtnQmXiNXCHNg,Block,1,False,0,0,1,0,0,0,1445935,1493935,0,0,0,0,0,0,train
segunda_revision,RRYR,2020-05-27_05_10_14,41,RRYR_2020-05-27_05_10_14_41.wav,1SqUCvPSY5jm6uJRAZ-lJUmYmGLmtk2VN,NoStutteredWords,1,False,0,0,0,0,0,1,1675625,1723625,0,0,0,0,0,0,train
segunda_revision,RRYR,2020-05-27_05_13_12,16,RRYR_2020-05-27_05_13_12_16.wav,1GoXF1puy5cMHfMUxmFtJfylj3EVQ9ovn,NoStutteredWords,1,False,0,0,0,0,0,1,570816,618816,0,0,0,0,0,0,train
segunda_revision,RRYR,2020-05-27_05_13_12,23,RRYR_2020-05-27_05_13_12_23.wav,1GpQyoCXtxys6-usttPXPdMB8cOLOcyGu,Prolongation,1,False,0,0,0,0,1,0,840100,888100,0,0,0,0,0,0,train
segunda_revision,RRYR,2020-05-27_05_13_12,32,RRYR_2020-05-27_05_13_12_32.wav,1DM-qEgJ4YtlDAPKmEqqaUkCMOG4mBGSr,Prolongation,1,False,0,0,0,0,1,0,1227088,1275088,0,0,0,0,0,0,train
segunda_revision,RRYR,2020-05-27_05_13_12,45,RRYR_2020-05-27_05_13_12_45.wav,1GC9yHvTLZGXbJd3Lc52L_BauZc4TaEuu,NoStutteredWords,1,False,0,0,0,0,0,1,1650019,1698019,0,0,0,0,0,0,train
segunda_revision,RRYR,2020-05-27_05_13_12,55,RRYR_2020-05-27_05_13_12_55.wav,1IU5q2qu9y4-UOXuzNgWOUT1OpNIjLa0V,NoStutteredWords,1,False,0,0,0,0,0,1,2137142,2185142,0,0,0,0,0,0,train
segunda_revision,RRYR,2020-05-27_05_13_12,66,RRYR_2020-05-27_05_13_12_66.wav,1DInJGPsfPC5ijAz-7FVuSmb8oT8dkT5_,NoStutteredWords,1,False,0,0,0,0,0,1,2664832,2712832,0,0,0,0,0,0,train
segunda_revision,RRYR,2020-05-27_05_13_12,73,RRYR_2020-05-27_05_13_12_73.wav,1EoejNNZ1bAtRf72JVXJpGDb-Dq-pIyre,NoStutteredWords,1,False,0,0,0,0,0,1,3054978,3102978,0,0,0,0,0,0,train
segunda_revision,RRYR,2020-05-27_05_13_12,74,RRYR_2020-05-27_05_13_12_74.wav,1GIclnMVIzBbrvMImltavBUVcikbSO6JP,NoStutteredWords,1,False,0,0,0,0,0,1,3096620,3144620,0,0,0,0,0,0,train
segunda_revision,RRYR,2020-05-27_05_19_09,7,RRYR_2020-05-27_05_19_09_7.wav,1ECNGded9ztQwbTjj-gxMXTBKoDecGvhM,Block,2,False,0,0,1,0,1,0,380645,428645,0,0,0,0,0,0,train
segunda_revision,RRYR,2020-05-27_05_19_09,27,RRYR_2020-05-27_05_19_09_27.wav,1D63NbHLqQqbrvaPkQDGam7ug_SWPG21P,SoundRep,1,False,0,0,0,1,0,0,1391015,1439015,0,0,0,0,0,0,train
segunda_revision,RRYR,2020-05-27_05_22_19,8,RRYR_2020-05-27_05_22_19_8.wav,1hKFO0eUH4RezUqGr4tCYKy3dwQgoE0pE,NoStutteredWords,1,False,0,0,0,0,0,1,421201,469201,0,0,0,0,0,0,train
segunda_revision,RRYR,2020-05-27_05_22_19,10,RRYR_2020-05-27_05_22_19_10.wav,1gUxFSql-24nlLQjqxPmZxQDyoTfBfG9t,NoStutteredWords,1,False,0,0,0,0,0,1,550569,598569,0,0,0,0,0,0,train
segunda_revision,RRYR,2020-05-27_05_22_19,12,RRYR_2020-05-27_05_22_19_12.wav,1hXoZu6RSHx3lyYxERQrGS6Qmn_TJtnuV,NoStutteredWords,1,False,0,0,0,0,0,1,631931,679931,0,0,0,1,0,0,train
segunda_revision,RRYR,2020-05-27_05_22_19,21,RRYR_2020-05-27_05_22_19_21.wav,1gd73f_bgKhLmWFgWutU2chBwHMGHBKo9,Prolongation,1,False,0,0,0,0,1,0,886656,934656,0,0,0,0,0,0,train
segunda_revision,RRYR,2020-05-27_05_22_19,22,RRYR_2020-05-27_05_22_19_22.wav,1hZDn7kbTLmc6G0aBsEFqzoWXcSAW4mEN,NoStutteredWords,1,False,0,0,0,0,0,1,936871,984871,0,0,0,1,0,0,train
segunda_revision,RRYR,2020-05-27_05_22_19,28,RRYR_2020-05-27_05_22_19_28.wav,1h_1BsHKETXqyI3PvQolMG2TRkt6AugSQ,Prolongation,1,False,0,0,0,0,1,0,1192324,1240324,0,0,0,0,0,0,train
segunda_revision,RRYR,2020-05-27_05_22_19,41,RRYR_2020-05-27_05_22_19_41.wav,1gNeOQJF8x4Oukk3qPhiaVGGkR0_a45FL,NoStutteredWords,1,False,0,0,0,0,0,1,1710460,1758460,0,0,0,0,0,0,train
segunda_revision,RRYR,2020-05-27_05_22_19,51,RRYR_2020-05-27_05_22_19_51.wav,1fh7hUTl0svyK7RrLC57-Kx7giU_ipIzm,NoStutteredWords,1,False,0,0,0,0,0,1,2195351,2243351,0,0,0,0,0,0,train
segunda_revision,RRYR,2020-05-27_05_28_46,5,RRYR_2020-05-27_05_28_46_5.wav,1r9pZfNgp8kMy-zqhOEwPvzgtUpZpaLty,Prolongation,1,False,0,0,0,0,1,0,321411,369411,0,0,0,0,0,0,train
segunda_revision,RRYR,2020-05-27_05_28_46,10,RRYR_2020-05-27_05_28_46_10.wav,1tdeeeuh-fboq2sibZ4zCCUZFOKwBrjrm,Block,1,False,0,0,1,0,0,0,467080,515080,0,0,0,0,0,0,train
segunda_revision,RRYR,2020-05-27_05_28_46,11,RRYR_2020-05-27_05_28_46_11.wav,1sB8xDEHmmrxeoZ4Lt9Rh-Q-5T4c3M_wb,Block,1,False,0,0,1,0,0,0,478242,526242,0,0,0,0,0,0,train
segunda_revision,RRYR,2020-05-27_05_28_46,28,RRYR_2020-05-27_05_28_46_28.wav,1qmeDgVuvmmZ5vkQMFcv69mawcT2H0YdD,Prolongation,1,False,0,0,0,0,1,0,1139859,1187859,0,0,0,0,0,0,train
segunda_revision,RRYR,2020-05-27_05_28_46,40,RRYR_2020-05-27_05_28_46_40.wav,1saKpIk3A5Z3xf8om5uiuUweTxie0yWPf,NoStutteredWords,1,False,0,0,0,0,0,1,1592899,1640899,0,0,0,0,0,0,train
segunda_revision,RRYR,2020-05-27_05_28_46,50,RRYR_2020-05-27_05_28_46_50.wav,1ql7yE4FlGbUqa-H15uWrrm1pIdYTAjj6,Prolongation,1,False,0,0,0,0,1,0,2052286,2100286,0,0,0,0,0,0,train
segunda_revision,RRYR,2020-05-27_05_28_46,53,RRYR_2020-05-27_05_28_46_53.wav,1pe3CfRR4r168aLeQUXqs9LK_N1NXfWSx,NoStutteredWords,1,False,0,0,0,0,0,1,2218441,2266441,0,0,0,0,0,0,train
segunda_revision,RRYR,2020-05-27_05_34_14,0,RRYR_2020-05-27_05_34_14_0.wav,1wqhDZTkDGaM3iiMXAVTpt0ncYC1x5Ici,NoStutteredWords,1,False,0,0,0,0,0,1,23363,71363,0,0,0,0,0,0,train
segunda_revision,RRYR,2020-05-27_05_34_14,3,RRYR_2020-05-27_05_34_14_3.wav,1vyA0xtmKo9YGtX80wP6JUPeSj82EKARh,Prolongation,1,False,0,0,0,0,1,0,314728,362728,0,0,0,0,0,0,train
segunda_revision,RRYR,2020-05-27_05_34_14,11,RRYR_2020-05-27_05_34_14_11.wav,1vu-UO2ZgpMDCms911UwJGal2cYAjS3XC,SoundRep,1,False,0,0,0,1,0,0,738944,786944,0,0,0,0,0,0,train
segunda_revision,RRYR,2020-05-27_05_34_14,12,RRYR_2020-05-27_05_34_14_12.wav,1vEAxdiADUydS3wk7GsWIgOAINZ0ieY9B,NoStutteredWords,1,False,0,0,0,0,0,1,786966,834966,0,0,0,0,0,0,train
segunda_revision,RRYR,2020-05-27_05_34_14,28,RRYR_2020-05-27_05_34_14_28.wav,1xFlWgB1IAVhwNztBSJH9T6ivyt6yg8MP,SoundRep,1,False,0,0,0,1,0,0,1403210,1451210,0,0,0,0,0,0,train
segunda_revision,RRYR,2020-05-27_05_34_14,29,RRYR_2020-05-27_05_34_14_29.wav,1u7iljbHjvSQg07UU2-YQ6P-SMHwX_avD,SoundRep,1,False,0,0,0,1,0,0,1461143,1509143,0,0,0,0,0,0,train
segunda_revision,RRYR,2020-05-27_05_34_14,33,RRYR_2020-05-27_05_34_14_33.wav,1wIJFVDUIbut4UIeTypj_SBSbsNKdvDD8,NoStutteredWords,1,False,0,0,0,0,0,1,1646691,1694691,0,0,0,0,0,0,train
segunda_revision,RRYR,2020-05-27_05_34_14,34,RRYR_2020-05-27_05_34_14_34.wav,1vKTahJBW-4QmQIFJES5JZaZ2GOOOX0D6,NoStutteredWords,1,False,0,0,0,0,0,1,1724799,1772799,0,0,0,1,0,0,train
segunda_revision,RRYR,2020-05-27_05_34_14,37,RRYR_2020-05-27_05_34_14_37.wav,1vt0MGdCA5wS76NuAj275PS376WmtSFuu,NoStutteredWords,1,False,0,0,0,0,0,1,1832878,1880878,0,0,0,0,0,0,train
segunda_revision,RRYR,2020-05-27_05_34_14,39,RRYR_2020-05-27_05_34_14_39.wav,1vXXag4Qi8k3dIK6hfkFC6gXAzvjOkn0k,NoStutteredWords,1,False,0,0,0,0,0,1,1910528,1958528,0,0,0,0,0,0,train
segunda_revision,RRYR,2020-05-27_05_40_15,3,RRYR_2020-05-27_05_40_15_3.wav,1aBUIlNdD56wINT3x9RCuKFpZLlru3hLn,NoStutteredWords,1,False,0,0,0,0,0,1,116420,164420,0,0,0,0,0,0,train
segunda_revision,RRYR,2020-05-27_05_40_15,4,RRYR_2020-05-27_05_40_15_4.wav,1_fk6-h4kBDLSbciKwgdRvP5Fz3v2QxrZ,Block,1,False,0,0,1,0,0,0,236436,284436,0,0,0,0,0,0,train
segunda_revision,RRYR,2020-05-27_05_40_15,30,RRYR_2020-05-27_05_40_15_30.wav,1b6Heb9XXSdyjIMXAQJ3IJmVjcI9JniX9,NoStutteredWords,1,False,0,0,0,0,0,1,1100783,1148783,0,0,0,0,0,0,train
segunda_revision,RRYR,2020-05-27_05_40_15,67,RRYR_2020-05-27_05_40_15_67.wav,1_f7-cw6ExmqEDyLw20ZgkiLUVchAvoGP,Block,2,False,0,0,1,0,1,0,2296860,2344860,0,0,0,0,0,0,train
segunda_revision,RRYR,2020-05-27_05_40_15,75,RRYR_2020-05-27_05_40_15_75.wav,1YTwrlE9mmuAfkEclqI01TK0Jt59LeqiX,NoStutteredWords,1,False,0,0,0,0,0,1,2550936,2598936,0,0,0,0,0,0,train
segunda_revision,RRYR,2020-05-27_05_40_15,79,RRYR_2020-05-27_05_40_15_79.wav,1cEcBL60L9eAQ8aFyZDHIZq4Ml1amcVfm,NoStutteredWords,1,False,0,0,0,0,0,1,2699417,2747417,0,0,0,0,0,0,train
segunda_revision,RRYR,2020-05-27_05_44_38,2,RRYR_2020-05-27_05_44_38_2.wav,14aZvtrhbj_xLa8G5XT1zQ1ALYP2vySd8,NoStutteredWords,1,False,0,0,0,0,0,1,116389,164389,0,0,0,0,0,0,train
segunda_revision,RRYR,2020-05-27_05_44_38,11,RRYR_2020-05-27_05_44_38_11.wav,10_UHkUoeZMtQsTnyUmtM0ViCFA7JCuVu,Prolongation,1,False,0,0,0,0,1,0,506436,554436,0,0,0,0,0,0,train
segunda_revision,RRYR,2020-05-27_05_44_38,21,RRYR_2020-05-27_05_44_38_21.wav,13GYPr4o7AoVApd1keAAYLqahtiJy5-Ox,NoStutteredWords,1,False,0,0,0,0,0,1,992547,1040547,0,0,0,0,0,0,train
segunda_revision,RRYR,2020-05-27_05_44_38,34,RRYR_2020-05-27_05_44_38_34.wav,133RwwkMuzu35mQ1Tya0j77XwEI6o4ZuP,Prolongation,1,False,0,0,0,0,1,0,1512442,1560442,0,0,0,0,0,0,train
segunda_revision,RRYR,2020-05-27_05_44_38,46,RRYR_2020-05-27_05_44_38_46.wav,10y16BBf8dTTvpAa-mKFFTPrx1V1sTtMt,Prolongation,1,False,0,0,0,0,1,0,1822647,1870647,0,0,0,0,0,0,train
segunda_revision,RRYR,2020-05-27_05_44_38,48,RRYR_2020-05-27_05_44_38_48.wav,1-5G_VbGVKCgTOP8IxSm50YiTrf7m4QTm,NoStutteredWords,1,False,0,0,0,0,0,1,1897315,1945315,0,0,0,0,0,0,train
segunda_revision,RRYR,2020-05-27_05_44_38,49,RRYR_2020-05-27_05_44_38_49.wav,14cDlqIOTmJaiKB7XjqjKKCvqCYZkEEer,NoStutteredWords,1,False,0,0,0,0,0,1,1907924,1955924,0,0,0,0,0,0,train
segunda_revision,RRYR,2020-05-28_06_39_57,8,RRYR_2020-05-28_06_39_57_8.wav,18kMDK9BTBoE_xE5MfT1t2kxR8JjJ3wFU,Prolongation,1,False,0,0,0,0,1,0,290770,338770,0,0,0,0,0,0,train
segunda_revision,RRYR,2020-05-28_06_39_57,18,RRYR_2020-05-28_06_39_57_18.wav,19h1A6wqgNql-fac0Sah0FpG5DY0FZzNl,Prolongation,1,False,0,0,0,0,1,0,620322,668322,0,0,0,0,0,0,train
segunda_revision,RRYR,2020-05-28_06_39_57,25,RRYR_2020-05-28_06_39_57_25.wav,1A0ttrGKUi0CmrhAX1KmDFJIAdmAkz1Jh,NoStutteredWords,1,False,0,0,0,0,0,1,925106,973106,0,0,0,0,0,0,train
segunda_revision,RRYR,2020-05-28_06_39_57,29,RRYR_2020-05-28_06_39_57_29.wav,1Ah9lQHgwOs4EoMLJCIy_XkAm18w43PGZ,Prolongation,1,False,0,0,0,0,1,0,1073623,1121623,0,0,0,0,0,0,train
segunda_revision,RRYR,2020-05-28_06_39_57,35,RRYR_2020-05-28_06_39_57_35.wav,17imFVVj_CHW0FUU3cmZda4sjvrPdnxeE,NoStutteredWords,1,False,0,0,0,0,0,1,1278417,1326417,0,0,0,0,0,0,train
segunda_revision,RRYR,2020-05-28_06_39_57,37,RRYR_2020-05-28_06_39_57_37.wav,1AxWcN1KRoh0cdhBeA8cMTHgfWuStDBoX,NoStutteredWords,1,False,0,0,0,0,0,1,1356179,1404179,0,0,0,0,0,0,train
segunda_revision,RRYR,2020-05-28_06_39_57,39,RRYR_2020-05-28_06_39_57_39.wav,1B9qe-o97VXRwLf4x6Da9D4N_xUyOxHlH,Block,1,False,0,0,1,0,0,0,1413070,1461070,0,0,0,0,0,0,train
segunda_revision,RRYR,2020-05-28_06_39_57,53,RRYR_2020-05-28_06_39_57_53.wav,1BJEHxzxeZVb7by8zCSr-xjDxf7OSSD4v,SoundRep,1,False,0,0,0,1,0,0,1967143,2015143,0,0,0,0,0,0,train
segunda_revision,RRYR,2020-05-28_06_39_57,64,RRYR_2020-05-28_06_39_57_64.wav,1B8PloYTZ7ya5So7l_qzTKKR0bp2Kz80G,NoStutteredWords,1,False,0,0,0,0,0,1,2532262,2580262,0,0,0,0,0,0,train
segunda_revision,RRYR,2020-05-28_06_46_18,0,RRYR_2020-05-28_06_46_18_0.wav,1IyD1GrxqiWVzyY5Bt0mcWXT1lKNDtiCN,NoStutteredWords,1,False,0,0,0,0,0,1,18416,66416,0,0,0,0,0,0,train
segunda_revision,RRYR,2020-05-28_06_46_18,19,RRYR_2020-05-28_06_46_18_19.wav,1LNmpk5zWZ3ouldZXzyrpraRjjWfeP0RP,NoStutteredWords,1,False,0,0,0,0,0,1,745891,793891,0,0,0,0,0,0,train
segunda_revision,RRYR,2020-05-28_06_46_18,32,RRYR_2020-05-28_06_46_18_32.wav,1KcF5kawhdRxHdNar0Pe2L3mwQEwcOpTB,Block,1,False,0,0,1,0,0,0,1146174,1194174,0,0,0,0,0,0,train
segunda_revision,RRYR,2020-05-28_06_46_18,38,RRYR_2020-05-28_06_46_18_38.wav,1J62wkjcc6ZtIAJA2__BGDWWxxYEmetoc,Prolongation,1,False,0,0,0,0,1,0,1409561,1457561,0,0,0,0,0,0,train
segunda_revision,RRYR,2020-05-28_06_46_18,41,RRYR_2020-05-28_06_46_18_41.wav,1IaD1JcoHYyDlg7FZOgAGk9ViFxqNAzYH,NoStutteredWords,1,False,0,0,0,0,0,1,1604093,1652093,0,0,0,0,0,0,train
segunda_revision,RRYR,2020-05-28_06_46_18,42,RRYR_2020-05-28_06_46_18_42.wav,1MjbP755wesqCs2xtPp3c9o5A5l7SPEHb,NoStutteredWords,1,False,0,0,0,0,0,1,1627230,1675230,0,0,0,0,0,0,train
segunda_revision,RRYR,2020-05-28_06_46_18,44,RRYR_2020-05-28_06_46_18_44.wav,1Hu3IjJA25-jJZGcpHUQkNF6PnkxtCzP3,Block,1,False,0,0,1,0,0,0,1693984,1741984,0,0,0,0,0,0,train
segunda_revision,RRYR,2020-05-28_06_46_18,53,RRYR_2020-05-28_06_46_18_53.wav,1KyR_8STAaPCTuRThEMywo5sGE5WRDZM-,Block,2,False,0,0,1,0,1,0,1964963,2012963,0,0,0,0,0,0,train
segunda_revision,RRYR,2020-05-28_06_50_06,15,RRYR_2020-05-28_06_50_06_15.wav,1yWrGp8RCyR6ytQx9e_t7JAJdujLk_cWV,NoStutteredWords,1,False,0,0,0,0,0,1,658410,706410,0,0,0,0,0,0,train
segunda_revision,RRYR,2020-05-28_06_50_06,32,RRYR_2020-05-28_06_50_06_32.wav,1y9qWjTK8QmzWFNEH6DFdtjVkObI2Sh9o,NoStutteredWords,1,False,0,0,0,0,0,1,1253280,1301280,0,0,0,0,0,0,train
segunda_revision,RRYR,2020-05-28_06_50_06,39,RRYR_2020-05-28_06_50_06_39.wav,1wo9f9GYZlPOE5LVfNXvrW5gglPwBHTbm,Prolongation,1,False,0,0,0,0,1,0,1499923,1547923,0,0,0,0,0,0,train
segunda_revision,RRYR,2020-05-28_06_50_06,46,RRYR_2020-05-28_06_50_06_46.wav,1xx4OXociBAjYcweRxeCzNCvKREq-bW-M,SoundRep,1,False,0,0,0,1,0,0,1759417,1807417,0,0,0,0,0,0,train
segunda_revision,RRYR,2020-05-28_06_50_06,50,RRYR_2020-05-28_06_50_06_50.wav,1kf_rgDWZ1pHwvEsD2e9IVNRmgZdXYgYh,NoStutteredWords,1,False,0,0,0,0,0,1,1944208,1992208,0,0,0,0,0,0,train
segunda_revision,RRYR,2020-05-28_06_50_06,51,RRYR_2020-05-28_06_50_06_51.wav,1-6UgWSjOhM1Z_z0bT_4a5mPzD2uj9RAP,NoStutteredWords,1,False,0,0,0,0,0,1,1982819,2030819,0,0,0,0,0,0,train
segunda_revision,RRYR,2020-05-28_06_50_06,53,RRYR_2020-05-28_06_50_06_53.wav,1zkHkzSkiarbuqzkfOr_OBkDfudpyxei_,NoStutteredWords,1,False,0,0,0,0,0,1,2065348,2113348,0,0,0,0,0,0,train
segunda_revision,RRYR,2020-05-28_06_53_15,22,RRYR_2020-05-28_06_53_15_22.wav,1gc8k5325UXf61br710BZ-9ZKPCV9jzkm,Block,2,False,0,0,1,0,1,0,778019,826019,0,0,0,0,0,0,train
segunda_revision,RRYR,2020-05-28_06_53_15,26,RRYR_2020-05-28_06_53_15_26.wav,1fltzpi6pB6vy9HQ4sDcMhZpMRs9278MY,Prolongation,1,False,0,0,0,0,1,0,853852,901852,0,0,0,0,0,0,train
segunda_revision,RRYR,2020-05-28_06_53_15,37,RRYR_2020-05-28_06_53_15_37.wav,1hms_qZ4z7UEvW3k0o_rWp_fG8RCLoLIx,NoStutteredWords,1,False,0,0,0,0,0,1,1243522,1291522,0,0,0,0,0,0,train
segunda_revision,RRYR,2020-05-28_06_53_15,45,RRYR_2020-05-28_06_53_15_45.wav,1fy7P24OVZm2y6Xy3c5tVfviztq5i_UUP,SoundRep,2,False,0,0,0,1,1,0,1501582,1549582,0,0,0,0,0,0,train
segunda_revision,RRYR,2020-05-28_06_59_38,19,RRYR_2020-05-28_06_59_38_19.wav,1EgW-4MLb9b3WEIVgZu9o7yTLTSIg79Oz,SoundRep,1,False,0,0,0,1,0,0,969971,1017971,0,0,0,0,0,0,train
segunda_revision,RRYR,2020-05-28_06_59_38,27,RRYR_2020-05-28_06_59_38_27.wav,1EWqdlaeK2gOSoGaha4PB_n1DmIBywXc4,Prolongation,1,False,0,0,0,0,1,0,1300787,1348787,0,0,0,0,0,0,train
segunda_revision,RRYR,2020-05-28_06_59_38,28,RRYR_2020-05-28_06_59_38_28.wav,1F7oNHogkU1IwvcDsnHzP0dGedBtUQjf8,Prolongation,1,False,0,0,0,0,1,0,1342136,1390136,0,0,0,0,0,0,train
segunda_revision,RRYR,2020-05-28_06_59_38,31,RRYR_2020-05-28_06_59_38_31.wav,1FMMQFXELzcDsXh6GzT5ztBwrzM66M_d4,NoStutteredWords,1,False,0,0,0,0,0,1,1404585,1452585,0,0,0,0,0,0,train
segunda_revision,RRYR,2020-05-28_07_03_05,1,RRYR_2020-05-28_07_03_05_1.wav,1v7xFFvTEqtxoF6b5HtPeme29xeLrUlFH,NoStutteredWords,1,False,0,0,0,0,0,1,52158,100158,0,0,0,0,0,0,train
segunda_revision,RRYR,2020-05-28_07_03_05,31,RRYR_2020-05-28_07_03_05_31.wav,1yXpaVuFRon5vXHWqeM9UQE_uwQzUFAQi,NoStutteredWords,1,False,0,0,0,0,0,1,1048155,1096155,0,0,0,0,0,0,train
segunda_revision,RRYR,2020-05-28_07_03_05,71,RRYR_2020-05-28_07_03_05_71.wav,1yb6mjWxiiUZ93uHlsoxVZk3Wnqo21Ons,NoStutteredWords,1,False,0,0,0,0,0,1,2525276,2573276,0,0,0,0,0,0,train
segunda_revision,RRYR,2020-05-28_07_03_05,81,RRYR_2020-05-28_07_03_05_81.wav,1wSUlyGWgZTEGCtsByWRIkHWW3lF8LTgU,NoStutteredWords,1,False,0,0,0,0,0,1,2877068,2925068,0,0,0,0,0,0,train
segunda_revision,RRYR,2020-05-28_07_06_54,14,RRYR_2020-05-28_07_06_54_14.wav,13t8O4uIOA5TNvZ7dime-9a1YX7x5tnBi,NoStutteredWords,1,False,0,0,0,0,0,1,658592,706592,0,0,0,0,0,0,train
segunda_revision,RRYR,2020-05-28_07_06_54,24,RRYR_2020-05-28_07_06_54_24.wav,12epdcA3pkiscKrkpHLPgWCxPvkfJLfZZ,NoStutteredWords,1,False,0,0,0,0,0,1,1088548,1136548,1,0,0,0,0,0,train
segunda_revision,RRYR,2020-05-28_07_06_54,31,RRYR_2020-05-28_07_06_54_31.wav,133tYSw3QFXFWxRzJ1bVmi_oiD6numpML,NoStutteredWords,1,False,0,0,0,0,0,1,1315771,1363771,0,0,0,0,0,0,train
segunda_revision,RRYR,2020-05-28_07_06_54,35,RRYR_2020-05-28_07_06_54_35.wav,13WvvCyjQWwZy2Gs-h4XXpY0L6G5Ls_Y6,Prolongation,1,False,0,0,0,0,1,0,1475487,1523487,0,0,0,0,0,0,train
segunda_revision,RRYR,2020-05-28_07_06_54,49,RRYR_2020-05-28_07_06_54_49.wav,1af5fv3LS2sNErdqWrS5JFTVgWvcLmWfa,NoStutteredWords,1,False,0,0,0,0,0,1,1899501,1947501,0,0,0,0,0,0,train
segunda_revision,RRYR,2020-05-28_07_06_54,51,RRYR_2020-05-28_07_06_54_51.wav,1alfrcD6-ULwwG0_GR4Xl43pVvGJYla41,Prolongation,1,False,0,0,0,0,1,0,1959896,2007896,0,0,0,0,0,0,train
segunda_revision,RRYR,2020-05-28_07_06_54,71,RRYR_2020-05-28_07_06_54_71.wav,149VcAOdrElh9fLyGP1YblLJA3y72j_FI,Prolongation,1,False,0,0,0,0,1,0,2616415,2664415,0,0,0,0,0,0,train
segunda_revision,RRYR,2020-05-28_07_14_56,3,RRYR_2020-05-28_07_14_56_3.wav,1H4Sl8MZT-p84tVp0W2Wt9JyakBVR_6a2,NoStutteredWords,1,False,0,0,0,0,0,1,155604,203604,0,0,0,1,0,0,train
segunda_revision,RRYR,2020-05-28_07_14_56,7,RRYR_2020-05-28_07_14_56_7.wav,1L1Gcz7VVpBxTs5LcakHePRcs3l3Y01x-,NoStutteredWords,1,False,0,0,0,0,0,1,332600,380600,0,0,0,0,0,0,train
segunda_revision,RRYR,2020-05-28_07_14_56,15,RRYR_2020-05-28_07_14_56_15.wav,1HVu1Klu52AS1wvPmn01nBXnXvp4TlbhF,Block,1,False,0,0,1,0,0,0,541653,589653,0,0,0,0,0,0,train
segunda_revision,RRYR,2020-05-28_07_14_56,20,RRYR_2020-05-28_07_14_56_20.wav,1Iu7XaKw_iTemrRJX9AhxsbyGaaojLSdR,NoStutteredWords,1,False,0,0,0,0,0,1,714936,762936,0,0,0,0,0,0,train
segunda_revision,RRYR,2020-05-28_07_14_56,45,RRYR_2020-05-28_07_14_56_45.wav,1KxFwDCuyX9009B2mExb__Pp0CRQBSiMA,NoStutteredWords,1,False,0,0,0,0,0,1,1733924,1781924,0,0,0,0,0,0,train
segunda_revision,RRYR,2020-05-28_07_18_47,2,RRYR_2020-05-28_07_18_47_2.wav,1nd8yP0vqOK5OYrC-MFmLjFQMk3GIb0XX,NoStutteredWords,1,False,0,0,0,0,0,1,166899,214899,0,0,0,0,0,0,train
segunda_revision,RRYR,2020-05-28_07_18_47,4,RRYR_2020-05-28_07_18_47_4.wav,1nLnkaFDEZa_FHg-DycW2fJ2eppF5oJez,Prolongation,1,False,0,0,0,0,1,0,282780,330780,0,0,0,0,0,0,train
segunda_revision,RRYR,2020-05-28_07_18_47,5,RRYR_2020-05-28_07_18_47_5.wav,1inGF1AGGZYSyUhd4EF0tu8lV_fW1Ej27,NoStutteredWords,1,False,0,0,0,0,0,1,302308,350308,0,0,0,0,0,0,train
segunda_revision,RRYR,2020-05-28_07_18_47,12,RRYR_2020-05-28_07_18_47_12.wav,1luAgJbqHI6d2rgpPmDBaNMRw9-j4Udy4,NoStutteredWords,1,False,0,0,0,0,0,1,481310,529310,0,0,0,0,0,0,train
segunda_revision,RRYR,2020-05-28_07_18_47,16,RRYR_2020-05-28_07_18_47_16.wav,1ouYGuUwafVRVOiwx5laotRnRUNq4f9OY,NoStutteredWords,1,False,0,0,0,0,0,1,647051,695051,0,0,0,0,0,0,train
segunda_revision,RRYR,2020-05-28_07_18_47,29,RRYR_2020-05-28_07_18_47_29.wav,1lerjqRbuAsZmzI5EqYdMqj5dXG2UC7kM,NoStutteredWords,1,False,0,0,0,0,0,1,1175890,1223890,0,0,0,0,0,0,train
segunda_revision,RRYR,2020-05-28_07_18_47,49,RRYR_2020-05-28_07_18_47_49.wav,1manABGK2u0cWuhNgc6wzVyraqR7zivqK,NoStutteredWords,1,False,0,0,0,0,0,1,2007663,2055663,0,0,0,0,0,0,train
segunda_revision,RRYR,2020-05-28_07_18_47,53,RRYR_2020-05-28_07_18_47_53.wav,1loOfu9mo-8_ABHJwx7aS0Tu0yYRC11B2,Prolongation,1,False,0,0,0,0,1,0,2202949,2250949,0,0,0,0,0,0,train
segunda_revision,RRYR,2020-05-28_07_18_47,57,RRYR_2020-05-28_07_18_47_57.wav,1nXS0YSTsxno5Tptiv9Itw77BSr9cvoR9,NoStutteredWords,1,False,0,0,0,0,0,1,2339097,2387097,0,0,0,0,0,0,train
segunda_revision,RRYR,2020-05-28_07_18_47,60,RRYR_2020-05-28_07_18_47_60.wav,1kwa1qZmbXUQIa6bNZdb1MkOg7nj6g8s4,NoStutteredWords,1,False,0,0,0,0,0,1,2417854,2465854,0,0,0,0,0,0,train
segunda_revision,RRYR,2020-05-28_07_18_47,63,RRYR_2020-05-28_07_18_47_63.wav,1l4zJpCQoQs73hg82qQOUqN2B6iR7zu7f,NoStutteredWords,1,False,0,0,0,0,0,1,2497353,2545353,0,0,0,0,0,0,train
segunda_revision,RRYR,2020-05-28_07_18_47,72,RRYR_2020-05-28_07_18_47_72.wav,1ijY8XwlK0fn1qg_e51M6uqB4-R9LEX4Z,NoStutteredWords,1,False,0,0,0,0,0,1,2768874,2816874,0,0,0,1,0,0,train
segunda_revision,RRYR,2020-05-28_07_21_12,7,RRYR_2020-05-28_07_21_12_7.wav,1mPlbquj009YzKJdLlWrlbn7yoeIKfedj,Block,2,False,0,0,1,0,1,0,235395,283395,0,0,0,0,0,0,train
segunda_revision,RRYR,2020-05-28_07_21_12,16,RRYR_2020-05-28_07_21_12_16.wav,1mrv3yMMupZKanx6lNvosxfVudetRPduu,Block,1,False,0,0,1,0,0,0,586518,634518,0,0,0,0,0,0,train
segunda_revision,RRYR,2020-05-28_07_21_12,17,RRYR_2020-05-28_07_21_12_17.wav,1mKzMP-Z4roqKudHaibXCR-2V5A3WUIo1,Block,1,False,0,0,1,0,0,0,604951,652951,0,0,0,0,0,0,train
segunda_revision,RRYR,2020-05-28_07_21_12,18,RRYR_2020-05-28_07_21_12_18.wav,1mhiY-yutkxk8EGSbj9ljxfPLYXI_UA1B,Prolongation,1,False,0,0,0,0,1,0,622427,670427,0,0,0,0,0,0,train
segunda_revision,RRYR,2020-05-28_07_21_12,23,RRYR_2020-05-28_07_21_12_23.wav,1lr6ZuGRaGHByvw19Lm4Na3C7T04-PrWh,Block,1,False,0,0,1,0,0,0,788727,836727,0,0,0,0,0,0,train
segunda_revision,RRYR,2020-05-28_07_21_12,26,RRYR_2020-05-28_07_21_12_26.wav,1lPJZv1FTBk8llH8Wni5mElP7t_1gL8Y1,NoStutteredWords,1,False,0,0,0,0,0,1,893163,941163,0,0,0,0,0,0,train
segunda_revision,RRYR,2020-05-28_07_21_12,42,RRYR_2020-05-28_07_21_12_42.wav,1n35tT0mAfxeg2bjyAVXgX5E3EVd6R3hk,Prolongation,1,False,0,0,0,0,1,0,1587783,1635783,0,0,0,0,0,0,train
segunda_revision,RRYR,2020-05-28_07_21_12,44,RRYR_2020-05-28_07_21_12_44.wav,1lp5-T0FFQgZVczhYpOYxzaRx4mSGgBQM,Prolongation,1,False,0,0,0,0,1,0,1678371,1726371,0,0,0,0,0,0,train
segunda_revision,RRYR,2020-05-29_10_02_11,4,RRYR_2020-05-29_10_02_11_4.wav,1g5OpbdX1eJvMpEqKr6vU5_kh81azC2RO,NoStutteredWords,1,False,0,0,0,0,0,1,173773,221773,0,0,0,0,0,0,train
segunda_revision,RRYR,2020-05-29_10_02_11,12,RRYR_2020-05-29_10_02_11_12.wav,1d6Jb42BkZSCaWjef7S8nS17yicW1fcO0,Prolongation,1,False,0,0,0,0,1,0,511974,559974,0,0,0,0,0,0,train
segunda_revision,RRYR,2020-05-29_10_02_11,25,RRYR_2020-05-29_10_02_11_25.wav,1h3GB8U377nzcjJ_27l42WqG91aJmZqqA,Prolongation,1,False,0,0,0,0,1,0,1006691,1054691,0,0,0,0,0,0,train
segunda_revision,RRYR,2020-05-29_10_02_11,29,RRYR_2020-05-29_10_02_11_29.wav,1eYMdl7u60XvCy_CrX7il-mQbEZnMKHk4,Prolongation,1,False,0,0,0,0,1,0,1172798,1220798,0,0,0,0,0,0,train
segunda_revision,RRYR,2020-05-29_10_02_11,30,RRYR_2020-05-29_10_02_11_30.wav,1gyo49grsDXvS3mjFzKSUGJY1GTJkh_4p,SoundRep,1,False,0,0,0,1,0,0,1199688,1247688,0,0,0,0,0,0,train
segunda_revision,RRYR,2020-05-29_10_02_11,36,RRYR_2020-05-29_10_02_11_36.wav,1fBsgjjoRXVP2ju0If9T2OOA9jd8Vizen,Prolongation,1,False,0,0,0,0,1,0,1447404,1495404,0,0,0,0,0,0,train
segunda_revision,RRYR,2020-05-29_10_02_11,48,RRYR_2020-05-29_10_02_11_48.wav,1dyF6aalOsK1UGul1X4QCdiIW7XSS9-gj,Prolongation,1,False,0,0,0,0,1,0,1806885,1854885,0,0,0,0,0,0,train
segunda_revision,RRYR,2020-05-29_10_02_11,53,RRYR_2020-05-29_10_02_11_53.wav,1hLJDGS40LVT6cMO1DuE0M7m4httFxIZt,Block,1,False,0,0,1,0,0,0,2059453,2107453,0,0,0,0,0,0,train
segunda_revision,RRYR,2020-05-29_10_02_27,4,RRYR_2020-05-29_10_02_27_4.wav,18jk8wWllVoCU0l-dCwOl98kRITom3nip,SoundRep,2,False,0,0,0,1,1,0,208044,256044,0,0,0,0,0,0,train
segunda_revision,RRYR,2020-05-29_10_02_27,6,RRYR_2020-05-29_10_02_27_6.wav,1BJxmd8ni1QLILhBaQMFg1gfoosMzNEm8,Prolongation,1,False,0,0,0,0,1,0,292710,340710,0,0,0,0,0,0,train
segunda_revision,RRYR,2020-05-29_10_02_27,7,RRYR_2020-05-29_10_02_27_7.wav,1AKAGYBnn2jwqomCkntzeG63_YVtMcVBC,NoStutteredWords,1,False,0,0,0,0,0,1,306179,354179,0,0,0,0,0,0,train
segunda_revision,RRYR,2020-05-29_10_02_27,20,RRYR_2020-05-29_10_02_27_20.wav,1BBXdyQgJcIDMBYkjy_Km6i6CPfiVa4DW,Block,1,False,0,0,1,0,0,0,829220,877220,0,0,0,0,0,0,train
segunda_revision,RRYR,2020-05-29_10_02_27,26,RRYR_2020-05-29_10_02_27_26.wav,1Bycv9swBcw91SV0aK5eLEv3WB1z7bMR2,Block,1,False,0,0,1,0,0,0,1017657,1065657,0,0,0,0,0,0,train
segunda_revision,RRYR,2020-05-29_10_02_27,32,RRYR_2020-05-29_10_02_27_32.wav,19ja_Xm4khMcBeuFJlHokBs4KgErvIkGl,Prolongation,1,False,0,0,0,0,1,0,1249795,1297795,0,0,0,0,0,0,train
segunda_revision,RRYR,2020-05-29_10_02_27,35,RRYR_2020-05-29_10_02_27_35.wav,19OCbkMZfqNq_qu3v-0KJbKIBs5nt0rAD,NoStutteredWords,1,False,0,0,0,0,0,1,1348364,1396364,0,0,0,0,0,0,train
segunda_revision,RRYR,2020-05-29_10_02_27,36,RRYR_2020-05-29_10_02_27_36.wav,18t_p2Ms2htaJCBumxZ3mMts-gur1jDqT,Prolongation,1,False,0,0,0,0,1,0,1404809,1452809,0,0,0,0,0,0,train
segunda_revision,RRYR,2020-05-29_10_02_27,37,RRYR_2020-05-29_10_02_27_37.wav,19MmFgmL0SSWhsHnPxvXjW7YCeX3yGW7d,NoStutteredWords,1,False,0,0,0,0,0,1,1457084,1505084,0,0,0,0,0,0,train
segunda_revision,RRYR,2020-05-29_10_02_27,41,RRYR_2020-05-29_10_02_27_41.wav,18zmxfS3kVmgjDXfY4FjEx0wUDs9MHpMk,NoStutteredWords,1,False,0,0,0,0,0,1,1637046,1685046,0,0,0,0,0,0,train
segunda_revision,RRYR,2020-05-29_10_02_40,0,RRYR_2020-05-29_10_02_40_0.wav,1BLPbsu-NKIybZHDfjE3pQsFLgCPQw1z0,NoStutteredWords,1,False,0,0,0,0,0,1,34268,82268,0,0,0,0,1,0,train
segunda_revision,RRYR,2020-05-29_10_02_40,13,RRYR_2020-05-29_10_02_40_13.wav,19qiWWFHVuNr4bgO7RbwJdb0TJWB2oVZn,Block,1,False,0,0,1,0,0,0,643338,691338,0,0,0,0,0,0,train
segunda_revision,RRYR,2020-05-29_10_02_40,15,RRYR_2020-05-29_10_02_40_15.wav,1AGdaXdrq043Uvs36iRxeNoBzdktvNof0,SoundRep,1,False,0,0,0,1,0,0,697348,745348,0,0,0,0,0,0,train
segunda_revision,RRYR,2020-05-29_10_02_40,21,RRYR_2020-05-29_10_02_40_21.wav,1B0MUs3scbhnTDAiGADRnmeKG80QWkaEE,Block,1,False,0,0,1,0,0,0,904142,952142,0,0,0,0,0,0,train
segunda_revision,RRYR,2020-05-29_10_02_40,24,RRYR_2020-05-29_10_02_40_24.wav,19v86Dn-lPa8GSRbR_1rW5TcLoe_9KESL,NoStutteredWords,1,False,0,0,0,0,0,1,1072637,1120637,0,0,0,0,0,0,train
segunda_revision,RRYR,2020-05-29_10_02_40,25,RRYR_2020-05-29_10_02_40_25.wav,19pDTfsPUjaoX8evswfy77r7BB8gn8beQ,NoStutteredWords,1,False,0,0,0,0,0,1,1161098,1209098,0,0,0,0,0,0,train
segunda_revision,RRYR,2020-05-29_10_02_40,44,RRYR_2020-05-29_10_02_40_44.wav,1AFsCSwfW5n1Y06DP2Mp10wxx3Y9NZoxK,NoStutteredWords,1,False,0,0,0,0,0,1,1902861,1950861,0,0,0,0,0,0,train
segunda_revision,RRYR,2020-05-29_10_02_40,47,RRYR_2020-05-29_10_02_40_47.wav,1AWs8aETcqy8ELBeiJtS1SHXT6O2nXtJ-,NoStutteredWords,1,False,0,0,0,0,0,1,2043642,2091642,0,0,0,1,0,0,train
segunda_revision,RRYR,2020-05-29_10_02_40,53,RRYR_2020-05-29_10_02_40_53.wav,1AuPWNoqqlLPoWIJsXkJT2AyomKwWObPQ,NoStutteredWords,1,False,0,0,0,0,0,1,2420756,2468756,0,0,0,1,0,0,train
segunda_revision,RRYR,2020-05-29_10_02_52,1,RRYR_2020-05-29_10_02_52_1.wav,1050-ulQTLL4cBvDcj76vTPtBSrwI4MLY,NoStutteredWords,1,False,0,0,0,0,0,1,98406,146406,0,0,0,0,0,0,train
segunda_revision,RRYR,2020-05-29_10_02_52,6,RRYR_2020-05-29_10_02_52_6.wav,10W0_XhuJz3tlHjYm3_bbNSTUi9Jbhx3O,Prolongation,1,False,0,0,0,0,1,0,233081,281081,0,0,0,0,0,0,train
segunda_revision,RRYR,2020-05-29_10_02_52,26,RRYR_2020-05-29_10_02_52_26.wav,11kPRIX6tHHrHtCpPJiY6j5T7H-4nH81G,NoStutteredWords,1,False,0,0,0,0,0,1,1105872,1153872,0,0,0,0,0,0,train
segunda_revision,RRYR,2020-05-29_10_02_52,27,RRYR_2020-05-29_10_02_52_27.wav,102WwH4iAbEVggwQfrlhpVemIWs2RNth2,NoStutteredWords,1,False,0,0,0,0,0,1,1123507,1171507,0,0,0,0,0,0,train
segunda_revision,RRYR,2020-05-29_10_02_52,34,RRYR_2020-05-29_10_02_52_34.wav,11XHHcNgPc39Igeg_v2PEcswJTRlNUm6d,NoStutteredWords,1,False,0,0,0,0,0,1,1394769,1442769,0,0,0,0,0,0,train
segunda_revision,RRYR,2020-05-29_10_02_52,36,RRYR_2020-05-29_10_02_52_36.wav,10d3PGIABU6cORz3OXmOSUpnDRu7nauvQ,NoStutteredWords,1,False,0,0,0,0,0,1,1483961,1531961,0,0,0,0,0,0,train
segunda_revision,RRYR,2020-05-29_10_02_52,41,RRYR_2020-05-29_10_02_52_41.wav,12P4wz0s98EoJAjkA6iN5YAKSmxvE4DtE,NoStutteredWords,1,False,0,0,0,0,0,1,1716391,1764391,0,0,0,0,0,0,train
segunda_revision,RRYR,2020-05-29_10_02_52,44,RRYR_2020-05-29_10_02_52_44.wav,10w5gF2RwhnrNos9NWBOYw2qtixkpQaF1,SoundRep,1,False,0,0,0,1,0,0,1814433,1862433,0,0,0,0,0,0,train
segunda_revision,RRYR,2020-05-29_10_02_52,48,RRYR_2020-05-29_10_02_52_48.wav,11GP_infJJ2l87iUkTbVg1rd4bsmpS0FH,NoStutteredWords,1,False,0,0,0,0,0,1,1885901,1933901,0,0,0,0,0,0,train
segunda_revision,RRYR,2020-05-29_10_02_52,49,RRYR_2020-05-29_10_02_52_49.wav,10PSbJAThScGf2QPTm6mfdNy0FBRzVGRh,NoStutteredWords,1,False,0,0,0,0,0,1,1958073,2006073,0,0,0,0,0,0,train
segunda_revision,RRYR,2020-05-29_10_02_52,59,RRYR_2020-05-29_10_02_52_59.wav,1-qeUxEGbpHP3JUaVWpJS1yfwCBkosvck,NoStutteredWords,1,False,0,0,0,0,0,1,2390152,2438152,0,0,0,0,0,0,train
segunda_revision,RRYR,2020-05-29_10_03_20,2,RRYR_2020-05-29_10_03_20_2.wav,1OrqpImxg6EAczFYuKjRpSVrK5KojRTnS,Block,1,False,0,0,1,0,0,0,117156,165156,0,0,0,0,0,0,train
segunda_revision,RRYR,2020-05-29_10_03_20,9,RRYR_2020-05-29_10_03_20_9.wav,1P4D9m7ScpIii_AVVbDJ7Rop-BSnicxMu,Prolongation,1,False,0,0,0,0,1,0,388260,436260,0,0,0,0,0,0,train
segunda_revision,RRYR,2020-05-29_10_03_20,10,RRYR_2020-05-29_10_03_20_10.wav,1PWgKEyJRnOhZk2UDswlsKP_ztjVY6QjX,Prolongation,1,False,0,0,0,0,1,0,439126,487126,0,0,0,0,0,0,train
segunda_revision,RRYR,2020-05-29_10_03_20,14,RRYR_2020-05-29_10_03_20_14.wav,1Om1JyuuTzISXXwHRMd9yJ0b4EfStN5ZY,NoStutteredWords,1,False,0,0,0,0,0,1,588061,636061,0,0,0,0,0,0,train
segunda_revision,RRYR,2020-05-29_10_03_20,19,RRYR_2020-05-29_10_03_20_19.wav,1OVOjyKWGfFJTKcVjDRKdNaWJ6CqQ41tL,NoStutteredWords,1,False,0,0,0,0,0,1,872152,920152,0,0,0,1,0,0,train
segunda_revision,RRYR,2020-05-29_10_03_20,27,RRYR_2020-05-29_10_03_20_27.wav,1LjTLfdWiPzR3uIZ7imoUbBlBG1QxQmtY,NoStutteredWords,1,False,0,0,0,0,0,1,1311312,1359312,0,0,0,0,0,0,train
segunda_revision,RRYR,2020-05-29_10_03_20,29,RRYR_2020-05-29_10_03_20_29.wav,1Q8zcrVAqzQ5CerE1TmyIVJeXs0KJOzD0,NoStutteredWords,1,False,0,0,0,0,0,1,1377006,1425006,0,0,0,0,0,0,train
segunda_revision,RRYR,2020-05-29_10_03_20,43,RRYR_2020-05-29_10_03_20_43.wav,1NoHOWeOKYkVs_vxR34Gid8oG-6fba8CM,NoStutteredWords,1,False,0,0,0,0,0,1,1911952,1959952,0,0,0,0,0,0,train
segunda_revision,RRYR,2020-05-29_10_03_20,47,RRYR_2020-05-29_10_03_20_47.wav,1Q-Pf51a7-eZ3FY9_ikVzsMBw1wwKdPsv,WordRep,2,False,0,1,0,0,1,0,2027389,2075389,0,0,0,0,0,0,train
segunda_revision,RRYR,2020-05-29_10_03_20,51,RRYR_2020-05-29_10_03_20_51.wav,1PmGKj4_Dw9otrgsShMtnZZ2ttLH_3wUS,NoStutteredWords,1,False,0,0,0,0,0,1,2236680,2284680,0,0,0,0,0,0,train
segunda_revision,RRYR,2020-05-29_10_03_20,52,RRYR_2020-05-29_10_03_20_52.wav,1M7cPTSpSZX3nEGv0DZRZUdIfZGVFoH8j,NoStutteredWords,1,False,0,0,0,0,0,1,2249903,2297903,0,0,0,0,0,0,train
segunda_revision,RRYR,2020-05-29_10_03_20,60,RRYR_2020-05-29_10_03_20_60.wav,1PlpODPyzg_7OLnwWJALmLv2AVE4o7Tx0,Prolongation,1,False,0,0,0,0,1,0,2599630,2647630,0,0,0,0,0,0,train
segunda_revision,RRYR,2020-05-29_10_04_26,2,RRYR_2020-05-29_10_04_26_2.wav,1OE2Em_5aieEFXsC9RnSraETBVwUmaIL-,NoStutteredWords,1,False,0,0,0,0,0,1,56471,104471,0,0,0,0,0,0,train
segunda_revision,RRYR,2020-05-29_10_04_26,4,RRYR_2020-05-29_10_04_26_4.wav,1OiADxvR5RqnCxOctiqN-OwnzYl01ck40,Prolongation,1,False,0,0,0,0,1,0,113246,161246,0,0,0,0,0,0,train
segunda_revision,RRYR,2020-05-29_10_04_26,5,RRYR_2020-05-29_10_04_26_5.wav,1OApoSANI9lR6bBGsbbp1sHRJCaQIjIyq,Prolongation,1,False,0,0,0,0,1,0,155068,203068,0,0,0,0,0,0,train
segunda_revision,RRYR,2020-05-29_10_04_26,10,RRYR_2020-05-29_10_04_26_10.wav,1Pyn6DBzq-aPgedNqXhoDp4IokbxyTTRA,NoStutteredWords,1,False,0,0,0,0,0,1,288681,336681,0,0,0,0,0,0,train
segunda_revision,RRYR,2020-05-29_10_04_26,13,RRYR_2020-05-29_10_04_26_13.wav,1PMm68zRabMHzZK3wOmX7s1vOOGgy_243,NoStutteredWords,1,False,0,0,0,0,0,1,393975,441975,0,0,0,0,0,0,train
segunda_revision,RRYR,2020-05-29_10_04_26,18,RRYR_2020-05-29_10_04_26_18.wav,1Q-ixjcKZTLUrS5I-qxXmjznJ8oUStQLu,Prolongation,1,False,0,0,0,0,1,0,545611,593611,0,0,0,0,0,0,train
segunda_revision,RRYR,2020-05-29_10_04_26,24,RRYR_2020-05-29_10_04_26_24.wav,1OhTUhJqujVf9yfrwg0Edp8G6QsEY11qL,NoStutteredWords,1,False,0,0,0,0,0,1,802243,850243,0,0,0,0,0,0,train
segunda_revision,RRYR,2020-05-29_10_04_26,53,RRYR_2020-05-29_10_04_26_53.wav,1PmOaBRZXMnChBVnKbOr-U1GwXCZ6zwOL,NoStutteredWords,1,False,0,0,0,0,0,1,2058583,2106583,0,0,0,0,0,0,train
segunda_revision,RRYR,2020-05-29_10_04_26,57,RRYR_2020-05-29_10_04_26_57.wav,1O8BaDTlyX-8Qi6C_7pkSuDgvX3hBAULe,SoundRep,1,False,0,0,0,1,0,0,2275329,2323329,0,0,0,0,0,0,train
segunda_revision,RRYR,2020-05-29_10_04_26,66,RRYR_2020-05-29_10_04_26_66.wav,1PzZOgB0weyJ2XMUmDgst6RO9CTpDZuMv,NoStutteredWords,1,False,0,0,0,0,0,1,2609266,2657266,0,0,0,0,0,0,train
segunda_revision,RRYR,2020-05-29_10_04_26,67,RRYR_2020-05-29_10_04_26_67.wav,1OSSGmoSY7IBLMY_95t_2pE496T_-dnzd,Block,1,False,0,0,1,0,0,0,2629671,2677671,0,0,0,0,0,0,train
segunda_revision,RRYR,2020-05-29_10_04_26,72,RRYR_2020-05-29_10_04_26_72.wav,1O7q85NybwDvb6pSAjTZ3yr0Sq1FKF4gP,SoundRep,1,False,0,0,0,1,0,0,2789164,2837164,0,0,0,0,0,0,train
segunda_revision,RRYR,2020-05-29_10_04_59,41,RRYR_2020-05-29_10_04_59_41.wav,1Pc-4xCsMR01sqNdIlaQdwUQrzK9jqBao,NoStutteredWords,1,False,0,0,0,0,0,1,1625103,1673103,0,0,0,0,0,0,train
segunda_revision,RRYR,2020-05-29_10_04_59,48,RRYR_2020-05-29_10_04_59_48.wav,120VYnGvJCIRO3hsKmq3EvTWAZCLawUuY,SoundRep,1,False,0,0,0,1,0,0,1899855,1947855,0,0,0,0,0,0,train
segunda_revision,RRYR,2020-05-29_10_04_59,49,RRYR_2020-05-29_10_04_59_49.wav,1yCEy4DMOpeUzlciGaUvpIpEnKNsZCRO1,Prolongation,1,False,0,0,0,0,1,0,1923359,1971359,0,0,0,0,0,0,train
segunda_revision,RRYR,2020-05-29_10_04_59,53,RRYR_2020-05-29_10_04_59_53.wav,1n6fX_sE209HT0lVGq5rMOrS73lig5lAw,Block,2,False,0,0,1,1,0,0,2107490,2155490,0,0,0,0,0,0,train
segunda_revision,RRYR,2020-05-29_10_04_59,57,RRYR_2020-05-29_10_04_59_57.wav,1z-QVGxWf12g0IdjwBIo81q2xkkb-UyUS,NoStutteredWords,1,False,0,0,0,0,0,1,2231934,2279934,0,0,0,1,0,0,train
segunda_revision,RRYR,2020-05-29_10_04_59,64,RRYR_2020-05-29_10_04_59_64.wav,1y5blR91G2x3xgwjtv_62iXARBObGRRMW,NoStutteredWords,1,False,0,0,0,0,0,1,2468405,2516405,0,0,0,0,0,0,train
segunda_revision,RRYR,2020-05-29_10_04_59,65,RRYR_2020-05-29_10_04_59_65.wav,1z9WQ0FHUvHgEQr6Cmt7fERH-x8bJ48oX,NoStutteredWords,1,False,0,0,0,0,0,1,2514329,2562329,0,0,0,0,0,0,train
segunda_revision,RRYR,2020-05-29_10_04_59,67,RRYR_2020-05-29_10_04_59_67.wav,1zHn6uQEAwVXg0TCDChzT_9c-Fl6nPguO,NoStutteredWords,1,False,0,0,0,0,0,1,2581326,2629326,0,0,0,0,0,0,train
segunda_revision,RRYR,2020-05-29_10_04_59,68,RRYR_2020-05-29_10_04_59_68.wav,1y8cKIWzdm27F22J7BxEfGFPFQmraMH8U,NoStutteredWords,1,False,0,0,0,0,0,1,2597141,2645141,0,0,0,0,0,0,train
segunda_revision,RRYR,2020-05-29_10_05_19,21,RRYR_2020-05-29_10_05_19_21.wav,1p2wVps8bhPrHkEQV68kbH3TgXMlAzaek,NoStutteredWords,1,False,0,0,0,0,0,1,884804,932804,0,0,0,0,0,0,train
segunda_revision,RRYR,2020-05-29_10_05_19,53,RRYR_2020-05-29_10_05_19_53.wav,1oQSf-Wn53khULDX8K6AG3r8SFVN38xMw,Block,1,False,0,0,1,0,0,0,2111303,2159303,0,0,0,0,0,0,train
segunda_revision,RRYR,2020-05-29_10_05_19,54,RRYR_2020-05-29_10_05_19_54.wav,1mzjeEPcOCoqf0yDFkwGap12asLoVFG1x,NoStutteredWords,1,False,0,0,0,0,0,1,2149129,2197129,0,0,0,0,0,0,train
segunda_revision,RRYR,2020-05-29_10_05_19,60,RRYR_2020-05-29_10_05_19_60.wav,1oAcHDJRykqiy1tFUhSM5SY6Hpg3PFwIH,Prolongation,1,False,0,0,0,0,1,0,2393943,2441943,0,0,0,0,0,0,train
segunda_revision,RRYR,2020-05-29_10_05_20,4,RRYR_2020-05-29_10_05_20_4.wav,1O0TiNjM-PJ-z42PBfR6YV2kUAQRE-iEG,Block,3,False,0,0,1,1,1,0,270167,318167,0,0,0,0,0,0,train
segunda_revision,RRYR,2020-05-29_10_05_20,21,RRYR_2020-05-29_10_05_20_21.wav,1NuJjEedXF_zrwKfCw0ymmzN535RTWuut,Prolongation,1,False,0,0,0,0,1,0,854392,902392,0,0,0,0,0,0,train
segunda_revision,RRYR,2020-05-29_10_05_20,27,RRYR_2020-05-29_10_05_20_27.wav,1NEtso8UU_eUKngXM3sRrmTKRUKo5qrxF,NoStutteredWords,1,False,0,0,0,0,0,1,1226667,1274667,0,0,0,0,0,0,train
segunda_revision,RRYR,2020-05-29_10_05_20,31,RRYR_2020-05-29_10_05_20_31.wav,1ODzqzKNRS5hSjryb4wnkg17rsXQ_r5Oy,NoStutteredWords,1,False,0,0,0,0,0,1,1372255,1420255,0,0,0,0,0,0,train
segunda_revision,RRYR,2020-05-29_10_05_20,47,RRYR_2020-05-29_10_05_20_47.wav,1PYIfE9BQHjkHdiaIQdt4KfBDjbmWV7fy,SoundRep,1,False,0,0,0,1,0,0,2159543,2207543,0,0,0,0,0,0,train
segunda_revision,RRYR,2020-05-29_10_05_20,48,RRYR_2020-05-29_10_05_20_48.wav,1LDveAZGIapY8rR8aD32n8AzPd5Fofa4h,SoundRep,1,False,0,0,0,1,0,0,2184591,2232591,0,0,0,0,0,0,train
segunda_revision,RRYR,2020-05-29_10_05_20,49,RRYR_2020-05-29_10_05_20_49.wav,1PbHXoK6_eMjbaC1Ee8FIXA45VFu2TXMP,Prolongation,1,False,0,0,0,0,1,0,2240870,2288870,0,0,0,0,0,0,train
segunda_revision,RRYR,2020-05-29_10_05_20,53,RRYR_2020-05-29_10_05_20_53.wav,1M_oClCll2dg4gWl4CnoRv1QE-7vkweJM,SoundRep,2,False,0,0,0,1,1,0,2390855,2438855,0,0,0,0,0,0,train
segunda_revision,RRYR,2020-05-29_10_05_20,62,RRYR_2020-05-29_10_05_20_62.wav,1QXxsJtnrtl3C64Ph3xyBg8zFysdIhled,NoStutteredWords,1,False,0,0,0,0,0,1,2859637,2907637,0,0,0,0,1,0,train
segunda_revision,RRYR,2020-05-29_10_05_20,66,RRYR_2020-05-29_10_05_20_66.wav,1PugsSAqg6gse7_-ag958baYy-K68kvyG,Block,1,False,0,0,1,0,0,0,2998697,3046697,0,0,0,0,1,0,train
segunda_revision,RRYR,2020-05-29_10_05_20,73,RRYR_2020-05-29_10_05_20_73.wav,1R2Du6gDtfTzxwm49kATut8fDYGNyAz4R,Block,1,False,0,0,1,0,0,0,3170908,3218908,0,0,0,0,0,0,train
segunda_revision,RRYR,2020-05-29_10_05_20,78,RRYR_2020-05-29_10_05_20_78.wav,1OGQq65_WRvi_DsrRSJUsSmhYqbcBXBEU,NoStutteredWords,1,False,0,0,0,0,0,1,3290572,3338572,0,0,0,0,0,0,train
segunda_revision,RRYR,2020-05-29_10_05_23,0,RRYR_2020-05-29_10_05_23_0.wav,1mjcItRCYmTAgOWP4JYMDMHjB_kehGwR-,Prolongation,1,False,0,0,0,0,1,0,31932,79932,0,0,0,0,0,0,train
segunda_revision,RRYR,2020-05-29_10_05_23,1,RRYR_2020-05-29_10_05_23_1.wav,1l0csQeD_cU_r9nfCFZlFCSDv2CiFAkZb,NoStutteredWords,1,False,0,0,0,0,0,1,115951,163951,0,0,0,0,0,0,train
segunda_revision,RRYR,2020-05-29_10_05_23,11,RRYR_2020-05-29_10_05_23_11.wav,1lywpqlOI9OqwAkDc8VJT7q2kx88vXrJL,Prolongation,1,False,0,0,0,0,1,0,541573,589573,0,0,0,0,0,0,train
segunda_revision,RRYR,2020-05-29_10_05_23,19,RRYR_2020-05-29_10_05_23_19.wav,1kMgcu9Qt8YiXURSGeQCrHRVoeGozlZDR,Prolongation,1,False,0,0,0,0,1,0,800315,848315,0,0,0,0,0,0,train
segunda_revision,RRYR,2020-05-29_10_05_23,25,RRYR_2020-05-29_10_05_23_25.wav,1kWicvMyLhjLkLrF0GynoqMi4mrNEB-0R,NoStutteredWords,1,False,0,0,0,0,0,1,953159,1001159,0,0,0,0,0,0,train
segunda_revision,RRYR,2020-05-29_10_05_23,35,RRYR_2020-05-29_10_05_23_35.wav,1k_mK9eyeTXfC-D3GS8St-Iu87R4SFK5C,NoStutteredWords,1,False,0,0,0,0,0,1,1443099,1491099,0,0,0,1,0,0,train
segunda_revision,RRYR,2020-05-29_10_05_23,55,RRYR_2020-05-29_10_05_23_55.wav,1keOVALGV1XstiG6pKLq1HmwuitUVyII5,NoStutteredWords,1,False,0,0,0,0,0,1,2140470,2188470,0,0,0,0,0,0,train
segunda_revision,RRYR,2020-05-29_10_05_23,56,RRYR_2020-05-29_10_05_23_56.wav,1oIVysq4x6ZX3SPcwWLxzrUZINUvwTy8E,SoundRep,1,False,0,0,0,1,0,0,2188773,2236773,0,0,0,0,0,0,train
segunda_revision,RRYR,2020-05-29_10_05_23,59,RRYR_2020-05-29_10_05_23_59.wav,1kBOEvFy-xcYkcxvw4EFVOYQAFVHqjB7M,NoStutteredWords,1,False,0,0,0,0,0,1,2345183,2393183,0,0,0,0,0,0,train
segunda_revision,RRYR,2020-05-29_10_05_23,60,RRYR_2020-05-29_10_05_23_60.wav,1lPbT-3a83w21Quhs85pojGRXYOVAr19W,Prolongation,1,False,0,0,0,0,1,0,2367563,2415563,0,0,0,0,0,0,train
segunda_revision,RRYR,2020-05-30_10_11_55,18,RRYR_2020-05-30_10_11_55_18.wav,1Z9ZrshBqrbpERWcr2V6xCA29sYWmjiXm,NoStutteredWords,1,False,0,0,0,0,0,1,695153,743153,0,0,0,1,0,0,train
segunda_revision,RRYR,2020-05-30_10_11_55,21,RRYR_2020-05-30_10_11_55_21.wav,1Xkt0Ed2z-KXWI-TLpFBxG7BU8WMMlvY6,Prolongation,1,False,0,0,0,0,1,0,824620,872620,0,0,0,0,0,0,train
segunda_revision,RRYR,2020-05-30_10_11_55,22,RRYR_2020-05-30_10_11_55_22.wav,1ZIQMRkPbkx8prxMbtCq5Fy1VsV7vPSXv,NoStutteredWords,1,False,0,0,0,0,0,1,890327,938327,0,0,0,1,0,0,train
segunda_revision,RRYR,2020-05-30_10_11_55,23,RRYR_2020-05-30_10_11_55_23.wav,1XqHcx10dp4pvh6sg2J5QaHjLYa04s8db,NoStutteredWords,1,False,0,0,0,0,0,1,911610,959610,0,0,0,1,0,0,train
segunda_revision,RRYR,2020-05-30_10_11_55,28,RRYR_2020-05-30_10_11_55_28.wav,1XOecfsbhBePG5l0YYfDZ6z_R6mBno49S,NoStutteredWords,1,False,0,0,0,0,0,1,1077901,1125901,0,0,0,0,0,0,train
segunda_revision,RRYR,2020-05-30_10_11_55,34,RRYR_2020-05-30_10_11_55_34.wav,1XXtVjngLtdcOc10UJ8dcXdL6U1liQmPC,NoStutteredWords,1,False,0,0,0,0,0,1,1271508,1319508,0,0,0,0,0,0,train
segunda_revision,RRYR,2020-05-30_10_11_55,64,RRYR_2020-05-30_10_11_55_64.wav,1X_awEO3hwL7CPl8_kwHL7DrTUdmq_S64,NoStutteredWords,1,False,0,0,0,0,0,1,2443606,2491606,0,0,0,0,0,0,train
segunda_revision,RRYR,2020-05-30_10_11_55,67,RRYR_2020-05-30_10_11_55_67.wav,1YkENj-v_ClO8rH_DlMGv5r0JPNaJQA0g,NoStutteredWords,1,False,0,0,0,0,0,1,2552426,2600426,0,0,0,1,0,0,train
segunda_revision,RRYR,2020-05-30_10_14_19,3,RRYR_2020-05-30_10_14_19_3.wav,15fOkNnYBG9W2bqVPSG7S7YAO25ELM7zW,Prolongation,1,False,0,0,0,0,1,0,153285,201285,0,0,0,0,0,0,train
segunda_revision,RRYR,2020-05-30_10_14_19,9,RRYR_2020-05-30_10_14_19_9.wav,17Gngu_8t3IDH98OLf_DknxE7m9DFifk4,Prolongation,1,False,0,0,0,0,1,0,364394,412394,0,0,0,0,0,0,train
segunda_revision,RRYR,2020-05-30_10_14_19,14,RRYR_2020-05-30_10_14_19_14.wav,171vzFfCECIlCYP0n5xs58lYcQmjzp-9H,NoStutteredWords,1,False,0,0,0,0,0,1,592983,640983,0,0,0,0,0,0,train
segunda_revision,RRYR,2020-05-30_10_14_19,30,RRYR_2020-05-30_10_14_19_30.wav,169Bt-Mi9cn5PKMIWi3IZKo9Hj4y1gNPA,NoStutteredWords,1,False,0,0,0,0,0,1,1169168,1217168,0,0,0,0,0,0,train
segunda_revision,RRYR,2020-05-30_10_14_19,37,RRYR_2020-05-30_10_14_19_37.wav,16I7MEl0Tzb11HLP0l43N-fyejzIK3B8k,NoStutteredWords,1,False,0,0,0,0,0,1,1345752,1393752,0,0,0,0,0,0,train
segunda_revision,RRYR,2020-05-30_10_14_19,39,RRYR_2020-05-30_10_14_19_39.wav,17kLuvOVJIeKSbHYP_QPjwRF2-fNkorhu,NoStutteredWords,1,False,0,0,0,0,0,1,1474547,1522547,0,0,0,0,0,0,train
segunda_revision,RRYR,2020-05-30_10_14_19,45,RRYR_2020-05-30_10_14_19_45.wav,14Q_Fs_sGj-60PR_q6oTnECljtqhnllJD,NoStutteredWords,1,False,0,0,0,0,0,1,1658312,1706312,0,0,0,1,0,0,train
segunda_revision,RRYR,2020-05-30_10_14_19,61,RRYR_2020-05-30_10_14_19_61.wav,16hz3J4HY8iLEQ3RWJ5DSF7YJtBtOTrnE,NoStutteredWords,1,False,0,0,0,0,0,1,2149694,2197694,0,0,0,0,0,0,train
segunda_revision,RRYR,2020-05-30_10_14_19,73,RRYR_2020-05-30_10_14_19_73.wav,12mrWTs20_w7JRzHbQ9R486d5I-4L4jF1,Prolongation,1,False,0,0,0,0,1,0,2532568,2580568,0,0,0,0,1,0,train
segunda_revision,RRYR,2020-05-30_10_14_19,78,RRYR_2020-05-30_10_14_19_78.wav,13yn0Pt89ehLpQVpGPPRsmpHcolKbwOfv,NoStutteredWords,1,False,0,0,0,0,0,1,2692150,2740150,0,0,0,0,0,0,train
segunda_revision,RRYR,2020-05-30_10_15_09,1,RRYR_2020-05-30_10_15_09_1.wav,1rrf-_s6ZLKumE8BbF1eyybKEw4crt77Q,NoStutteredWords,1,False,0,0,0,0,0,1,47640,95640,0,0,0,0,0,0,train
segunda_revision,RRYR,2020-05-30_10_15_09,4,RRYR_2020-05-30_10_15_09_4.wav,1tHxUBw6voEP_ymWS9yTBMoHzTzy6Wn7Q,NoStutteredWords,1,False,0,0,0,0,0,1,188736,236736,0,0,0,0,0,0,train
segunda_revision,RRYR,2020-05-30_10_15_09,14,RRYR_2020-05-30_10_15_09_14.wav,1pqZn4ik0pXJYzjXplSNHOOfTPKQWaNhx,Prolongation,1,False,0,0,0,0,1,0,523963,571963,0,0,0,0,0,0,train
segunda_revision,RRYR,2020-05-30_10_15_09,34,RRYR_2020-05-30_10_15_09_34.wav,1qRYwEpzCnnNpAflnpZZlND9uN4OUWatm,NoStutteredWords,1,False,0,0,0,0,0,1,1315446,1363446,0,0,0,1,0,0,train
segunda_revision,RRYR,2020-05-30_10_15_09,35,RRYR_2020-05-30_10_15_09_35.wav,1ng8jqqFPNWD18XvQDmsjb9tRhX21TUJ9,NoStutteredWords,1,False,0,0,0,0,0,1,1354436,1402436,0,0,0,1,0,0,train
segunda_revision,RRYR,2020-05-30_10_15_09,44,RRYR_2020-05-30_10_15_09_44.wav,1o3LbAEkt6gjmwlkEWRSR5GpYNN11af9h,NoStutteredWords,1,False,0,0,0,0,0,1,1709254,1757254,0,0,0,0,0,0,train
segunda_revision,RRYR,2020-05-30_10_15_09,55,RRYR_2020-05-30_10_15_09_55.wav,1qpev_2BOStk6olLnN_Cx3vcsH09lNYwV,NoStutteredWords,1,False,0,0,0,0,0,1,2155333,2203333,0,0,0,0,0,0,train
segunda_revision,RRYR,2020-05-30_10_15_09,57,RRYR_2020-05-30_10_15_09_57.wav,1q0dEM8loeWHT1Xs8ZLAGDQ4AaDsh8bzd,Prolongation,1,False,0,0,0,0,1,0,2203513,2251513,0,0,0,0,0,0,train
segunda_revision,RRYR,2020-05-30_10_15_09,68,RRYR_2020-05-30_10_15_09_68.wav,1o7FT2iO37HkBjVSlcjfJPmSvxup-a05C,NoStutteredWords,1,False,0,0,0,0,0,1,2663646,2711646,0,0,0,1,0,0,train
segunda_revision,RRYR,2020-05-30_10_15_09,81,RRYR_2020-05-30_10_15_09_81.wav,1sOnHmMLn5Rq6hrearS1FK_5RvBPUHLM1,Interjection,2,False,1,0,1,0,0,0,3026258,3074258,0,0,0,0,0,0,train
segunda_revision,RRYR,2020-05-30_10_15_41,1,RRYR_2020-05-30_10_15_41_1.wav,1QVwxw__gxkPQsglyFxoXOoK9c9P_DQpd,NoStutteredWords,1,False,0,0,0,0,0,1,55351,103351,0,0,0,0,0,0,train
segunda_revision,RRYR,2020-05-30_10_15_41,6,RRYR_2020-05-30_10_15_41_6.wav,1S3ZVjqW5XHIcO8C6D5hc4YWtjOZeeE2E,Block,2,False,0,0,1,0,1,0,288778,336778,0,0,0,0,0,0,train
segunda_revision,RRYR,2020-05-30_10_15_41,11,RRYR_2020-05-30_10_15_41_11.wav,1R-hXvylPnbmilGhkRfNtxGGs20EEbGY2,NoStutteredWords,1,False,0,0,0,0,0,1,543135,591135,0,0,0,0,0,0,train
segunda_revision,RRYR,2020-05-30_10_15_41,17,RRYR_2020-05-30_10_15_41_17.wav,1Q5l5IbnFfYDtnHnTJArnSKsFzTnggx4v,NoStutteredWords,1,False,0,0,0,0,0,1,804074,852074,0,0,0,0,0,0,train
segunda_revision,RRYR,2020-05-30_10_15_41,27,RRYR_2020-05-30_10_15_41_27.wav,1OABQiRSTWrd5wd2NRZ-iJ4mMOHR5Slb2,Block,2,False,0,0,1,0,1,0,1222811,1270811,0,0,0,0,0,0,train
segunda_revision,RRYR,2020-05-30_10_15_41,29,RRYR_2020-05-30_10_15_41_29.wav,1R5n2Lc3ObEbG0pLv90MUxBU7NsLUEDlU,NoStutteredWords,1,False,0,0,0,0,0,1,1281501,1329501,0,0,0,1,0,0,train
segunda_revision,RRYR,2020-05-30_10_15_41,50,RRYR_2020-05-30_10_15_41_50.wav,1OJ2zoXBfmL1vE_zZ9U4KB6yMYMqKJza6,NoStutteredWords,1,False,0,0,0,0,0,1,2125131,2173131,0,0,0,0,0,0,train
segunda_revision,RRYR,2020-05-30_10_15_41,67,RRYR_2020-05-30_10_15_41_67.wav,1Rijz1k1WylNUv1lQo_WymX0rBQjo-y94,SoundRep,2,False,0,0,0,1,1,0,2710469,2758469,0,0,0,0,0,0,train
segunda_revision,RRYR,2020-05-30_10_15_41,75,RRYR_2020-05-30_10_15_41_75.wav,1MNHwXcA3GvdVIfGKLZFAeKF8yZKhstxR,SoundRep,1,False,0,0,0,1,0,0,2962159,3010159,0,0,0,0,0,0,train
segunda_revision,RRYR,2020-05-30_10_15_41,76,RRYR_2020-05-30_10_15_41_76.wav,1Q_Mz0ULloFxGtZguEtgBsIv7mDmBJ6JL,NoStutteredWords,1,False,0,0,0,0,0,1,3004541,3052541,0,0,0,0,0,0,train
segunda_revision,RRYR,2020-05-30_10_15_41,80,RRYR_2020-05-30_10_15_41_80.wav,1Nnzvpt55Srp6LGzYn08LboP69yYxZ8nY,NoStutteredWords,1,False,0,0,0,0,0,1,3131356,3179356,0,0,0,0,0,0,train
segunda_revision,RRYR,2020-05-30_10_15_41,81,RRYR_2020-05-30_10_15_41_81.wav,1QBSZqTvRq4W5iqidZvWf6bkfBruk9Iu8,NoStutteredWords,1,False,0,0,0,0,0,1,3153942,3201942,0,0,0,0,0,0,train
segunda_revision,RRYR,2020-05-30_10_15_41,85,RRYR_2020-05-30_10_15_41_85.wav,1Q6TAYrQesWgCzrylN4Js1gtRSlPUHXg-,Prolongation,1,False,0,0,0,0,1,0,3314933,3362933,0,0,0,0,0,0,train
segunda_revision,RRYR,2020-05-30_10_15_41,87,RRYR_2020-05-30_10_15_41_87.wav,1RFPg5dLq6TbgT-UjPFJ6EK40yc3GGC3F,Block,2,False,0,0,1,0,1,0,3361189,3409189,0,0,0,0,0,0,train
segunda_revision,RRYR,2020-05-30_10_17_11,5,RRYR_2020-05-30_10_17_11_5.wav,1mH5sz85vvPwmz5z29L7jFaCUlRSygILV,Prolongation,1,False,0,0,0,0,1,0,288920,336920,0,0,0,0,0,0,train
segunda_revision,RRYR,2020-05-30_10_17_11,8,RRYR_2020-05-30_10_17_11_8.wav,1nbdiNxXn8CraEzY-4vAPMXUNk0yDj1ZN,NoStutteredWords,1,False,0,0,0,0,0,1,409044,457044,0,0,0,0,0,0,train
segunda_revision,RRYR,2020-05-30_10_17_11,48,RRYR_2020-05-30_10_17_11_48.wav,1mCNqozb1PISnLjWt2o_CDqYWlhJRINUs,NoStutteredWords,1,False,0,0,0,0,0,1,1772922,1820922,0,0,0,0,0,0,train
segunda_revision,RRYR,2020-05-30_10_17_11,54,RRYR_2020-05-30_10_17_11_54.wav,1lholcq7rxgq-REW9zYgB2ZVlhHWqDg9_,NoStutteredWords,1,False,0,0,0,0,0,1,1973380,2021380,0,0,0,0,0,0,train
segunda_revision,RRYR,2020-05-30_10_17_11,58,RRYR_2020-05-30_10_17_11_58.wav,1mj9eMLMsOua3XqBsY7KfM9OjWjiRF0bC,NoStutteredWords,1,False,0,0,0,0,0,1,2067894,2115894,0,0,0,1,0,0,train
segunda_revision,RRYR,2020-05-30_10_17_11,60,RRYR_2020-05-30_10_17_11_60.wav,1oCVUJHSUqy6WKSC2m-l6zTAKXmRbqOTA,NoStutteredWords,1,False,0,0,0,0,0,1,2158243,2206243,0,0,0,0,0,0,train
segunda_revision,RRYR,2020-05-30_10_17_11,73,RRYR_2020-05-30_10_17_11_73.wav,1mvsAAGWdkNO8Efh1m5yKYvbTWjOShEg8,NoStutteredWords,1,False,0,0,0,0,0,1,2585964,2633964,0,0,0,0,0,0,train
segunda_revision,RRYR,2020-05-30_10_17_11,76,RRYR_2020-05-30_10_17_11_76.wav,1otEtZExvP0-atal5C0fI1nwQyj7u37jh,NoStutteredWords,1,False,0,0,0,0,0,1,2711883,2759883,0,0,0,1,0,0,train
segunda_revision,RRYR,2020-05-30_10_17_11,78,RRYR_2020-05-30_10_17_11_78.wav,1pqy5iwBshM18fkUedsNP6IBJXwri-9CI,NoStutteredWords,1,False,0,0,0,0,0,1,2797046,2845046,0,0,0,0,0,0,train
segunda_revision,RRYR,2020-05-30_10_17_11,89,RRYR_2020-05-30_10_17_11_89.wav,1ldgyKSUn7QOMzP9582vCz5FuaKCR7diD,Block,1,False,0,0,1,0,0,0,3209023,3257023,0,0,0,0,0,0,train
segunda_revision,RRYR,2020-05-30_10_17_30,4,RRYR_2020-05-30_10_17_30_4.wav,1Z7X6dYjQatZHfcq6ftoDKvqMxUgwDgCC,Prolongation,1,False,0,0,0,0,1,0,217580,265580,0,0,0,0,0,0,train
segunda_revision,RRYR,2020-05-30_10_17_30,20,RRYR_2020-05-30_10_17_30_20.wav,1btIt7XiUr3WgEK_VvpW7K9bSAbHARbMk,NoStutteredWords,1,False,0,0,0,0,0,1,814939,862939,0,0,0,1,0,0,train
segunda_revision,RRYR,2020-05-30_10_17_30,22,RRYR_2020-05-30_10_17_30_22.wav,1_9Cx4T4LDt74MF7OMUibYhZCu7UjdmON,NoStutteredWords,1,False,0,0,0,0,0,1,871183,919183,0,0,0,0,0,0,train
segunda_revision,RRYR,2020-05-30_10_17_30,24,RRYR_2020-05-30_10_17_30_24.wav,1bFBfZWZm24xwjoQaWO1Cke3N4nTNgMV3,NoStutteredWords,1,False,0,0,0,0,0,1,961762,1009762,0,0,0,1,0,0,train
segunda_revision,RRYR,2020-05-30_10_17_30,27,RRYR_2020-05-30_10_17_30_27.wav,1bBKKfZ2tTPVhFGbQArqzxOWl5MyMt4aH,WordRep,1,False,0,1,0,0,0,0,1044971,1092971,0,0,0,0,0,0,train
segunda_revision,RRYR,2020-05-30_10_17_30,28,RRYR_2020-05-30_10_17_30_28.wav,1Y5dum5_RRjF1VEeJighm_NsK6AuJ_VcS,Prolongation,1,False,0,0,0,0,1,0,1109539,1157539,0,0,0,0,0,0,train
segunda_revision,RRYR,2020-05-30_10_17_30,32,RRYR_2020-05-30_10_17_30_32.wav,1aipblhClSd7a9-7-ynzj8xp_QV1KjW_p,NoStutteredWords,1,False,0,0,0,0,0,1,1272436,1320436,0,0,0,1,0,0,train
segunda_revision,RRYR,2020-05-30_10_17_30,37,RRYR_2020-05-30_10_17_30_37.wav,1ZlZ4tVQh6uTSaCTnGSlAa24zrDzH6v5I,NoStutteredWords,1,False,0,0,0,0,0,1,1436244,1484244,0,0,0,0,0,0,train
segunda_revision,RRYR,2020-05-30_10_17_30,40,RRYR_2020-05-30_10_17_30_40.wav,1XBmRC58Mxx9TaKbPVLtjgwfKx7kdJbTq,NoStutteredWords,1,False,0,0,0,0,0,1,1634618,1682618,0,0,0,0,0,0,train
segunda_revision,RRYR,2020-05-30_10_17_30,42,RRYR_2020-05-30_10_17_30_42.wav,1b4IAOEJCtsVVSLLrbHAa00x-oO2H-00F,NoStutteredWords,1,False,0,0,0,0,0,1,1709801,1757801,0,0,0,0,0,0,train
segunda_revision,RRYR,2020-05-30_10_17_30,45,RRYR_2020-05-30_10_17_30_45.wav,1ZZ4-TIC2Y3LYuaU4CpLJv2zdT018mzQ2,NoStutteredWords,1,False,0,0,0,0,0,1,1788214,1836214,0,0,0,0,0,0,train
segunda_revision,RRYR,2020-05-30_10_17_30,51,RRYR_2020-05-30_10_17_30_51.wav,1_g2Rm799iJpFuYVpV9h-hrA8KhSNFIZq,Block,2,False,0,0,1,0,1,0,1944180,1992180,0,0,0,0,0,0,train
segunda_revision,RRYR,2020-05-30_10_17_30,53,RRYR_2020-05-30_10_17_30_53.wav,1bKKZm18S5GoNPNH9pkGfCWi1iSpu9B-L,NoStutteredWords,1,False,0,0,0,0,0,1,1997058,2045058,0,0,0,0,0,0,train
segunda_revision,RRYR,2020-05-30_10_17_30,59,RRYR_2020-05-30_10_17_30_59.wav,1bvqRrbyDp-kJFhNv0oEQNq4m15dnMEIa,NoStutteredWords,1,False,0,0,0,0,0,1,2235937,2283937,0,0,0,0,0,0,train
segunda_revision,RRYR,2020-05-30_10_17_36,1,RRYR_2020-05-30_10_17_36_1.wav,1RwdVIYCCeI-6TWiHzmTJ8I1Eanxc4ZMw,NoStutteredWords,1,False,0,0,0,0,0,1,40768,88768,0,0,0,0,0,0,train
segunda_revision,RRYR,2020-05-30_10_17_36,10,RRYR_2020-05-30_10_17_36_10.wav,1RZ5uFcPyuqJpN_WZ_--hHWsiM3yHKc02,NoStutteredWords,1,False,0,0,0,0,0,1,339167,387167,0,0,0,0,0,0,train
segunda_revision,RRYR,2020-05-30_10_17_36,52,RRYR_2020-05-30_10_17_36_52.wav,1S1R-sZ2odc3YeItM0uiD5tdZyJEyp1ik,Block,1,False,0,0,1,0,0,0,2216559,2264559,0,0,0,0,0,0,train
segunda_revision,RRYR,2020-05-30_10_17_36,55,RRYR_2020-05-30_10_17_36_55.wav,1RYTUOyxKRJcCKlLOvZnZIV6So1o9_WL7,NoStutteredWords,1,False,0,0,0,0,0,1,2307240,2355240,0,0,0,0,0,0,train
segunda_revision,RRYR,2020-05-30_10_17_48,1,RRYR_2020-05-30_10_17_48_1.wav,1oHBc4Nf2-5LVW9Pni8W7DXcLkb9uLYpJ,NoStutteredWords,1,False,0,0,0,0,0,1,34303,82303,0,0,0,0,0,0,train
segunda_revision,RRYR,2020-05-30_10_17_48,8,RRYR_2020-05-30_10_17_48_8.wav,1ic49DqyumXH0x6cs39eMb3_hZFZ7WfWg,Block,1,False,0,0,1,0,0,0,239422,287422,0,0,0,0,0,0,train
segunda_revision,RRYR,2020-05-30_10_17_48,12,RRYR_2020-05-30_10_17_48_12.wav,1naJmhFY0dTk_J2kcKkzUpMRgywcIw1mH,NoStutteredWords,1,False,0,0,0,0,0,1,414539,462539,0,0,0,0,0,0,train
segunda_revision,RRYR,2020-05-30_10_17_48,40,RRYR_2020-05-30_10_17_48_40.wav,1kt7dO5CZPQzBNZ-1tZFzPwPaSwvYx_ON,SoundRep,1,False,0,0,0,1,0,0,1372735,1420735,0,0,0,0,0,0,train
segunda_revision,RRYR,2020-05-30_10_17_48,51,RRYR_2020-05-30_10_17_48_51.wav,1mBRq7M_9JmPwC7GFfVlEbVAWkI4qG7oq,NoStutteredWords,1,False,0,0,0,0,0,1,1686610,1734610,0,0,0,0,0,0,train
segunda_revision,RRYR,2020-05-30_10_17_48,57,RRYR_2020-05-30_10_17_48_57.wav,1mdWKB9JE3rJy6iVBMziePGnhdKI8iMy-,NoStutteredWords,1,False,0,0,0,0,0,1,1903480,1951480,0,0,0,0,0,0,train
segunda_revision,RRYR,2020-05-30_10_17_48,63,RRYR_2020-05-30_10_17_48_63.wav,1lxtatEoX6Ufc0KLWiRTWGcyASTCruO4T,Prolongation,1,False,0,0,0,0,1,0,2125011,2173011,0,0,0,0,0,0,train
segunda_revision,RRYR,2020-05-30_10_17_48,73,RRYR_2020-05-30_10_17_48_73.wav,1kq8gTaodLR76LbA7-DysrmlKKsamugBM,Prolongation,1,False,0,0,0,0,1,0,2479400,2527400,0,0,0,0,0,0,train
segunda_revision,RRYR,2020-05-30_10_17_48,84,RRYR_2020-05-30_10_17_48_84.wav,1nbc_UDUPhsxehXMYcMxRx_9P4pNKoqTZ,NoStutteredWords,1,False,0,0,0,0,0,1,2845324,2893324,0,0,0,0,0,0,train
segunda_revision,RRYR,2020-05-30_10_17_57,15,RRYR_2020-05-30_10_17_57_15.wav,1faeq2Fqr-_lh7pJHH9cso86YsIwp9_v3,Block,1,False,0,0,1,0,0,0,570405,618405,0,0,0,0,0,0,train
segunda_revision,RRYR,2020-05-30_10_17_57,34,RRYR_2020-05-30_10_17_57_34.wav,1dyyw60UP0U9c_ORG1Ljm2Gc8AMcZ_kUf,NoStutteredWords,1,False,0,0,0,0,0,1,1183188,1231188,0,0,0,1,0,0,train
segunda_revision,RRYR,2020-05-30_10_17_57,52,RRYR_2020-05-30_10_17_57_52.wav,1dMCe8tGT3Xs56Im0f3Z0xCiOemd9ey3I,Prolongation,1,False,0,0,0,0,1,0,1762613,1810613,0,0,0,0,0,0,train
segunda_revision,RRYR,2020-05-30_10_17_57,60,RRYR_2020-05-30_10_17_57_60.wav,1cGVvNXQMHTleIBWihSWtU8zUeSvfmpcw,NoStutteredWords,1,False,0,0,0,0,0,1,2021227,2069227,0,0,0,1,0,0,train
segunda_revision,RRYR,2020-05-30_10_18_04,4,RRYR_2020-05-30_10_18_04_4.wav,1TaFrVeVGmXwLc8nmqZ4oAez4hamEhYqw,Prolongation,1,False,0,0,0,0,1,0,306162,354162,0,0,0,0,0,0,train
segunda_revision,RRYR,2020-05-30_10_18_04,56,RRYR_2020-05-30_10_18_04_56.wav,1SPl7VrYa6AUiNZiI6bI-kYsYBl_gxJip,NoStutteredWords,1,False,0,0,0,0,0,1,2094199,2142199,0,0,0,0,0,0,train
segunda_revision,RRYR,2020-05-30_10_18_04,60,RRYR_2020-05-30_10_18_04_60.wav,1T5sfGAf7oMD1nzOtZrV4h8I0zw1CLV9m,Block,1,False,0,0,1,0,0,0,2196189,2244189,0,0,0,0,0,0,train
segunda_revision,RRYR,2020-05-30_10_18_04,61,RRYR_2020-05-30_10_18_04_61.wav,1SqdNIE80xnVsvj32M-UDvtUYJ4bBNXiz,WordRep,2,False,0,1,0,0,1,0,2236659,2284659,0,0,0,0,0,0,train
segunda_revision,RRYR,2020-05-30_10_18_04,68,RRYR_2020-05-30_10_18_04_68.wav,1SkuFd6qZAXG0KWzwbsDgBBZdbwP4b9Fe,NoStutteredWords,1,False,0,0,0,0,0,1,2445857,2493857,0,0,0,0,0,0,train
segunda_revision,RRYR,2020-05-30_10_18_04,71,RRYR_2020-05-30_10_18_04_71.wav,1SqAXxybI7qiahA-XKEWrDV7CNdMCYW76,NoStutteredWords,1,False,0,0,0,0,0,1,2544577,2592577,0,0,0,0,0,0,train
segunda_revision,RRYR,2020-05-30_10_18_04,73,RRYR_2020-05-30_10_18_04_73.wav,1SahCuk2ptyfn0o0DKbOuZJPhJ2Cx24nM,NoStutteredWords,1,False,0,0,0,0,0,1,2624590,2672590,0,0,0,0,0,0,train
segunda_revision,RRYR,2020-06-01_10_23_33,1,RRYR_2020-06-01_10_23_33_1.wav,16eMEmm_xrfystEgcMl0__OjTMfJvaY9v,NoStutteredWords,1,False,0,0,0,0,0,1,74316,122316,0,0,0,1,0,0,train
segunda_revision,RRYR,2020-06-01_10_23_33,8,RRYR_2020-06-01_10_23_33_8.wav,143wMCYuzCDz-LyQ3xmOahVGfgABBGdys,Prolongation,1,False,0,0,0,0,1,0,454710,502710,0,0,0,0,0,0,train
segunda_revision,RRYR,2020-06-01_10_23_33,22,RRYR_2020-06-01_10_23_33_22.wav,13BQswqDLoWLSN7gwVBIH_BrmxB-tli1H,NoStutteredWords,1,False,0,0,0,0,0,1,951160,999160,0,0,0,0,0,0,train
segunda_revision,RRYR,2020-06-01_10_23_33,28,RRYR_2020-06-01_10_23_33_28.wav,16dhrBipV7T_MY4wr6OqGJXawE6jyeKkK,Prolongation,1,False,0,0,0,0,1,0,1121472,1169472,0,0,0,0,0,0,train
segunda_revision,RRYR,2020-06-01_10_23_33,52,RRYR_2020-06-01_10_23_33_52.wav,17-ymejewI5WD4UR4Bwx-EG73WSfu42k_,Prolongation,1,False,0,0,0,0,1,0,2057919,2105919,0,0,0,0,0,0,train
segunda_revision,RRYR,2020-06-01_10_23_35,2,RRYR_2020-06-01_10_23_35_2.wav,1c6BtAFnb97mtUYUwCTtHvAVEvq52P9zL,NoStutteredWords,1,False,0,0,0,0,0,1,106780,154780,0,0,0,0,0,0,train
segunda_revision,RRYR,2020-06-01_10_23_35,19,RRYR_2020-06-01_10_23_35_19.wav,1bz8Kon3dFZQaoDXrJqcXFW_gF5gkw_An,SoundRep,1,False,0,0,0,1,0,0,871963,919963,0,0,0,0,0,0,train
segunda_revision,RRYR,2020-06-01_10_23_35,36,RRYR_2020-06-01_10_23_35_36.wav,1cCly6UByoHIcgk-qx71O1K2Y_A9KCQo-,SoundRep,1,False,0,0,0,1,0,0,1620625,1668625,0,0,0,0,0,0,train
segunda_revision,RRYR,2020-06-01_10_23_35,40,RRYR_2020-06-01_10_23_35_40.wav,1cAGKLvz0kDIo4Jh8LciOYsB2ZEIPGl-j,NoStutteredWords,1,False,0,0,0,0,0,1,1809245,1857245,0,0,0,1,0,0,train
segunda_revision,RRYR,2020-06-01_10_23_35,55,RRYR_2020-06-01_10_23_35_55.wav,1dCWqszGWBaMOEUf6lX7xzfoGFs354vbO,Prolongation,1,False,0,0,0,0,1,0,2335693,2383693,0,0,0,0,0,0,train
segunda_revision,RRYR,2020-06-01_10_23_35,61,RRYR_2020-06-01_10_23_35_61.wav,1bV28KO9uHW4L0A28g7eBRZr8XalLzC9M,NoStutteredWords,1,False,0,0,0,0,0,1,2690232,2738232,0,0,0,0,0,0,train
segunda_revision,RRYR,2020-06-01_10_23_42,19,RRYR_2020-06-01_10_23_42_19.wav,16jfIjptwIws9RGObQ8sTyVMK6MG2wAis,NoStutteredWords,1,False,0,0,0,0,0,1,772719,820719,0,0,0,0,0,0,train
segunda_revision,RRYR,2020-06-01_10_23_42,22,RRYR_2020-06-01_10_23_42_22.wav,15CBpm8gJzQy4_kSnT2yD4m5H5qAIypv9,Block,1,False,0,0,1,0,0,0,925070,973070,0,0,0,0,0,0,train
segunda_revision,RRYR,2020-06-01_10_23_42,29,RRYR_2020-06-01_10_23_42_29.wav,16Bh2OXMz1klr2yziwRlqyLI9crqBY7PW,NoStutteredWords,1,False,0,0,0,0,0,1,1125421,1173421,0,0,0,1,0,0,train
segunda_revision,RRYR,2020-06-01_10_23_42,40,RRYR_2020-06-01_10_23_42_40.wav,14kHCbCxYenv3wgrEqpLyd1x2CiJYtuMS,NoStutteredWords,1,False,0,0,0,0,0,1,1635835,1683835,0,0,0,0,0,0,train
segunda_revision,RRYR,2020-06-01_10_23_42,54,RRYR_2020-06-01_10_23_42_54.wav,14xqUwLuwhOyoDrsv9NzSt0Otk7QfxC20,NoStutteredWords,1,False,0,0,0,0,0,1,2096029,2144029,0,0,0,0,0,0,train
segunda_revision,RRYR,2020-06-01_10_23_42,58,RRYR_2020-06-01_10_23_42_58.wav,15MQ5-mORG4CC2hkJPey5Wox8yFWtBr64,NoStutteredWords,1,False,0,0,0,0,0,1,2226494,2274494,0,0,0,0,0,0,train
segunda_revision,RRYR,2020-06-01_10_23_50,5,RRYR_2020-06-01_10_23_50_5.wav,1ZZvAUT0yrVip9LAXL-_d3TT9vRey27mW,NoStutteredWords,1,False,0,0,0,0,0,1,220775,268775,0,0,0,0,0,0,train
segunda_revision,RRYR,2020-06-01_10_23_50,10,RRYR_2020-06-01_10_23_50_10.wav,1_Tph5ptk9ZGKt3JE1V1-6EFCkBCIqm5j,WordRep,1,False,0,1,0,0,0,0,405853,453853,0,0,0,0,0,0,train
segunda_revision,RRYR,2020-06-01_10_23_50,11,RRYR_2020-06-01_10_23_50_11.wav,1amlmJ9ah_XR7eDoB-J_A_g7-lCfwcT0q,NoStutteredWords,1,False,0,0,0,0,0,1,461437,509437,0,0,0,1,0,0,train
segunda_revision,RRYR,2020-06-01_10_23_50,13,RRYR_2020-06-01_10_23_50_13.wav,1_jiiQupN0hYh5lXngNpn8pzYn57MeAGX,NoStutteredWords,1,False,0,0,0,0,0,1,547260,595260,0,0,0,0,0,0,train
segunda_revision,RRYR,2020-06-01_10_23_50,19,RRYR_2020-06-01_10_23_50_19.wav,1ZYjBfgx2gw9maBc20xinkO4X4DGLM1k0,NoStutteredWords,1,False,0,0,0,0,0,1,842546,890546,0,0,0,0,0,0,train
segunda_revision,RRYR,2020-06-01_10_23_50,56,RRYR_2020-06-01_10_23_50_56.wav,1_1ehZXmS8ufBkjktk41o_vrvvVFuleQC,Block,1,False,0,0,1,0,0,0,2621091,2669091,0,0,0,0,0,0,train
segunda_revision,RRYR,2020-06-01_10_23_50,57,RRYR_2020-06-01_10_23_50_57.wav,1_UKOUZN_1oTdrcJc14t3LSdj2_dtHJcP,Prolongation,1,False,0,0,0,0,1,0,2648810,2696810,0,0,0,0,0,0,train
segunda_revision,RRYR,2020-06-01_10_23_50,60,RRYR_2020-06-01_10_23_50_60.wav,1ag7gpjHYg8Bg1tzc0OYKY37gepN8Yrv7,NoStutteredWords,1,False,0,0,0,0,0,1,2747579,2795579,0,0,0,0,0,0,train
segunda_revision,RRYR,2020-06-01_10_23_55,3,RRYR_2020-06-01_10_23_55_3.wav,1TvAC2Q7ZtKEicE_6sCWBQYSLHL4w2njp,Prolongation,1,False,0,0,0,0,1,0,117324,165324,0,0,0,0,0,0,train
segunda_revision,RRYR,2020-06-01_10_23_55,11,RRYR_2020-06-01_10_23_55_11.wav,1WfBmSXf5XxFC0MmBydSOc7Zi_MjKaG34,Prolongation,1,False,0,0,0,0,1,0,382863,430863,0,0,0,0,0,0,train
segunda_revision,RRYR,2020-06-01_10_23_55,17,RRYR_2020-06-01_10_23_55_17.wav,1VtAzqEUs7ZnRIOTxGFrWEUTq7HAXUQ94,SoundRep,1,False,0,0,0,1,0,0,608672,656672,0,0,0,0,0,0,train
segunda_revision,RRYR,2020-06-01_10_23_55,28,RRYR_2020-06-01_10_23_55_28.wav,1UBydpZVGLEtv805A-gVU6485h_EN7Zqa,NoStutteredWords,1,False,0,0,0,0,0,1,918875,966875,0,0,0,0,0,0,train
segunda_revision,RRYR,2020-06-01_10_23_55,50,RRYR_2020-06-01_10_23_55_50.wav,1TrnDOBZ1XfFu9eDHbQFVOmoIEm9FzZji,NoStutteredWords,1,False,0,0,0,0,0,1,1784059,1832059,0,0,0,0,0,0,train
segunda_revision,RRYR,2020-06-01_10_23_55,53,RRYR_2020-06-01_10_23_55_53.wav,1VbL0DX0FHPOKOs7YZXHhozMTCfdNDpaL,Block,2,False,0,0,1,0,1,0,1840286,1888286,0,0,0,0,0,0,train
segunda_revision,RRYR,2020-06-01_10_23_55,63,RRYR_2020-06-01_10_23_55_63.wav,1Wqf5TukC4Het7xeUGRbEPg5YcP1JJ-YM,Prolongation,1,False,0,0,0,0,1,0,2281789,2329789,0,0,0,0,0,0,train
segunda_revision,RRYR,2020-06-01_10_24_06,5,RRYR_2020-06-01_10_24_06_5.wav,1jVXsdRjgCHDw65exwM1bndUBFpc5lVlo,NoStutteredWords,1,False,0,0,0,0,0,1,212310,260310,0,0,0,1,0,0,train
segunda_revision,RRYR,2020-06-01_10_24_06,13,RRYR_2020-06-01_10_24_06_13.wav,1i8PX83LzT5NQYA0IgIgSkqF_o1YEJ3fi,NoStutteredWords,1,False,0,0,0,0,0,1,549527,597527,0,0,0,1,0,0,train
segunda_revision,RRYR,2020-06-01_10_24_06,18,RRYR_2020-06-01_10_24_06_18.wav,1iX7WSEwu4TylOo8xMJantO5k5YAk2XcT,NoStutteredWords,1,False,0,0,0,0,0,1,717923,765923,0,0,0,0,0,0,train
segunda_revision,RRYR,2020-06-01_10_24_06,35,RRYR_2020-06-01_10_24_06_35.wav,1i06IHv8JhKPN3NTLsm2__QuPUF8yCPmk,Prolongation,1,False,0,0,0,0,1,0,1464870,1512870,0,0,0,0,0,0,train
segunda_revision,RRYR,2020-06-01_10_24_06,40,RRYR_2020-06-01_10_24_06_40.wav,1hcbmuIcQa0P55DWD5uoNTyctV5kLQP-E,NoStutteredWords,1,False,0,0,0,0,0,1,1672078,1720078,0,0,0,0,0,0,train
segunda_revision,RRYR,2020-06-01_10_24_06,44,RRYR_2020-06-01_10_24_06_44.wav,1iVM3IPKj7_kzN1LWrimPcv_C0ae1ZEEt,NoStutteredWords,1,False,0,0,0,0,0,1,1846100,1894100,0,0,0,0,0,0,train
segunda_revision,RRYR,2020-06-01_10_24_06,45,RRYR_2020-06-01_10_24_06_45.wav,1iwnBt_Lb3vPp4nrHj8X6rAwNXslZq6NN,NoStutteredWords,1,False,0,0,0,0,0,1,1906325,1954325,0,0,0,0,0,0,train
segunda_revision,RRYR,2020-06-01_10_24_06,50,RRYR_2020-06-01_10_24_06_50.wav,1i5HR88WsMJ0vX-tRwwy7HHegrlgDG45C,NoStutteredWords,1,False,0,0,0,0,0,1,2116965,2164965,0,0,0,0,0,0,train
segunda_revision,RRYR,2020-06-01_10_24_06,57,RRYR_2020-06-01_10_24_06_57.wav,1iR0wCYguJQflkk5bjLkyVx3-tCKpiKzT,SoundRep,2,False,0,0,0,1,1,0,2424533,2472533,0,0,0,0,0,0,train
segunda_revision,RRYR,2020-06-01_10_24_06,59,RRYR_2020-06-01_10_24_06_59.wav,1j0t5Xy1RqFoy01-QKT1Ah-9edOu4IZFm,NoStutteredWords,1,False,0,0,0,0,0,1,2504397,2552397,0,0,0,0,0,0,train
segunda_revision,RRYR,2020-06-01_10_24_24,1,RRYR_2020-06-01_10_24_24_1.wav,1dc0nl2yb1VgE6bA9O3CvxOYioH7YKuxc,NoStutteredWords,1,False,0,0,0,0,0,1,50310,98310,0,0,0,0,0,0,train
segunda_revision,RRYR,2020-06-01_10_24_24,11,RRYR_2020-06-01_10_24_24_11.wav,1csNHLql3GaajtvVat9wv0iPw40-OubXD,NoStutteredWords,1,False,0,0,0,0,0,1,392535,440535,0,0,0,0,0,0,train
segunda_revision,RRYR,2020-06-01_10_24_24,19,RRYR_2020-06-01_10_24_24_19.wav,1_gAp_3cIdHIx9cORB2IQXW6hNvxxZMHl,NoStutteredWords,1,False,0,0,0,0,0,1,723053,771053,0,0,0,1,0,0,train
segunda_revision,RRYR,2020-06-01_10_24_24,30,RRYR_2020-06-01_10_24_24_30.wav,1aXMC4pJBnEbRLCRKyejD9oHtlUNS8fot,SoundRep,1,False,0,0,0,1,0,0,1130838,1178838,0,0,0,0,0,0,train
segunda_revision,RRYR,2020-06-01_10_24_24,34,RRYR_2020-06-01_10_24_24_34.wav,1dQQGKIUrql3XHhGQQ5Rg-yoqdRkK-rrn,SoundRep,1,False,0,0,0,1,0,0,1355037,1403037,0,0,0,0,0,0,train
segunda_revision,RRYR,2020-06-01_10_24_24,59,RRYR_2020-06-01_10_24_24_59.wav,1cUubfPOLDY7h7lPkQyd22k_QQVTpMCVL,NoStutteredWords,1,False,0,0,0,0,0,1,2448044,2496044,0,0,0,0,0,0,train
segunda_revision,RRYR,2020-06-01_10_24_24,61,RRYR_2020-06-01_10_24_24_61.wav,1_JviU8C4oWGg9y4B5I2x1cjcAVmEqLvK,Prolongation,1,False,0,0,0,0,1,0,2600199,2648199,0,0,0,0,0,0,train
segunda_revision,RRYR,2020-06-01_10_24_31,6,RRYR_2020-06-01_10_24_31_6.wav,1ci03W3wzpzVUfZYBcoIEIR8c1garLy-k,NoStutteredWords,1,False,0,0,0,0,0,1,180012,228012,0,0,0,0,0,0,train
segunda_revision,RRYR,2020-06-01_10_24_31,18,RRYR_2020-06-01_10_24_31_18.wav,1c4R1I57LMAfccjCLFQhfbBtjCNT2hk4a,NoStutteredWords,1,False,0,0,0,0,0,1,660366,708366,0,0,0,0,0,0,train
segunda_revision,RRYR,2020-06-01_10_24_31,29,RRYR_2020-06-01_10_24_31_29.wav,1_kVQ93lvgXPkiOHjUYXgN09Hg3nBxRfu,Prolongation,1,False,0,0,0,0,1,0,1083693,1131693,0,0,0,0,0,0,train
segunda_revision,RRYR,2020-06-01_10_24_31,41,RRYR_2020-06-01_10_24_31_41.wav,1d0V53CB2EqNEbi_f7rZ1PbKYd5xO0zwf,Block,2,False,0,0,1,1,0,0,1453945,1501945,0,0,0,0,0,0,train
segunda_revision,RRYR,2020-06-01_10_24_31,49,RRYR_2020-06-01_10_24_31_49.wav,1eONU2liDV0kEbcCxyG-v8vRuefpiQujT,Prolongation,1,False,0,0,0,0,1,0,1743305,1791305,0,0,0,0,0,0,train
segunda_revision,RRYR,2020-06-01_10_24_31,51,RRYR_2020-06-01_10_24_31_51.wav,1c-UfF3fK8qZqwaTR_jx7tbS7irHzw18n,NoStutteredWords,1,False,0,0,0,0,0,1,1857371,1905371,0,0,0,0,1,0,train
segunda_revision,RRYR,2020-06-01_10_24_31,54,RRYR_2020-06-01_10_24_31_54.wav,1bOqpRJYvCBdRjdevylfVzic2lkZpyZYg,NoStutteredWords,1,False,0,0,0,0,0,1,1962464,2010464,0,0,0,1,0,0,train
segunda_revision,RRYR,2020-06-01_10_24_31,61,RRYR_2020-06-01_10_24_31_61.wav,1dLiHrjIXYNGT75RgwQBVVIVD1oQpoSC5,Prolongation,1,False,0,0,0,0,1,0,2182285,2230285,0,0,0,0,0,0,train
segunda_revision,RRYR,2020-06-01_10_24_31,75,RRYR_2020-06-01_10_24_31_75.wav,1bnR3wgJ-FPtIYXHlx44pD8RQHEkmpzsF,Prolongation,1,False,0,0,0,0,1,0,2852028,2900028,0,0,0,0,0,0,train
segunda_revision,RRYR,2020-06-01_10_24_31,76,RRYR_2020-06-01_10_24_31_76.wav,1d1ui-Hx87xP8vwyha9ROdCcPvd8-0j7r,SoundRep,1,False,0,0,0,1,0,0,2951652,2999652,0,0,0,0,0,0,train
segunda_revision,RRYR,2020-06-01_10_24_33,6,RRYR_2020-06-01_10_24_33_6.wav,1-ZVIkFS52otlKA19oTequBLxipHxYcRI,SoundRep,1,False,0,0,0,1,0,0,372376,420376,0,0,0,0,0,0,train
segunda_revision,RRYR,2020-06-01_10_24_33,8,RRYR_2020-06-01_10_24_33_8.wav,1z3zoAmbs8cIw7icvZyUt90S4NE44Wskl,SoundRep,1,False,0,0,0,1,0,0,449830,497830,0,0,0,0,0,0,train
segunda_revision,RRYR,2020-06-01_10_24_33,16,RRYR_2020-06-01_10_24_33_16.wav,1-uZGK-Raet0eQ90JeXQy8yKK2rbfdGrl,NoStutteredWords,1,False,0,0,0,0,0,1,810657,858657,0,0,0,0,1,0,train
segunda_revision,RRYR,2020-06-01_10_24_33,19,RRYR_2020-06-01_10_24_33_19.wav,1zFON5S69UX_QMDvqMhwynaBthVSylq_g,NoStutteredWords,1,False,0,0,0,0,0,1,923411,971411,0,0,0,0,1,0,train
segunda_revision,RRYR,2020-06-01_10_24_33,52,RRYR_2020-06-01_10_24_33_52.wav,1xBTQHaNvYp-kY51R7SnD92zJQxUzUlCm,NoStutteredWords,1,False,0,0,0,0,0,1,2087503,2135503,0,0,0,0,0,0,train
segunda_revision,RRYR,2020-06-01_10_25_59,15,RRYR_2020-06-01_10_25_59_15.wav,12px4QmluP2dphzX5OMGH1MU3l9y3v-9_,NoStutteredWords,1,False,0,0,0,0,0,1,656486,704486,0,0,0,0,0,0,train
segunda_revision,RRYR,2020-06-01_10_25_59,17,RRYR_2020-06-01_10_25_59_17.wav,12ocIMBFirg1Uqx1UX4wqi6ANuMkmpUdI,NoStutteredWords,1,False,0,0,0,0,0,1,702869,750869,0,0,0,0,0,0,train
segunda_revision,RRYR,2020-06-01_10_25_59,18,RRYR_2020-06-01_10_25_59_18.wav,122ki7PgWBptaB0sKRmlC3G5ehaqGNejJ,NoStutteredWords,1,False,0,0,0,0,0,1,714863,762863,0,0,0,0,0,0,train
segunda_revision,RRYR,2020-06-01_10_25_59,27,RRYR_2020-06-01_10_25_59_27.wav,11ib0BL_KS0LwmTITpm2kDYmzc3fouV9b,Prolongation,1,False,0,0,0,0,1,0,1049219,1097219,0,0,0,0,0,0,train
segunda_revision,RRYR,2020-06-01_10_25_59,28,RRYR_2020-06-01_10_25_59_28.wav,12KBMMgKEa5q3Puh-v40XwBgxF33cjhpU,Prolongation,1,False,0,0,0,0,1,0,1058124,1106124,0,0,0,0,0,0,train
segunda_revision,RRYR,2020-06-01_10_25_59,33,RRYR_2020-06-01_10_25_59_33.wav,127ePHfh6M6axF65y6z9BQCaTEAf0wC88,NoStutteredWords,1,False,0,0,0,0,0,1,1167294,1215294,0,0,0,0,0,0,train
segunda_revision,RRYR,2020-06-01_10_25_59,40,RRYR_2020-06-01_10_25_59_40.wav,120Qder_oi1DO4C7He5CLzuRtk_JBwRKh,NoStutteredWords,1,False,0,0,0,0,0,1,1404714,1452714,0,0,0,0,1,0,train
segunda_revision,RRYR,2020-06-01_10_25_59,43,RRYR_2020-06-01_10_25_59_43.wav,110C-gU7kaU2eGDmEG9MyQ1dtJ9nhexPQ,SoundRep,1,False,0,0,0,1,0,0,1554514,1602514,0,0,0,0,0,0,train
segunda_revision,RRYR,2020-06-01_10_25_59,47,RRYR_2020-06-01_10_25_59_47.wav,12-QkX5YBG7bhVf4X-QZ7d_oA_PubVT_s,NoStutteredWords,1,False,0,0,0,0,0,1,1680045,1728045,0,0,0,0,0,0,train
segunda_revision,RRYR,2020-06-01_10_25_59,49,RRYR_2020-06-01_10_25_59_49.wav,1214YKffrJdmbDL5u9EtzEHjlmy2xKX-8,NoStutteredWords,1,False,0,0,0,0,0,1,1779967,1827967,0,0,0,0,0,0,train
segunda_revision,RRYR,2020-06-01_10_25_59,51,RRYR_2020-06-01_10_25_59_51.wav,115uuVkrwfXJX4AzvmSmv7YyGinGhaCbu,Block,1,False,0,0,1,0,0,0,1827781,1875781,0,0,0,0,0,0,train
segunda_revision,RRYR,2020-06-01_10_25_59,71,RRYR_2020-06-01_10_25_59_71.wav,1-h5sY6DHIeb9lgt5w4fDoNRG1itH-vWC,NoStutteredWords,1,False,0,0,0,0,0,1,2507922,2555922,0,0,0,0,0,0,train
segunda_revision,RRYR,2020-06-02_09_52_48,6,RRYR_2020-06-02_09_52_48_6.wav,1O79tV9IVW6M4QjjxcMco0pmRk3L-XM5H,NoStutteredWords,1,False,0,0,0,0,0,1,263548,311548,0,0,0,0,0,0,train
segunda_revision,RRYR,2020-06-02_09_52_48,16,RRYR_2020-06-02_09_52_48_16.wav,1OD9hJf74qPFGXc518ioNR5kufbaW0xF6,Prolongation,1,False,0,0,0,0,1,0,649490,697490,0,0,0,0,0,0,train
segunda_revision,RRYR,2020-06-02_09_52_48,22,RRYR_2020-06-02_09_52_48_22.wav,1KbLXkCEDiuTrb_9h-2Fzk_dqH3heuLkW,SoundRep,1,False,0,0,0,1,0,0,939652,987652,0,0,0,0,0,0,train
segunda_revision,RRYR,2020-06-02_09_52_48,27,RRYR_2020-06-02_09_52_48_27.wav,1MK_zozqTZH36z3RE9riYDoU8-XekgySF,NoStutteredWords,1,False,0,0,0,0,0,1,1154191,1202191,0,0,0,0,0,0,train
segunda_revision,RRYR,2020-06-02_09_52_48,28,RRYR_2020-06-02_09_52_48_28.wav,1MVlDn2gEjVOzU_ebNZZVEp1AbaTFYaJG,NoStutteredWords,1,False,0,0,0,0,0,1,1174991,1222991,0,0,0,0,0,0,train
segunda_revision,RRYR,2020-06-02_09_52_48,34,RRYR_2020-06-02_09_52_48_34.wav,1OArOcxvYZ78BANCw62mjgOob7t9_pUbS,Prolongation,1,False,0,0,0,0,1,0,1407055,1455055,0,0,0,0,0,0,train
segunda_revision,RRYR,2020-06-02_09_52_48,46,RRYR_2020-06-02_09_52_48_46.wav,1NR4U6F7EyyQOwjjAA6fgwejRhKZ7iVq1,Block,1,False,0,0,1,0,0,0,1883253,1931253,0,0,0,0,0,0,train
segunda_revision,RRYR,2020-06-02_09_53_04,2,RRYR_2020-06-02_09_53_04_2.wav,1tvf16xYEM_djuWHEQqV0fICYb3EtwQ0S,Prolongation,1,False,0,0,0,0,1,0,73191,121191,0,0,0,0,0,0,train
segunda_revision,RRYR,2020-06-02_09_53_04,7,RRYR_2020-06-02_09_53_04_7.wav,1rh6-KAvtkVazLcZ2scrUU7-QJKGTmP_y,NoStutteredWords,1,False,0,0,0,0,0,1,338641,386641,0,0,0,0,0,0,train
segunda_revision,RRYR,2020-06-02_09_53_04,64,RRYR_2020-06-02_09_53_04_64.wav,1qdPnw8eub8T-xHJxnH6oQwEkDjrd28Yt,NoStutteredWords,1,False,0,0,0,0,0,1,2529643,2577643,0,0,0,0,0,0,train
segunda_revision,RRYR,2020-06-02_09_53_04,65,RRYR_2020-06-02_09_53_04_65.wav,1qKHUyGFOinlzHsdIk_OChaSW3eJ-yMnj,NoStutteredWords,1,False,0,0,0,0,0,1,2615320,2663320,0,0,0,1,0,0,train
segunda_revision,RRYR,2020-06-02_09_53_20,18,RRYR_2020-06-02_09_53_20_18.wav,13K_alV6lrewwZt4YdNUtodJ9RMJ4kGPD,NoStutteredWords,1,False,0,0,0,0,0,1,715908,763908,0,0,0,0,0,0,train
segunda_revision,RRYR,2020-06-02_09_53_20,35,RRYR_2020-06-02_09_53_20_35.wav,1-ksxmjc6vJWP_qbRRO2QRRQ8K1_HU8zD,Prolongation,1,False,0,0,0,0,1,0,1299579,1347579,0,0,0,0,0,0,train
segunda_revision,RRYR,2020-06-02_09_53_20,39,RRYR_2020-06-02_09_53_20_39.wav,10Us26mi9zKjgaoV8JhKmlV4tG2DmCcvL,Block,1,False,0,0,1,0,0,0,1453409,1501409,0,0,0,0,0,0,train
segunda_revision,RRYR,2020-06-02_09_53_20,41,RRYR_2020-06-02_09_53_20_41.wav,1110zxgalbDVT769iCYwpK2aNfa4bYxDr,Block,1,False,0,0,1,0,0,0,1506398,1554398,0,0,0,0,0,0,train
segunda_revision,RRYR,2020-06-02_09_53_20,53,RRYR_2020-06-02_09_53_20_53.wav,10vCOwuVOqz5etjYVlGeDRzE6u-kuDA9p,Prolongation,1,False,0,0,0,0,1,0,1879781,1927781,0,0,0,0,0,0,train
segunda_revision,RRYR,2020-06-02_09_53_30,15,RRYR_2020-06-02_09_53_30_15.wav,1vmZrfRjNz_hazWzhKBlzClVHNnCPpHKA,Block,1,False,0,0,1,0,0,0,652854,700854,0,0,0,0,0,0,train
segunda_revision,RRYR,2020-06-02_09_53_30,18,RRYR_2020-06-02_09_53_30_18.wav,1wfUddsduMCI5rOK8hC-GdTQIg-avjjoR,NoStutteredWords,1,False,0,0,0,0,0,1,764189,812189,0,0,0,0,0,0,train
segunda_revision,RRYR,2020-06-02_09_53_30,20,RRYR_2020-06-02_09_53_30_20.wav,1vL57HUjq6KKvcuUJsvnw06M-caAjtwh_,NoStutteredWords,1,False,0,0,0,0,0,1,838161,886161,0,0,0,0,0,0,train
segunda_revision,RRYR,2020-06-02_09_53_30,22,RRYR_2020-06-02_09_53_30_22.wav,1uq2HS2N-cFYs20Zf4M6lUaVjbU2M0asJ,Block,1,False,0,0,1,0,0,0,904297,952297,0,0,0,0,0,0,train
segunda_revision,RRYR,2020-06-02_09_53_30,27,RRYR_2020-06-02_09_53_30_27.wav,1vtWKu3oHL5RXtJxv58IjMNdJp7tRypCx,NoStutteredWords,1,False,0,0,0,0,0,1,1155176,1203176,0,0,0,1,0,0,train
segunda_revision,RRYR,2020-06-02_09_53_30,47,RRYR_2020-06-02_09_53_30_47.wav,1tbyMB_pJHX8ixuKn5cQ81YwMc6UIZXqO,WordRep,1,False,0,1,0,0,0,0,1881014,1929014,0,0,0,0,0,0,train
segunda_revision,RRYR,2020-06-02_09_53_30,48,RRYR_2020-06-02_09_53_30_48.wav,1vEUHpE4WtKHMk8nEDufgZqTAbYgIQmU1,Block,1,False,0,0,1,0,0,0,1939268,1987268,0,0,0,0,0,0,train
segunda_revision,RRYR,2020-06-02_09_53_30,51,RRYR_2020-06-02_09_53_30_51.wav,1uLlYjslvHbCNhkmXFBie_DdXegtEkZ4k,Block,2,False,0,0,1,0,1,0,2015608,2063608,0,0,0,0,0,0,train
segunda_revision,RRYR,2020-06-02_09_53_30,61,RRYR_2020-06-02_09_53_30_61.wav,1wst5vi9uwAqJp6pSROmCK4aWTxqSEfBQ,Prolongation,1,False,0,0,0,0,1,0,2361407,2409407,0,0,0,0,0,0,train
segunda_revision,RRYR,2020-06-02_09_53_45,7,RRYR_2020-06-02_09_53_45_7.wav,1plRp0CJrkMyoRXeWfFjOv7wHfZN3Rmcn,NoStutteredWords,1,False,0,0,0,0,0,1,425040,473040,0,0,0,0,0,0,train
segunda_revision,RRYR,2020-06-02_09_53_45,18,RRYR_2020-06-02_09_53_45_18.wav,1q6KUc_ZFHkLZHC0ZmNxXJ5_6JMeI_lBC,SoundRep,1,False,0,0,0,1,0,0,868922,916922,0,0,0,0,0,0,train
segunda_revision,RRYR,2020-06-02_09_53_45,39,RRYR_2020-06-02_09_53_45_39.wav,1ppRowcVOnnSBgrZQQQomBJ_2E-PC82Iq,SoundRep,1,False,0,0,0,1,0,0,1756150,1804150,0,0,0,0,0,0,train
segunda_revision,RRYR,2020-06-02_09_53_45,40,RRYR_2020-06-02_09_53_45_40.wav,1nX_9pmWFatRgJ9rxkAHtW5ZXrH9Eeez_,SoundRep,1,False,0,0,0,1,0,0,1770656,1818656,0,0,0,0,0,0,train
segunda_revision,RRYR,2020-06-02_09_53_45,44,RRYR_2020-06-02_09_53_45_44.wav,1owmVctPBDlYrcPvv0BW_nBYxH_l0thhM,NoStutteredWords,1,False,0,0,0,0,0,1,1878265,1926265,0,0,0,0,0,0,train
segunda_revision,RRYR,2020-06-02_09_53_45,49,RRYR_2020-06-02_09_53_45_49.wav,1sv1xLCDQ5qZvTloBONR8mT85qO4xKqoR,Block,2,False,0,0,1,1,0,0,2055584,2103584,0,0,0,0,0,0,train
segunda_revision,RRYR,2020-06-02_09_53_45,50,RRYR_2020-06-02_09_53_45_50.wav,1p1-b7b8XzEqEn8CY2wvAIVcch3rsAKZ7,NoStutteredWords,1,False,0,0,0,0,0,1,2067757,2115757,0,0,0,0,0,0,train
segunda_revision,RRYR,2020-06-02_09_53_45,61,RRYR_2020-06-02_09_53_45_61.wav,1su4WU8cjkg2Q8wKEuRZJatkoWFrlQKxB,NoStutteredWords,1,False,0,0,0,0,0,1,2426582,2474582,0,0,0,1,0,0,train
segunda_revision,RRYR,2020-06-02_09_53_45,63,RRYR_2020-06-02_09_53_45_63.wav,1r6WVj-E90c87oUQPR8V2u37XsZxPvRo4,NoStutteredWords,1,False,0,0,0,0,0,1,2480170,2528170,0,0,0,0,0,0,train
segunda_revision,RRYR,2020-06-02_09_53_45,64,RRYR_2020-06-02_09_53_45_64.wav,1p_tQQbTeAlGCMDGeiGNz4YBNiQHyaAwZ,NoStutteredWords,1,False,0,0,0,0,0,1,2519747,2567747,0,0,0,0,0,0,train
segunda_revision,RRYR,2020-06-02_09_53_45,66,RRYR_2020-06-02_09_53_45_66.wav,1rT42fWFwaFRY6IzCaJ74-4jE6FlNlDu7,NoStutteredWords,1,False,0,0,0,0,0,1,2622018,2670018,0,0,0,0,0,0,train
segunda_revision,RRYR,2020-06-02_09_53_45,73,RRYR_2020-06-02_09_53_45_73.wav,1pjk3zjJoYBqbsAuqFaAsuv6nSOt0LTyy,NoStutteredWords,1,False,0,0,0,0,0,1,2911314,2959314,0,0,0,0,0,0,train
segunda_revision,RRYR,2020-06-02_09_53_45,74,RRYR_2020-06-02_09_53_45_74.wav,1rmXPcrSVLe7HLkHwraoiUGC2Gtp6v0Ka,NoStutteredWords,1,False,0,0,0,0,0,1,2969470,3017470,0,0,0,0,0,0,train
segunda_revision,RRYR,2020-06-02_09_53_51,6,RRYR_2020-06-02_09_53_51_6.wav,1uwnqE8wv67yFrB8dgX9GzZfQdTecs9rK,NoStutteredWords,1,False,0,0,0,0,0,1,224868,272868,0,0,0,1,0,0,train
segunda_revision,RRYR,2020-06-02_09_53_51,11,RRYR_2020-06-02_09_53_51_11.wav,1u-UzVjDZJLIOLXgkRwwRfb3ARmj5fmxI,Block,1,False,0,0,1,0,0,0,378094,426094,0,0,0,0,0,0,train
segunda_revision,RRYR,2020-06-02_09_53_51,17,RRYR_2020-06-02_09_53_51_17.wav,1vSWxIV5WztB_zhlApie5cGcRMVp5Mkho,NoStutteredWords,1,False,0,0,0,0,0,1,697478,745478,0,0,0,0,0,0,train
segunda_revision,RRYR,2020-06-02_09_53_51,19,RRYR_2020-06-02_09_53_51_19.wav,1uGtz2XkjEtDpvOASIMTTJbxAeK-mQI5U,NoStutteredWords,1,False,0,0,0,0,0,1,780771,828771,0,0,0,1,0,0,train
segunda_revision,RRYR,2020-06-02_09_53_51,24,RRYR_2020-06-02_09_53_51_24.wav,1wUh6mCA554WRMzWv6iSKFWGNkYyAzMc7,NoStutteredWords,1,False,0,0,0,0,0,1,975802,1023802,0,0,0,0,0,0,train
segunda_revision,RRYR,2020-06-02_09_53_51,37,RRYR_2020-06-02_09_53_51_37.wav,1yI3jrK_feR2B6jBNdFiN0tdvypopz5l0,Prolongation,1,False,0,0,0,0,1,0,1530992,1578992,0,0,0,0,0,0,train
segunda_revision,RRYR,2020-06-02_09_53_51,41,RRYR_2020-06-02_09_53_51_41.wav,1yNAu5wwcgkP3rKngqSRm-Dy3236N4abn,NoStutteredWords,1,False,0,0,0,0,0,1,1662742,1710742,0,0,0,0,0,0,train
segunda_revision,RRYR,2020-06-02_09_53_51,58,RRYR_2020-06-02_09_53_51_58.wav,1u1jBxyiutsHRy97tUt_wmn6Fg0Uo22DK,Prolongation,1,False,0,0,0,0,1,0,2373015,2421015,0,0,0,0,0,0,train
segunda_revision,RRYR,2020-06-02_09_53_51,68,RRYR_2020-06-02_09_53_51_68.wav,1u5yBDipTBlMWnPpTfYnJWl0EhSI_LR8n,Prolongation,1,False,0,0,0,0,1,0,2811432,2859432,0,0,0,0,0,0,train
segunda_revision,RRYR,2020-06-02_09_53_51,69,RRYR_2020-06-02_09_53_51_69.wav,1xHOyD9w5fFH40EjDkBXTedQYn2oq6hXd,Block,2,False,0,0,1,0,1,0,2840562,2888562,0,0,0,0,0,0,train
segunda_revision,RRYR,2020-06-02_09_53_51,78,RRYR_2020-06-02_09_53_51_78.wav,1waHvnHM2o3p5HA8s0RHPsYKe1Qo_24mF,NoStutteredWords,1,False,0,0,0,0,0,1,3107231,3155231,0,0,0,1,0,0,train
segunda_revision,RRYR,2020-06-02_09_53_58,16,RRYR_2020-06-02_09_53_58_16.wav,1YDJhcTR6KZdk1nwKpMgVBFau2BH6AuVv,Prolongation,1,False,0,0,0,0,1,0,769752,817752,0,0,0,0,0,0,train
segunda_revision,RRYR,2020-06-02_09_53_58,20,RRYR_2020-06-02_09_53_58_20.wav,1VxhqOpuJARmVb42tZ3_J8I3KgUGaiTWu,WordRep,1,False,0,1,0,0,0,0,937483,985483,0,0,0,0,0,0,train
segunda_revision,RRYR,2020-06-02_09_53_58,27,RRYR_2020-06-02_09_53_58_27.wav,1WhlEe6cUndmo5Qd9v80dipn0uuwWgLzz,NoStutteredWords,1,False,0,0,0,0,0,1,1219130,1267130,0,0,0,1,0,0,train
segunda_revision,RRYR,2020-06-02_09_53_58,32,RRYR_2020-06-02_09_53_58_32.wav,1_wE5dNV_918Fj5jUQcLiQ5fBlfRRPVjZ,NoStutteredWords,1,False,0,0,0,0,0,1,1360848,1408848,0,0,0,0,0,0,train
segunda_revision,RRYR,2020-06-02_09_53_58,41,RRYR_2020-06-02_09_53_58_41.wav,1XPIWDL2i4xKMTo_7RH6ItutTpfr2MMxX,NoStutteredWords,1,False,0,0,0,0,0,1,1735325,1783325,0,0,0,0,0,0,train
segunda_revision,RRYR,2020-06-02_09_53_58,52,RRYR_2020-06-02_09_53_58_52.wav,1Xw18ztBGYvknnZEugf--hb3PLayZNXF_,SoundRep,1,False,0,0,0,1,0,0,2123145,2171145,0,0,0,0,0,0,train
segunda_revision,RRYR,2020-06-02_09_53_58,59,RRYR_2020-06-02_09_53_58_59.wav,1Zma77qRGusJvJ4lVYNq0yz1dq36liM0Q,NoStutteredWords,1,False,0,0,0,0,0,1,2399440,2447440,0,0,0,0,0,0,train
segunda_revision,RRYR,2020-06-02_09_53_58,63,RRYR_2020-06-02_09_53_58_63.wav,1XovvmyptIuEWPeX-2-Q255dmMG8rD_zM,NoStutteredWords,1,False,0,0,0,0,0,1,2613908,2661908,0,0,0,1,0,0,train
segunda_revision,RRYR,2020-06-02_09_53_58,72,RRYR_2020-06-02_09_53_58_72.wav,1__a9UMqG7Ap_bYUPFAOvNgsMzKEiQVCb,NoStutteredWords,1,False,0,0,0,0,0,1,3083109,3131109,0,0,0,0,0,0,train
segunda_revision,RRYR,2020-06-02_09_54_06,6,RRYR_2020-06-02_09_54_06_6.wav,1dp3lckNAkthxN5NVauZvR4viygKhFElc,NoStutteredWords,1,False,0,0,0,0,0,1,224492,272492,0,0,0,1,0,0,train
segunda_revision,RRYR,2020-06-02_09_54_06,18,RRYR_2020-06-02_09_54_06_18.wav,1dQhyMnFOZlpNZkv45iAWCJNqGAESR5J2,Block,1,False,0,0,1,0,0,0,683137,731137,0,0,0,0,0,0,train
segunda_revision,RRYR,2020-06-02_09_54_06,22,RRYR_2020-06-02_09_54_06_22.wav,1coioPOWuRoeYguHllIbfAtoe4-U2Qza0,NoStutteredWords,1,False,0,0,0,0,0,1,847447,895447,0,0,0,1,0,0,train
segunda_revision,RRYR,2020-06-02_09_54_06,34,RRYR_2020-06-02_09_54_06_34.wav,1dxwzL49VCA2kJPrKI9gfKcHwAg7euNHu,Prolongation,1,False,0,0,0,0,1,0,1347742,1395742,0,0,0,0,0,0,train
segunda_revision,RRYR,2020-06-02_09_54_06,56,RRYR_2020-06-02_09_54_06_56.wav,1daFeKp-20HmmRqd3ftytTDZzv4BsE44A,NoStutteredWords,1,False,0,0,0,0,0,1,2151012,2199012,0,0,0,1,0,0,train
segunda_revision,RRYR,2020-06-02_09_54_06,57,RRYR_2020-06-02_09_54_06_57.wav,1g5my1opLFGWISWJvrCx7ytyLFGd-4Xls,NoStutteredWords,1,False,0,0,0,0,0,1,2172431,2220431,0,0,0,0,0,0,train
segunda_revision,RRYR,2020-05-27_05_03_00,10,RRYR_2020-05-27_05_03_00_10.wav,1owk3GFqpKBZojDh5yA_I1e72u-JxreV6,NoStutteredWords,1,False,0,0,0,0,0,1,437992,485992,0,0,0,0,0,0,train
segunda_revision,RRYR,2020-05-27_05_03_00,14,RRYR_2020-05-27_05_03_00_14.wav,1qVR-5R_NXNbGKiZJsS6PnIyPd0nz-K9q,Prolongation,1,False,0,0,0,0,1,0,679155,727155,0,0,0,0,0,0,train
segunda_revision,RRYR,2020-05-27_05_03_00,23,RRYR_2020-05-27_05_03_00_23.wav,1p5nquFtLjE5YO7CBT0q4RyourL6WOOuE,NoStutteredWords,1,False,0,0,0,0,0,1,962751,1010751,0,0,0,1,0,0,train
segunda_revision,RRYR,2020-05-27_05_03_00,25,RRYR_2020-05-27_05_03_00_25.wav,1pgZ7IflgmcBO5RF9khNF1C885fuDWHC1,Block,2,False,0,0,1,0,1,0,1104154,1152154,0,0,0,0,0,0,train
segunda_revision,RRYR,2020-05-27_05_03_00,29,RRYR_2020-05-27_05_03_00_29.wav,1q5OIZJEaDJYaorN7oP7UGIQYVuPIjg2P,Prolongation,1,False,0,0,0,0,1,0,1257974,1305974,0,0,0,0,0,0,train
segunda_revision,RRYR,2020-05-27_05_03_00,30,RRYR_2020-05-27_05_03_00_30.wav,1osWx5mzm4poVhSFPKSfakQU3pjcnTyKq,NoStutteredWords,1,False,0,0,0,0,0,1,1309942,1357942,0,0,0,0,0,0,train
segunda_revision,RRYR,2020-05-27_05_03_00,37,RRYR_2020-05-27_05_03_00_37.wav,1siwbXfPG5u79Sbvfw0BIrUdcckZWH77G,Prolongation,1,False,0,0,0,0,1,0,1661138,1709138,0,0,0,0,0,0,train
segunda_revision,RRYR,2020-05-27_05_03_00,38,RRYR_2020-05-27_05_03_00_38.wav,1spALSev-rd8VwzgRHU_SH-3_g-0K_QTE,NoStutteredWords,1,False,0,0,0,0,0,1,1699232,1747232,0,0,0,1,0,0,train
segunda_revision,RRYR,2020-05-27_05_03_00,49,RRYR_2020-05-27_05_03_00_49.wav,1rvAELRD2Kkp-A_pFjxV9K07UYIAuxeli,NoStutteredWords,1,False,0,0,0,0,0,1,2047193,2095193,0,0,0,1,0,0,train
segunda_revision,RRYR,2020-05-27_05_03_00,60,RRYR_2020-05-27_05_03_00_60.wav,1okRaXF49Ch49sudW0gYnSfQVxCDTUWr3,Prolongation,1,False,0,0,0,0,1,0,2545699,2593699,0,0,0,0,0,0,train
segunda_revision,RRYR,2020-05-27_05_06_19,10,RRYR_2020-05-27_05_06_19_10.wav,11itqVlvnzBCTTh37hxCY2dLcYvry9aDB,Prolongation,1,False,0,0,0,0,1,0,364518,412518,0,0,0,0,0,0,train
segunda_revision,RRYR,2020-05-27_05_06_19,21,RRYR_2020-05-27_05_06_19_21.wav,111nU_RrBgdRi3IevDlE8bJvvJ6bAYbYK,NoStutteredWords,1,False,0,0,0,0,0,1,664595,712595,0,0,0,1,0,0,train
segunda_revision,RRYR,2020-05-27_05_06_19,23,RRYR_2020-05-27_05_06_19_23.wav,12-uJdhf3jkTZH6dqoc1FXGPJsqO_DX_w,SoundRep,2,False,0,0,0,1,1,0,750096,798096,0,0,0,0,0,0,train
segunda_revision,RRYR,2020-05-27_05_06_19,27,RRYR_2020-05-27_05_06_19_27.wav,141_ToYNKzJ50kw24PBdkqB-t9u6U9aqW,SoundRep,1,False,0,0,0,1,0,0,1084631,1132631,0,0,0,0,0,0,train
segunda_revision,RRYR,2020-05-27_05_06_19,36,RRYR_2020-05-27_05_06_19_36.wav,11lPQ-swjL5o44pnPYKTUHOtD_y-_QH_j,SoundRep,1,False,0,0,0,1,0,0,1430949,1478949,0,0,0,0,0,0,train
segunda_revision,RRYR,2020-05-27_05_06_19,37,RRYR_2020-05-27_05_06_19_37.wav,10kZav3FUCRKTv67rqjJ5b8VLKdEsukzX,NoStutteredWords,1,False,0,0,0,0,0,1,1475449,1523449,0,0,0,0,0,0,train
segunda_revision,RRYR,2020-05-27_05_06_19,42,RRYR_2020-05-27_05_06_19_42.wav,14HOYfXtbZgSYQJ1rV3w7Z8PR_ycxFqAE,NoStutteredWords,1,False,0,0,0,0,0,1,1702067,1750067,0,0,0,0,0,0,train
segunda_revision,RRYR,2020-05-27_05_06_19,50,RRYR_2020-05-27_05_06_19_50.wav,12z_PZNCJoNdihZ03bvgsFnjCjB6pfSIE,NoStutteredWords,1,False,0,0,0,0,0,1,2124639,2172639,0,0,0,0,0,0,train
segunda_revision,RRYR,2020-05-27_05_06_19,53,RRYR_2020-05-27_05_06_19_53.wav,11cWI_O7F1OsrNHjDPz7bUjL1_G71UEBf,Prolongation,1,False,0,0,0,0,1,0,2289401,2337401,0,0,0,0,0,0,train
segunda_revision,RRYR,2020-05-27_05_06_19,57,RRYR_2020-05-27_05_06_19_57.wav,11KOVuXcEcGR8K7m86Bjju62mll2FwWx0,NoStutteredWords,1,False,0,0,0,0,0,1,2466744,2514744,0,0,0,0,0,0,train
segunda_revision,RRYR,2020-05-27_05_10_14,1,RRYR_2020-05-27_05_10_14_1.wav,1QhpNXX70XqY67ExKEULhrOYy6OCbyar2,SoundRep,1,False,0,0,0,1,0,0,59161,107161,0,0,0,0,0,0,train
segunda_revision,RRYR,2020-05-27_05_10_14,2,RRYR_2020-05-27_05_10_14_2.wav,1RCuJwHc1VH1TFbrmljxDd9RyeCYwBMCY,SoundRep,1,False,0,0,0,1,0,0,76393,124393,0,0,0,0,0,0,train
segunda_revision,RRYR,2020-05-27_05_10_14,12,RRYR_2020-05-27_05_10_14_12.wav,1UHUgTV8oh3UX7xzMF5ac7hwaCtheTOFa,Prolongation,1,False,0,0,0,0,1,0,579602,627602,0,0,0,0,0,0,train
segunda_revision,RRYR,2020-05-27_05_10_14,24,RRYR_2020-05-27_05_10_14_24.wav,1TAD_HvMpj77ofzenzNC6Mmxi-wD51Bnn,Prolongation,1,False,0,0,0,0,1,0,1054823,1102823,0,0,0,0,0,0,train
segunda_revision,RRYR,2020-05-27_05_10_14,33,RRYR_2020-05-27_05_10_14_33.wav,1Sh368oaVA4BqTL1nxXTUlWKTi4Mm7CuO,Interjection,2,False,1,1,0,0,0,0,1409757,1457757,0,0,0,0,0,0,train
segunda_revision,RRYR,2020-05-27_05_13_12,1,RRYR_2020-05-27_05_13_12_1.wav,1EiN76w-n9iC83kHAxKRel8gUPGd2OmRH,Prolongation,1,False,0,0,0,0,1,0,39910,87910,0,0,0,0,0,0,train
segunda_revision,RRYR,2020-05-27_05_13_12,11,RRYR_2020-05-27_05_13_12_11.wav,1F3SVNNtnFATfAKOb5pa151zLZKcIUMeV,Block,1,False,0,0,1,0,0,0,352531,400531,0,0,0,0,0,0,train
segunda_revision,RRYR,2020-05-27_05_13_12,14,RRYR_2020-05-27_05_13_12_14.wav,1GcSQtmosEBZzsG5uns6qv2yfP3gpBOzU,Prolongation,1,False,0,0,0,0,1,0,446120,494120,0,0,0,0,0,0,train
segunda_revision,RRYR,2020-05-27_05_13_12,33,RRYR_2020-05-27_05_13_12_33.wav,1EvrdQCSYTqOLONZeR0ONdqeZdvg3uMgx,SoundRep,1,False,0,0,0,1,0,0,1255585,1303585,0,0,0,0,0,0,train
segunda_revision,RRYR,2020-05-27_05_13_12,48,RRYR_2020-05-27_05_13_12_48.wav,1IL6LiLpdQOjxO4zHBEApGBWe8O9Mnd2l,NoStutteredWords,1,False,0,0,0,0,0,1,1792746,1840746,0,0,0,0,0,0,train
segunda_revision,RRYR,2020-05-27_05_13_12,50,RRYR_2020-05-27_05_13_12_50.wav,1Gza1l3lOE095v32DxzdUkUU6WIa8W-6M,NoStutteredWords,1,False,0,0,0,0,0,1,1961597,2009597,0,0,0,1,0,0,train
segunda_revision,RRYR,2020-05-27_05_13_12,54,RRYR_2020-05-27_05_13_12_54.wav,1EprppGNkh9-L7xXOhd1MvrzIxDeKBmDa,NoStutteredWords,1,False,0,0,0,0,0,1,2065651,2113651,0,0,0,0,0,0,train
segunda_revision,RRYR,2020-05-27_05_13_12,56,RRYR_2020-05-27_05_13_12_56.wav,1FULKLAa0j6Nw2uwTME2VYZWCEaslFAAh,NoStutteredWords,1,False,0,0,0,0,0,1,2179269,2227269,0,0,0,0,0,0,train
segunda_revision,RRYR,2020-05-27_05_13_12,58,RRYR_2020-05-27_05_13_12_58.wav,1H4Xc1cs9WFJKDDUyosWhrZWsnNQ-ysGC,SoundRep,1,False,0,0,0,1,0,0,2254614,2302614,0,0,0,0,0,0,train
segunda_revision,RRYR,2020-05-27_05_13_12,60,RRYR_2020-05-27_05_13_12_60.wav,1Hgza5ZS15QTH-ByYJDkTF8yZ_519bkYA,NoStutteredWords,1,False,0,0,0,0,0,1,2424622,2472622,0,0,0,0,0,0,train
segunda_revision,RRYR,2020-05-27_05_13_12,62,RRYR_2020-05-27_05_13_12_62.wav,1EXR2Ca3JYC_KBmvpBvLoX5IIlJzr_vyp,Prolongation,1,False,0,0,0,0,1,0,2472569,2520569,0,0,0,0,0,0,train
segunda_revision,RRYR,2020-05-27_05_13_12,64,RRYR_2020-05-27_05_13_12_64.wav,1EYgqRRpNV_8XZU26Uwa1kTbg822YD6dE,Prolongation,1,False,0,0,0,0,1,0,2552431,2600431,0,0,0,0,0,0,train
segunda_revision,RRYR,2020-05-27_05_13_12,71,RRYR_2020-05-27_05_13_12_71.wav,1GQV_bKYzIdlfbbOE5ukwobZrcsb0O3Xv,Prolongation,1,False,0,0,0,0,1,0,2962432,3010432,0,0,0,0,0,0,train
segunda_revision,RRYR,2020-05-27_05_13_12,72,RRYR_2020-05-27_05_13_12_72.wav,1Ei2x4EPqz36_76OstsrKJij_CafQA8as,Prolongation,1,False,0,0,0,0,1,0,3006304,3054304,0,0,0,0,0,0,train
segunda_revision,RRYR,2020-05-27_05_19_09,5,RRYR_2020-05-27_05_19_09_5.wav,1DqFOoaNvYaj2fXBCq5McIWMiCnStEzei,Block,2,False,0,0,1,0,1,0,276541,324541,0,0,0,0,0,0,train
segunda_revision,RRYR,2020-05-27_05_19_09,6,RRYR_2020-05-27_05_19_09_6.wav,1EKUZx8GcqABhxkQgPijEO7sIZGIm8kL6,Prolongation,1,False,0,0,0,0,1,0,305848,353848,0,0,0,0,0,0,train
segunda_revision,RRYR,2020-05-27_05_19_09,8,RRYR_2020-05-27_05_19_09_8.wav,1E_fKDdho5r5jA9-QwatWzvHFQ1BFKIOz,Prolongation,1,False,0,0,0,0,1,0,417796,465796,0,0,0,0,0,0,train
segunda_revision,RRYR,2020-05-27_05_19_09,16,RRYR_2020-05-27_05_19_09_16.wav,1EmmFNGMtvESLdh3JGN5IIYPUYNSVnvsC,NoStutteredWords,1,False,0,0,0,0,0,1,818954,866954,0,0,0,0,0,0,train
segunda_revision,RRYR,2020-05-27_05_19_09,23,RRYR_2020-05-27_05_19_09_23.wav,1FM8xh5ENiAHtijN4vSlIBIvIhqXMayKM,Prolongation,1,False,0,0,0,0,1,0,1147354,1195354,0,0,0,0,0,0,train
segunda_revision,RRYR,2020-05-27_05_19_09,28,RRYR_2020-05-27_05_19_09_28.wav,1EN06Ur6zvxMVSvku9H04LmDuDlyg97th,NoStutteredWords,1,False,0,0,0,0,0,1,1546433,1594433,0,0,0,1,0,0,train
segunda_revision,RRYR,2020-05-27_05_19_09,31,RRYR_2020-05-27_05_19_09_31.wav,1ERKk-lEBxMqtWquaUm4GM30XcQQHF8BJ,WordRep,1,False,0,1,0,0,0,0,1631551,1679551,0,0,0,0,0,0,train
segunda_revision,RRYR,2020-05-27_05_19_09,32,RRYR_2020-05-27_05_19_09_32.wav,1FOZq57a2CNo7D5ttujt-ubnNx6ev1vV8,NoStutteredWords,1,False,0,0,0,0,0,1,1739702,1787702,0,0,0,0,0,0,train
segunda_revision,RRYR,2020-05-27_05_22_19,5,RRYR_2020-05-27_05_22_19_5.wav,1gfsiUt-PC9aFxAyMtu4ktJqczkGGFrWW,NoStutteredWords,1,False,0,0,0,0,0,1,294707,342707,0,0,0,0,0,0,train
segunda_revision,RRYR,2020-05-27_05_22_19,9,RRYR_2020-05-27_05_22_19_9.wav,1g9FACNxNo-li3ECmjW5sjyBAFQLN15Mx,Prolongation,1,False,0,0,0,0,1,0,514093,562093,0,0,0,0,0,0,train
segunda_revision,RRYR,2020-05-27_05_22_19,20,RRYR_2020-05-27_05_22_19_20.wav,1hSAcp1a0QSEYxKjLFjMvHeiIp4DDBaAM,SoundRep,1,False,0,0,0,1,0,0,852762,900762,0,0,0,0,0,0,train
segunda_revision,RRYR,2020-05-27_05_22_19,30,RRYR_2020-05-27_05_22_19_30.wav,1fj5zIhUXVbPoxmizs2fUrPhtmCmWYE8q,NoStutteredWords,1,False,0,0,0,0,0,1,1244289,1292289,0,0,0,0,0,0,train
segunda_revision,RRYR,2020-05-27_05_22_19,40,RRYR_2020-05-27_05_22_19_40.wav,1h5DTidqQW80yXsgxymxHRBboTt1vmei1,NoStutteredWords,1,False,0,0,0,0,0,1,1674633,1722633,0,0,0,0,0,0,train
segunda_revision,RRYR,2020-05-27_05_22_19,42,RRYR_2020-05-27_05_22_19_42.wav,1gD7pvDrNYSM0VFrRCOYbzPHlM9i1EMnG,Block,1,False,0,0,1,0,0,0,1761730,1809730,0,0,0,0,0,0,train
segunda_revision,RRYR,2020-05-27_05_22_19,44,RRYR_2020-05-27_05_22_19_44.wav,1h35LLkCLylyFRrLY8aqd58ytkNjArwFx,Prolongation,1,False,0,0,0,0,1,0,1898392,1946392,0,0,0,0,0,0,train
segunda_revision,RRYR,2020-05-27_05_22_19,45,RRYR_2020-05-27_05_22_19_45.wav,1gyojxPgMwhTuKMgDeMoUX4D2ybK19bYT,Prolongation,1,False,0,0,0,0,1,0,1923269,1971269,0,0,0,0,0,0,train
segunda_revision,RRYR,2020-05-27_05_22_19,47,RRYR_2020-05-27_05_22_19_47.wav,1gizWjDnbBD7QRyaDa46vl2oHZ-e2wXFP,NoStutteredWords,1,False,0,0,0,0,0,1,2026321,2074321,0,0,0,0,0,0,train
segunda_revision,RRYR,2020-05-27_05_28_46,15,RRYR_2020-05-27_05_28_46_15.wav,1pYiAWQTojhGqePadNs-QO_lt_Nz26ilv,NoStutteredWords,1,False,0,0,0,0,0,1,685420,733420,0,0,0,0,0,0,train
segunda_revision,RRYR,2020-05-27_05_28_46,23,RRYR_2020-05-27_05_28_46_23.wav,1sp-ykDEdyH4Y_YDFq2m2Mxre0P7-K5sG,NoStutteredWords,1,False,0,0,0,0,0,1,976619,1024619,0,0,0,0,0,0,train
segunda_revision,RRYR,2020-05-27_05_28_46,31,RRYR_2020-05-27_05_28_46_31.wav,1qN57mq1NTldUuKl9i3hXc_Wt9DJk0ibi,SoundRep,1,False,0,0,0,1,0,0,1281863,1329863,0,0,0,0,0,0,train
segunda_revision,RRYR,2020-05-27_05_28_46,32,RRYR_2020-05-27_05_28_46_32.wav,1tOu0BPQP44v6Wne9_peiGGZuoc9S4jbV,Block,2,False,0,0,1,0,1,0,1334411,1382411,0,0,0,0,0,0,train
segunda_revision,RRYR,2020-05-27_05_28_46,38,RRYR_2020-05-27_05_28_46_38.wav,1suabo__fz1hr5z-eToA7zZzdDRz1fNtr,Block,1,False,0,0,1,0,0,0,1508860,1556860,0,0,0,0,0,0,train
segunda_revision,RRYR,2020-05-27_05_28_46,44,RRYR_2020-05-27_05_28_46_44.wav,1qhX1gOb_4aGIyJ2deNVZOdqwgMRh0fYO,NoStutteredWords,1,False,0,0,0,0,0,1,1730164,1778164,0,0,0,0,0,0,train
segunda_revision,RRYR,2020-05-27_05_28_46,49,RRYR_2020-05-27_05_28_46_49.wav,1pmRnEStIhTZXmkka6dZ9_ZlaezymNox6,WordRep,1,False,0,1,0,0,0,0,1952527,2000527,0,0,0,0,0,0,train
segunda_revision,RRYR,2020-05-27_05_28_46,55,RRYR_2020-05-27_05_28_46_55.wav,1qP3A9n5Rp9ThdXA8YrmNEzYkhTIGNiU4,Prolongation,1,False,0,0,0,0,1,0,2295214,2343214,0,0,0,0,0,0,train
segunda_revision,RRYR,2020-05-27_05_34_14,5,RRYR_2020-05-27_05_34_14_5.wav,1wvHx8J6BPYXcEe6jL-BJ4DGxsQRe0RBl,NoStutteredWords,1,False,0,0,0,0,0,1,375234,423234,0,0,0,0,0,0,train
segunda_revision,RRYR,2020-05-27_05_34_14,8,RRYR_2020-05-27_05_34_14_8.wav,1uZfhFPHtn42deRH41aDbXO8RFRDiJrCZ,SoundRep,1,False,0,0,0,1,0,0,548331,596331,0,0,0,0,0,0,train
segunda_revision,RRYR,2020-05-27_05_34_14,9,RRYR_2020-05-27_05_34_14_9.wav,1vtrNgk0XbEwhh0wAsZ_gTRKCvTvfiTpR,NoStutteredWords,1,False,0,0,0,0,0,1,627619,675619,0,0,0,1,0,0,train
segunda_revision,RRYR,2020-05-27_05_34_14,10,RRYR_2020-05-27_05_34_14_10.wav,1x4K4rnbJr2jEuoY5zFaBiZAuHaKSyYRz,SoundRep,1,False,0,0,0,1,0,0,701533,749533,0,0,0,0,0,0,train
segunda_revision,RRYR,2020-05-27_05_34_14,20,RRYR_2020-05-27_05_34_14_20.wav,1uKcsk7xHvFND6LtBi1BLieXlLrhmzzUa,Block,1,False,0,0,1,0,0,0,1112996,1160996,0,0,0,0,0,0,train
segunda_revision,RRYR,2020-05-27_05_34_14,27,RRYR_2020-05-27_05_34_14_27.wav,1vqonpptJ0GuzldIv7RPS8Q6ps5TJswET,WordRep,2,False,0,1,0,0,1,0,1337910,1385910,0,0,0,0,0,0,train
segunda_revision,RRYR,2020-05-27_05_40_15,2,RRYR_2020-05-27_05_40_15_2.wav,1XYXwiJrvrgbkQdaG5o8CAK0fjBRGe4Kn,NoStutteredWords,1,False,0,0,0,0,0,1,88335,136335,0,0,0,0,0,0,train
segunda_revision,RRYR,2020-05-27_05_40_15,13,RRYR_2020-05-27_05_40_15_13.wav,1_9ibsLkUmaDr5N2rIhMijqTrfwwUh9Q3,SoundRep,1,False,0,0,0,1,0,0,510020,558020,0,0,0,0,0,0,train
segunda_revision,RRYR,2020-05-27_05_40_15,18,RRYR_2020-05-27_05_40_15_18.wav,1Ylzo3V7NKv8SklICNvMBRIcDxH0Ohdbw,NoStutteredWords,1,False,0,0,0,0,0,1,614232,662232,0,0,0,0,0,0,train
segunda_revision,RRYR,2020-05-27_05_40_15,23,RRYR_2020-05-27_05_40_15_23.wav,1ahNpiGdKcyY2IzYCnN6mAqnq5c7agsVj,NoStutteredWords,1,False,0,0,0,0,0,1,847792,895792,0,0,0,0,0,0,train
segunda_revision,RRYR,2020-05-27_05_40_15,24,RRYR_2020-05-27_05_40_15_24.wav,1ZqbhlBdDBfEwv5HIaAS46XzowTYULYXO,NoStutteredWords,1,False,0,0,0,0,0,1,896320,944320,0,0,0,1,0,0,train
segunda_revision,RRYR,2020-05-27_05_40_15,27,RRYR_2020-05-27_05_40_15_27.wav,1bJ4DUcIYJhUHzvYYKJAMSroVCodt4UDh,NoStutteredWords,1,False,0,0,0,0,0,1,975215,1023215,0,0,0,0,0,0,train
segunda_revision,RRYR,2020-05-27_05_40_15,36,RRYR_2020-05-27_05_40_15_36.wav,1bkYLZrVNdMaK11geieFD_E9Yetzs7lNJ,Prolongation,1,False,0,0,0,0,1,0,1371770,1419770,0,0,0,0,0,0,train
segunda_revision,RRYR,2020-05-27_05_40_15,37,RRYR_2020-05-27_05_40_15_37.wav,1b6Kj7kiMbVozkUNjwNZbkuhe91RdIjTE,NoStutteredWords,1,False,0,0,0,0,0,1,1405398,1453398,0,0,0,0,0,0,train
segunda_revision,RRYR,2020-05-27_05_40_15,45,RRYR_2020-05-27_05_40_15_45.wav,1ZEq4oEAFGkCu5tiYplzkdOMrQfxXNaIW,Prolongation,1,False,0,0,0,0,1,0,1664859,1712859,0,0,0,0,0,0,train
segunda_revision,RRYR,2020-05-27_05_40_15,46,RRYR_2020-05-27_05_40_15_46.wav,1ZgWh2O23tiB_pcTsalZI0kzAunXYn5fx,NoStutteredWords,1,False,0,0,0,0,0,1,1689585,1737585,0,0,0,0,0,0,train
segunda_revision,RRYR,2020-05-27_05_40_15,54,RRYR_2020-05-27_05_40_15_54.wav,1XXW_EQQzFRbNYwyh7BntKUopyVuH7jh8,SoundRep,2,False,0,0,0,1,1,0,1954368,2002368,0,0,0,0,0,0,train
segunda_revision,RRYR,2020-05-27_05_40_15,60,RRYR_2020-05-27_05_40_15_60.wav,1b6fcGdALS4zTy1FeKOteZsDdBSWUoaQp,NoStutteredWords,1,False,0,0,0,0,0,1,2099035,2147035,0,0,0,0,0,0,train
segunda_revision,RRYR,2020-05-27_05_40_15,69,RRYR_2020-05-27_05_40_15_69.wav,1ZFhfwXWxtJG0p1IrAOyzsJG57dK6VB-A,NoStutteredWords,1,False,0,0,0,0,0,1,2335107,2383107,0,0,0,0,0,0,train
segunda_revision,RRYR,2020-05-27_05_40_15,78,RRYR_2020-05-27_05_40_15_78.wav,1_uKmKTDl5pbFrvgGu0ZogwKT6GqdXUn_,NoStutteredWords,1,False,0,0,0,0,0,1,2634553,2682553,0,0,0,0,0,0,train
segunda_revision,RRYR,2020-05-27_05_44_38,9,RRYR_2020-05-27_05_44_38_9.wav,10beGPeuGmj3Z4DGcB0xz9SYLjeF231mc,NoStutteredWords,1,False,0,0,0,0,0,1,436858,484858,0,0,0,0,0,0,train
segunda_revision,RRYR,2020-05-27_05_44_38,14,RRYR_2020-05-27_05_44_38_14.wav,13-jwsfQquRLf9y1CHdIF8E9oS9PB45nk,Prolongation,1,False,0,0,0,0,1,0,643293,691293,0,0,0,0,0,0,train
segunda_revision,RRYR,2020-05-27_05_44_38,18,RRYR_2020-05-27_05_44_38_18.wav,112dSgyrxUvybP5G0XFT7kdQxwiLfvueA,Prolongation,1,False,0,0,0,0,1,0,837103,885103,0,0,0,0,0,0,train
segunda_revision,RRYR,2020-05-27_05_44_38,24,RRYR_2020-05-27_05_44_38_24.wav,12lXZviskTnNEbfYkRqKnlRuSqvMW_ttC,Prolongation,1,False,0,0,0,0,1,0,1149536,1197536,0,0,0,0,0,0,train
segunda_revision,RRYR,2020-05-27_05_44_38,31,RRYR_2020-05-27_05_44_38_31.wav,12gbhc-BIAdypwuRfAVFemnVgqCRJH2vs,NoStutteredWords,1,False,0,0,0,0,0,1,1414600,1462600,0,0,0,0,0,0,train
segunda_revision,RRYR,2020-05-27_05_44_38,39,RRYR_2020-05-27_05_44_38_39.wav,13Im9wQ_wp8O3PFWm84-nuD-G0kgCqBz-,NoStutteredWords,1,False,0,0,0,0,0,1,1633635,1681635,0,0,0,0,0,0,train
segunda_revision,RRYR,2020-05-27_05_44_38,43,RRYR_2020-05-27_05_44_38_43.wav,139JBpDQc9llOBEBLFNTDWoT6uPIbxTZb,Prolongation,1,False,0,0,0,0,1,0,1731470,1779470,0,0,0,0,0,0,train
segunda_revision,RRYR,2020-05-27_05_44_38,47,RRYR_2020-05-27_05_44_38_47.wav,114tfkmy6hmO2ScsnJiYoa4KMng7al_Kq,Prolongation,1,False,0,0,0,0,1,0,1841374,1889374,0,0,0,0,0,0,train
segunda_revision,RRYR,2020-05-27_05_44_38,50,RRYR_2020-05-27_05_44_38_50.wav,11GZ_GeTdN7l0ULlgJttQssW6stN8S720,Prolongation,1,False,0,0,0,0,1,0,1990624,2038624,0,0,0,0,0,0,train
segunda_revision,SSF,2020-05-28_02_37_08,4,SSF_2020-05-28_02_37_08_4.wav,11ln05uBcNqqjeyjm_B6RCyGj3QmdZIBg,NoStutteredWords,1,False,0,0,0,0,0,1,258407,306407,0,0,0,1,0,0,train
segunda_revision,SSF,2020-05-28_02_37_08,8,SSF_2020-05-28_02_37_08_8.wav,12lCcTq6Okewt1ltUy0XQSbZD-61eAzR7,WordRep,1,False,0,1,0,0,0,0,427664,475664,0,0,0,0,0,0,train
segunda_revision,SSF,2020-05-28_02_37_08,16,SSF_2020-05-28_02_37_08_16.wav,12IQhgIH_jANMV1S-tVSEJxb6Hey6Mo1I,Block,1,False,0,0,1,0,0,0,722221,770221,0,0,0,0,0,0,train
segunda_revision,SSF,2020-05-28_02_37_08,21,SSF_2020-05-28_02_37_08_21.wav,11a7cbJgvjx2g-CLxTy2W0b-qXPglj3wj,NoStutteredWords,1,False,0,0,0,0,0,1,851151,899151,0,0,0,0,0,0,train
segunda_revision,SSF,2020-05-28_02_37_08,39,SSF_2020-05-28_02_37_08_39.wav,10yMXxHuFb_pEsezjlRlxGmSf98UwRI_P,NoStutteredWords,1,False,0,0,0,0,0,1,1691918,1739918,0,0,0,0,0,0,train
segunda_revision,SSF,2020-05-28_02_37_08,41,SSF_2020-05-28_02_37_08_41.wav,12GEImtKpLkgg_pyFwk54bBhSIFfe5_7R,Block,1,False,0,0,1,0,0,0,1741773,1789773,0,0,0,0,0,0,train
segunda_revision,SSF,2020-05-28_02_37_08,42,SSF_2020-05-28_02_37_08_42.wav,12hE9lHFXffSoOhOCbTvrSX4cQ8BK3T-U,Block,1,False,0,0,1,0,0,0,1776237,1824237,0,0,0,0,0,0,train
segunda_revision,SSF,2020-05-28_02_37_16,9,SSF_2020-05-28_02_37_16_9.wav,1F7YhCgPpETAcbxjBhI2Y8lfIXbKXdaEo,Prolongation,1,False,0,0,0,0,1,0,405730,453730,0,0,0,0,0,0,train
segunda_revision,SSF,2020-05-28_02_37_16,10,SSF_2020-05-28_02_37_16_10.wav,1DESi8lYk9_x0mmKdiq04TiB2_dRa5_Xj,WordRep,2,False,0,1,0,0,1,0,500874,548874,0,0,0,0,0,0,train
segunda_revision,SSF,2020-05-28_02_37_16,29,SSF_2020-05-28_02_37_16_29.wav,18msp0l8RDLRtUuAs09eolbpWEJZ6XlKS,NoStutteredWords,1,False,0,0,0,0,0,1,1184938,1232938,0,0,0,0,0,0,train
segunda_revision,SSF,2020-05-28_02_37_16,44,SSF_2020-05-28_02_37_16_44.wav,1A4tn8ZDKOpJfbPA4v5lW8ENntWVi48bD,NoStutteredWords,1,False,0,0,0,0,0,1,1632971,1680971,0,0,0,0,0,0,train
segunda_revision,SSF,2020-05-28_02_37_16,53,SSF_2020-05-28_02_37_16_53.wav,18MXh-W2ETY7XuN6KaWqAVJN1TQBFe5bT,Prolongation,1,False,0,0,0,0,1,0,1960135,2008135,0,0,0,0,0,0,train
segunda_revision,SSF,2020-05-28_02_37_16,83,SSF_2020-05-28_02_37_16_83.wav,1Cua9MS-V3Tes-DtI6mee2xhfjG5r-2wN,NoStutteredWords,1,False,0,0,0,0,0,1,3112244,3160244,0,0,0,1,0,0,train
segunda_revision,SSF,2020-05-28_02_37_17,18,SSF_2020-05-28_02_37_17_18.wav,1rH9AkTH7Vi-5PoTvekOJCLurDx_13sEM,Prolongation,1,False,0,0,0,0,1,0,936124,984124,0,0,0,0,0,0,train
segunda_revision,SSF,2020-05-28_02_37_17,25,SSF_2020-05-28_02_37_17_25.wav,1sDxJZqCswB8sqEzfDnUQ1Ufhx4wzgDX4,Block,2,False,0,0,1,0,1,0,1222622,1270622,0,0,0,0,0,0,train
segunda_revision,SSF,2020-05-28_02_37_17,27,SSF_2020-05-28_02_37_17_27.wav,1st-ARkMXURyrX9EK9Xtaw2cxCBSeOn5X,Block,1,False,0,0,1,0,0,0,1281513,1329513,0,0,0,0,0,0,train
segunda_revision,SSF,2020-05-28_06_13_37,14,SSF_2020-05-28_06_13_37_14.wav,1ZJgRSSm1Uk4JK5Zw8ih0BHOsK_dH0DYv,SoundRep,1,False,0,0,0,1,0,0,614109,662109,0,0,0,0,0,0,train
segunda_revision,SSF,2020-05-28_06_13_37,20,SSF_2020-05-28_06_13_37_20.wav,1W-0zEoewNYn2RFW_8ySE3HenefbLeVch,NoStutteredWords,1,False,0,0,0,0,0,1,821068,869068,0,0,0,1,0,0,train
segunda_revision,SSF,2020-05-28_06_13_37,32,SSF_2020-05-28_06_13_37_32.wav,1ZLOnebcITiZ2gb_VPto88YuasjKZehdS,NoStutteredWords,1,False,0,0,0,0,0,1,1312505,1360505,0,0,0,0,0,0,train
segunda_revision,SSF,2020-05-28_06_13_38,4,SSF_2020-05-28_06_13_38_4.wav,1OvTJcTteP4aRhDwqWLp8yVEw0hsr1gcl,NoStutteredWords,1,False,0,0,0,0,0,1,226830,274830,0,0,0,0,0,0,train
segunda_revision,SSF,2020-05-28_06_13_38,6,SSF_2020-05-28_06_13_38_6.wav,1OPI_7gZUUXFAYMnxaQ6Ir6UhOMkH5M3z,NoStutteredWords,1,False,0,0,0,0,0,1,278686,326686,0,0,0,0,0,0,train
segunda_revision,SSF,2020-05-28_06_13_38,22,SSF_2020-05-28_06_13_38_22.wav,1P6ZI7YUVZKNEHikVu87pkAmBhcHWvSjz,NoStutteredWords,1,False,0,0,0,0,0,1,939258,987258,0,0,0,0,0,0,train
segunda_revision,SSF,2020-05-28_06_13_38,28,SSF_2020-05-28_06_13_38_28.wav,1Oi2JOdZkm6dhbtE85cZVuPqyWWp9gdNu,NoStutteredWords,1,False,0,0,0,0,0,1,1161581,1209581,0,0,0,0,0,0,train
segunda_revision,SSF,2020-05-28_06_13_38,33,SSF_2020-05-28_06_13_38_33.wav,1PPIZ-ZJAY4SAB5hkeYLoTdbNfcBQ0g5d,NoStutteredWords,1,False,0,0,0,0,0,1,1385547,1433547,0,0,0,1,0,0,train
segunda_revision,SSF,2020-05-28_06_13_38,37,SSF_2020-05-28_06_13_38_37.wav,1ObQUxAlf9H6-69NOb0EIx-6otsArZOnM,NoStutteredWords,1,False,0,0,0,0,0,1,1546921,1594921,0,0,0,0,0,0,train
segunda_revision,SSF,2020-05-28_06_13_38,43,SSF_2020-05-28_06_13_38_43.wav,1PLbXpJ8Ey3zE4Pg25VCfLlMg4yJOqcbD,SoundRep,1,False,0,0,0,1,0,0,1706994,1754994,0,0,0,0,0,0,train
segunda_revision,SSF,2020-05-28_06_13_38,48,SSF_2020-05-28_06_13_38_48.wav,1PkwwDS--jKa_cNGx96vUP28mxgRpSOJD,Block,1,False,0,0,1,0,0,0,1907121,1955121,0,0,0,0,0,0,train
segunda_revision,SSF,2020-05-28_06_14_02,25,SSF_2020-05-28_06_14_02_25.wav,1RIm0-qBnLztSrRNCn6gzSajWTyGrQ2X7,NoStutteredWords,1,False,0,0,0,0,0,1,1082485,1130485,0,0,0,1,0,0,train
segunda_revision,SSF,2020-05-28_06_14_02,40,SSF_2020-05-28_06_14_02_40.wav,1QmcVzZl7yKYAQdmSW1RJ-DRF10axO5qi,SoundRep,1,False,0,0,0,1,0,0,1822177,1870177,0,0,0,0,0,0,train
segunda_revision,SSF,2020-05-28_06_14_02,49,SSF_2020-05-28_06_14_02_49.wav,1RLUvoj3f5LZVw4tqK8nOFbxIDd7GyoEx,NoStutteredWords,1,False,0,0,0,0,0,1,2184755,2232755,0,0,0,0,0,0,train
segunda_revision,SSF,2020-05-28_06_14_03,15,SSF_2020-05-28_06_14_03_15.wav,1OXRK1-IZpafOCfW-Ii6GAEQ9Mcc1PCLR,NoStutteredWords,1,False,0,0,0,0,0,1,703524,751524,0,0,0,1,0,0,train
segunda_revision,SSF,2020-05-28_10_47_55,1,SSF_2020-05-28_10_47_55_1.wav,1ToTcrfVYH1KGZFWMjkcdZvV6EhrKGWHM,NoStutteredWords,1,False,0,0,0,0,0,1,87848,135848,0,0,0,0,0,0,train
segunda_revision,SSF,2020-05-28_10_47_55,2,SSF_2020-05-28_10_47_55_2.wav,1SWl4QNdB7aaSKY5Tq5iRiJ0N2FQuri5Z,NoStutteredWords,1,False,0,0,0,0,0,1,125473,173473,0,0,0,0,0,0,train
segunda_revision,SSF,2020-05-28_10_47_55,9,SSF_2020-05-28_10_47_55_9.wav,1Rhsegffrh-UgxNbiJJ8HhTmG4BuUgHo6,NoStutteredWords,1,False,0,0,0,0,0,1,559074,607074,0,0,0,0,0,0,train
segunda_revision,SSF,2020-05-28_10_47_55,12,SSF_2020-05-28_10_47_55_12.wav,1SlFKGRXbk6_54FqQ4f-wYal-F1uDgqO_,NoStutteredWords,1,False,0,0,0,0,0,1,713299,761299,0,0,0,0,0,0,train
segunda_revision,SSF,2020-05-28_10_47_55,13,SSF_2020-05-28_10_47_55_13.wav,1RkZqRoqQos9yB4MS44NSP1QJ8s9E54aB,NoStutteredWords,1,False,0,0,0,0,0,1,871398,919398,0,0,0,0,0,0,train
segunda_revision,SSF,2020-05-28_10_47_55,14,SSF_2020-05-28_10_47_55_14.wav,1S7sngNkdfQStFZmssyGjUUY7LbgFHypA,NoStutteredWords,1,False,0,0,0,0,0,1,921726,969726,0,0,0,1,0,0,train
segunda_revision,SSF,2020-05-28_10_47_55,18,SSF_2020-05-28_10_47_55_18.wav,1SHxlzrnv-PC8v8V70WETuGAVlae0DFLR,Prolongation,1,False,0,0,0,0,1,0,1130436,1178436,0,0,0,0,0,0,train
segunda_revision,SSF,2020-05-28_10_47_55,26,SSF_2020-05-28_10_47_55_26.wav,1S9hNN2lFU6kdApGgx0qaSEKCHp3fc-Xq,SoundRep,1,False,0,0,0,1,0,0,1394550,1442550,0,0,0,0,0,0,train
segunda_revision,SSF,2020-05-28_10_47_55,34,SSF_2020-05-28_10_47_55_34.wav,1T3OJz9X_tBAbE476f86WiaRysQ7rc82J,NoStutteredWords,1,False,0,0,0,0,0,1,1773693,1821693,0,0,0,0,0,0,train
segunda_revision,SSF,2020-05-28_10_47_55,44,SSF_2020-05-28_10_47_55_44.wav,1SJNc089btXYey2Sxem16XfzBOtkJgjdp,WordRep,1,False,0,1,0,0,0,0,2099317,2147317,0,0,0,0,0,0,train
segunda_revision,SSF,2020-05-28_10_47_57,6,SSF_2020-05-28_10_47_57_6.wav,149g7WX9zwvaeb-oc_eYjc2j8qzki11xI,NoStutteredWords,1,False,0,0,0,0,0,1,330042,378042,0,0,0,0,0,0,train
segunda_revision,SSF,2020-05-28_10_47_57,9,SSF_2020-05-28_10_47_57_9.wav,13hOsCaZdCwG__3pbP5hWl2wAtM4LoS2f,NoStutteredWords,1,False,0,0,0,0,0,1,453820,501820,0,0,0,0,0,0,train
segunda_revision,SSF,2020-05-28_10_47_57,18,SSF_2020-05-28_10_47_57_18.wav,146q2ZXY80rBld-C9JeYYgmXWNKnRYGuy,NoStutteredWords,1,False,0,0,0,0,0,1,818473,866473,0,0,0,0,0,0,train
segunda_revision,SSF,2020-05-28_10_47_57,22,SSF_2020-05-28_10_47_57_22.wav,14cVAaFOTqbZh8ioeLlDs58v8Bi3LdOSB,NoStutteredWords,1,False,0,0,0,0,0,1,1022730,1070730,0,0,0,0,0,0,train
segunda_revision,SSF,2020-05-28_10_47_58,11,SSF_2020-05-28_10_47_58_11.wav,1UV1OvGUE0mDbXh_PMJOA_Bd3gFo6FAo_,Prolongation,1,False,0,0,0,0,1,0,472184,520184,0,0,0,0,0,0,train
segunda_revision,SSF,2020-05-28_10_47_58,13,SSF_2020-05-28_10_47_58_13.wav,1WYrx07Ta-6ugQltr2DioJIPcJ6CTNz2o,WordRep,2,False,0,1,0,0,1,0,564658,612658,0,0,0,0,0,0,train
segunda_revision,SSF,2020-05-28_10_47_58,27,SSF_2020-05-28_10_47_58_27.wav,1VcUhfWKge1XI57jJ3ujJ9nn4L2H3zMLT,SoundRep,2,False,0,0,0,1,1,0,1190668,1238668,0,0,0,0,0,0,train
segunda_revision,SSF,2020-05-28_10_47_58,29,SSF_2020-05-28_10_47_58_29.wav,1VXzEggGme3ZJAjbBM94QkfpVzkndo8J9,WordRep,1,False,0,1,0,0,0,0,1245339,1293339,0,0,0,0,0,0,train
segunda_revision,SSF,2020-05-28_10_47_58,32,SSF_2020-05-28_10_47_58_32.wav,1VluPj5rOq4NNNDyuJRquDrB-yvzDKWEL,NoStutteredWords,1,False,0,0,0,0,0,1,1417482,1465482,0,0,0,1,0,0,train
segunda_revision,SSF,2020-05-28_10_47_58,44,SSF_2020-05-28_10_47_58_44.wav,1Vc0yBxKk1ufF6OyawImrOWO_Mu-1Z2l2,WordRep,2,False,0,1,0,0,1,0,1982682,2030682,0,0,0,0,0,0,train
segunda_revision,SSF,2020-05-28_10_47_58,46,SSF_2020-05-28_10_47_58_46.wav,1WlPbA3jjdRzo65Ejw3NVk-FK2HNCJ2J6,NoStutteredWords,1,False,0,0,0,0,0,1,2063296,2111296,0,0,0,0,0,0,train
segunda_revision,SSF,2020-05-29_05_14_52,59,SSF_2020-05-29_05_14_52_59.wav,1I9hQtKp1vBuqQvDLLA-Cq6snyOojPEqe,Prolongation,1,False,0,0,0,0,1,0,2187564,2235564,0,0,0,0,0,0,train
segunda_revision,SSF,2020-05-29_05_14_58,13,SSF_2020-05-29_05_14_58_13.wav,1KmYfbJyE3vkUq6nRT-fcN3I_uKnQizc6,NoStutteredWords,1,False,0,0,0,0,0,1,563322,611322,0,0,0,1,0,0,train
segunda_revision,SSF,2020-05-29_05_14_58,18,SSF_2020-05-29_05_14_58_18.wav,1LMnSZycnrU4lAUdzajaA0jFn70TH58cU,Block,1,False,0,0,1,0,0,0,785992,833992,0,0,0,0,0,0,train
segunda_revision,SSF,2020-05-29_05_14_58,19,SSF_2020-05-29_05_14_58_19.wav,1LKTfC3Xr9FbPPs1TGXDZI8a9toGI1iug,SoundRep,1,False,0,0,0,1,0,0,805748,853748,0,0,0,0,0,0,train
segunda_revision,SSF,2020-05-29_05_14_58,31,SSF_2020-05-29_05_14_58_31.wav,1KflmSPhE2kOE7MZ1iZETfQKcGW07epE2,Block,1,False,0,0,1,0,0,0,1462712,1510712,0,0,0,0,0,0,train
segunda_revision,SSF,2020-05-29_05_14_58,38,SSF_2020-05-29_05_14_58_38.wav,1KZbsbgDBjSjp_xjJoTwrnSrz4AqbrGp5,Prolongation,1,False,0,0,0,0,1,0,1683224,1731224,0,0,0,0,0,0,train
segunda_revision,SSF,2020-05-29_05_14_59,25,SSF_2020-05-29_05_14_59_25.wav,1I2Y_0V5zmt790oA9EE_u8hUt92SE9u5H,NoStutteredWords,1,False,0,0,0,0,0,1,915902,963902,0,0,0,0,0,0,train
segunda_revision,SSF,2020-05-29_05_14_59,42,SSF_2020-05-29_05_14_59_42.wav,1GzPGjPpFTuiLjaBa4_lZP870hihCiLvY,NoStutteredWords,1,False,0,0,0,0,0,1,1580389,1628389,0,0,0,1,0,0,train
segunda_revision,SSF,2020-05-29_05_15_00,1,SSF_2020-05-29_05_15_00_1.wav,1BD2pIwpfuJHq3NYcfvETWzz7YyIINEN2,NoStutteredWords,1,False,0,0,0,0,0,1,74594,122594,0,0,0,0,0,0,train
segunda_revision,SSF,2020-05-29_05_15_00,2,SSF_2020-05-29_05_15_00_2.wav,1A4dnr1r2__jeIGPyZpCEqxDIcTOgyqAo,NoStutteredWords,1,False,0,0,0,0,0,1,108119,156119,0,0,0,0,0,0,train
segunda_revision,SSF,2020-05-29_05_15_00,5,SSF_2020-05-29_05_15_00_5.wav,1BgphWfSyMyVgj5HIeXjUQmdeX-JpCmZ6,NoStutteredWords,1,False,0,0,0,0,0,1,231796,279796,0,0,0,1,0,0,train
segunda_revision,SSF,2020-05-29_05_15_00,14,SSF_2020-05-29_05_15_00_14.wav,1BbDtEeO8P_uVQDG_4cPQqcY_b_l4yqJN,NoStutteredWords,1,False,0,0,0,0,0,1,617382,665382,0,0,0,0,0,0,train
segunda_revision,SSF,2020-05-29_05_15_00,16,SSF_2020-05-29_05_15_00_16.wav,1Axe3cIaZptJADib2Ismr-2khngL9-jLS,WordRep,3,False,0,1,0,1,1,0,690015,738015,0,0,0,0,0,0,train
segunda_revision,SSF,2020-05-29_05_15_00,18,SSF_2020-05-29_05_15_00_18.wav,1BQaVHbXva9Gs_H9pbO5Rj9-gKq8_Curp,NoStutteredWords,1,False,0,0,0,0,0,1,720061,768061,0,0,0,0,0,0,train
segunda_revision,SSF,2020-05-29_05_15_00,25,SSF_2020-05-29_05_15_00_25.wav,1BUIfoi-jN77zMxgfrgDVSt-dVOm_teld,WordRep,2,False,0,1,0,1,0,0,944305,992305,0,0,0,0,0,0,train
segunda_revision,SSF,2020-05-29_05_15_00,38,SSF_2020-05-29_05_15_00_38.wav,1ALrUpYd8QazSg7kxtOpPO1GX8ieC5rMo,Prolongation,1,False,0,0,0,0,1,0,1488007,1536007,0,0,0,0,0,0,train
segunda_revision,SSF,2020-05-29_05_15_00,54,SSF_2020-05-29_05_15_00_54.wav,1AnvDdE3DaJexLC-if9NN0TZNSa-qRb4P,Prolongation,1,False,0,0,0,0,1,0,2150648,2198648,0,0,0,0,0,0,train
segunda_revision,SSF,2020-05-29_05_15_01,49,SSF_2020-05-29_05_15_01_49.wav,1ylva9f3bvCxg7R7XaCMj7g8fL8ab8Yia,NoStutteredWords,1,False,0,0,0,0,0,1,2386050,2434050,0,0,0,0,0,0,train
segunda_revision,SSF,2020-05-29_06_52_58,6,SSF_2020-05-29_06_52_58_6.wav,1fNx3KayTzW6oa0WKJ2v4xrYzSQK2hy5-,Block,1,False,0,0,1,0,0,0,290902,338902,0,0,0,0,0,0,train
segunda_revision,SSF,2020-05-29_06_52_58,12,SSF_2020-05-29_06_52_58_12.wav,1fDKEVkUOGHaH3iMG7TjIiEN7lQRNnVUS,NoStutteredWords,1,False,0,0,0,0,0,1,452029,500029,0,0,0,0,0,0,train
segunda_revision,SSF,2020-05-29_06_52_58,13,SSF_2020-05-29_06_52_58_13.wav,1g961ZhN31BjWAgu5itJtU9jg8atQKiQQ,NoStutteredWords,1,False,0,0,0,0,0,1,472330,520330,0,0,0,1,0,0,train
segunda_revision,SSF,2020-05-29_06_52_58,49,SSF_2020-05-29_06_52_58_49.wav,1fFjwg78_N2-xwuV-pJgm0n0WybdH3rad,NoStutteredWords,1,False,0,0,0,0,0,1,1760178,1808178,0,0,0,0,0,0,train
segunda_revision,SSF,2020-05-29_06_53_12,0,SSF_2020-05-29_06_53_12_0.wav,1MOL7JXa6JZyH58hY_tDeQnN_e6rFoN6r,NoStutteredWords,1,False,0,0,0,0,0,1,26738,74738,0,0,0,0,0,0,train
segunda_revision,SSF,2020-05-29_06_53_12,1,SSF_2020-05-29_06_53_12_1.wav,1KoFNiNrdiFQ69da1rEFbmhenMASiaxB6,NoStutteredWords,1,False,0,0,0,0,0,1,77461,125461,0,0,0,0,0,0,train
segunda_revision,SSF,2020-05-29_06_53_12,2,SSF_2020-05-29_06_53_12_2.wav,1KhFXtpVahEpubl1lA-45i6mmH1qPnxwW,SoundRep,1,False,0,0,0,1,0,0,191767,239767,0,0,0,0,0,0,train
segunda_revision,SSF,2020-05-29_06_53_12,14,SSF_2020-05-29_06_53_12_14.wav,1JJTW-wMXxfa89UAbWFvNh1i1pfZzwkCP,NoStutteredWords,1,False,0,0,0,0,0,1,691805,739805,0,0,0,0,0,0,train
segunda_revision,SSF,2020-05-29_06_53_12,18,SSF_2020-05-29_06_53_12_18.wav,1JBR_4oLktJ4E6noYD_rbYfSuYRSQ4qZ1,SoundRep,1,False,0,0,0,1,0,0,929205,977205,0,0,0,0,0,0,train
segunda_revision,SSF,2020-05-29_06_53_12,22,SSF_2020-05-29_06_53_12_22.wav,1KRD5iKPMpy9DfmTt5FUsQazbkDI9uoyV,NoStutteredWords,1,False,0,0,0,0,0,1,1075558,1123558,0,0,0,0,0,0,train
segunda_revision,SSF,2020-05-29_06_53_12,38,SSF_2020-05-29_06_53_12_38.wav,1Lr-rp_QBCoYdfdEdbfM4uMgP7NPF2hQc,WordRep,2,False,0,1,0,0,1,0,1910853,1958853,0,0,0,0,0,0,train
segunda_revision,SSF,2020-05-29_06_54_07,5,SSF_2020-05-29_06_54_07_5.wav,1ZqDBToDmodtFbW0wpT64FRiv_3kwDpK2,NoStutteredWords,1,False,0,0,0,0,0,1,230286,278286,0,0,0,0,0,0,train
segunda_revision,SSF,2020-05-29_06_54_07,37,SSF_2020-05-29_06_54_07_37.wav,1ZZLn4JzB_0hTR2lJxGFZMGJyrr1f_BUM,Prolongation,1,False,0,0,0,0,1,0,1530783,1578783,0,0,0,0,0,0,train
segunda_revision,SSF,2020-05-29_06_54_07,38,SSF_2020-05-29_06_54_07_38.wav,1ZYISx96nIC8rkFkrQGtcnGVtB12vg2Vr,Prolongation,1,False,0,0,0,0,1,0,1537465,1585465,0,0,0,0,0,0,train
segunda_revision,SSF,2020-05-29_06_54_07,43,SSF_2020-05-29_06_54_07_43.wav,1ZstQac4TLVGBT4Oft0e2iah2CzXqLAzR,NoStutteredWords,1,False,0,0,0,0,0,1,1783765,1831765,0,0,0,1,0,0,train
segunda_revision,SSF,2020-05-29_06_54_07,54,SSF_2020-05-29_06_54_07_54.wav,1Zyj44Zs1-LNh103CUb-VdNfTay3WdH39,NoStutteredWords,1,False,0,0,0,0,0,1,2371026,2419026,0,0,0,0,0,0,train
segunda_revision,SSF,2020-05-29_06_54_07,55,SSF_2020-05-29_06_54_07_55.wav,1_7pkThzUB-9QBQshvvBvSX5NrovdCFsT,SoundRep,1,False,0,0,0,1,0,0,2392484,2440484,0,0,0,0,0,0,train
segunda_revision,SSF,2020-05-29_06_54_08,1,SSF_2020-05-29_06_54_08_1.wav,1vOpvjvUdNGoo4M79WIOfwZf6VKPx5K_U,NoStutteredWords,1,False,0,0,0,0,0,1,124047,172047,0,0,0,1,0,0,train
segunda_revision,SSF,2020-05-29_06_54_08,3,SSF_2020-05-29_06_54_08_3.wav,1yIm4rqKLwyBnvFQpklXBhOjCaoMwuHQ_,NoStutteredWords,1,False,0,0,0,0,0,1,210357,258357,0,0,0,0,0,0,train
segunda_revision,SSF,2020-05-29_06_54_08,29,SSF_2020-05-29_06_54_08_29.wav,1uWVTNs7GWs4nphM4QxTPr3HTd78jj8f7,NoStutteredWords,1,False,0,0,0,0,0,1,1291081,1339081,0,0,0,1,0,0,train
segunda_revision,SSF,2020-05-29_06_54_08,32,SSF_2020-05-29_06_54_08_32.wav,1yDTNgeSMLEKL4WrxofQ83C5lBFcZrSMZ,NoStutteredWords,1,False,0,0,0,0,0,1,1472813,1520813,0,0,0,0,0,0,train
segunda_revision,SSF,2020-05-29_06_54_08,33,SSF_2020-05-29_06_54_08_33.wav,1vJO5lDTs0zO5g3AK4JGx52vppX-Xb6k1,Prolongation,1,False,0,0,0,0,1,0,1489377,1537377,0,0,0,0,0,0,train
segunda_revision,SSF,2020-05-29_06_54_08,64,SSF_2020-05-29_06_54_08_64.wav,1vOrmdQl3t06AoILVPg2VFsj-SdodPFoh,WordRep,1,False,0,1,0,0,0,0,2734016,2782016,0,0,0,0,0,0,train
segunda_revision,SSF,2020-05-29_06_54_09,16,SSF_2020-05-29_06_54_09_16.wav,1jEgLQnxZc4KbU-2eM25D1vbhxh-zMIok,SoundRep,1,False,0,0,0,1,0,0,812573,860573,0,0,0,0,0,0,train
segunda_revision,SSF,2020-05-29_06_54_09,27,SSF_2020-05-29_06_54_09_27.wav,1iZwEWIJgmU6NgrlURaMjLrQ0-D3pmGpx,NoStutteredWords,1,False,0,0,0,0,0,1,1262463,1310463,0,0,0,0,0,0,train
segunda_revision,SSF,2020-05-29_06_54_09,36,SSF_2020-05-29_06_54_09_36.wav,1jUn9l_7WHncsm10mOekfLs96AJnoZy65,NoStutteredWords,1,False,0,0,0,0,0,1,1710598,1758598,0,0,0,0,0,0,train
segunda_revision,SSF,2020-05-29_11_04_25,10,SSF_2020-05-29_11_04_25_10.wav,1JB8JswzN3A5IODRlVA_6-an10ZDjr0eB,NoStutteredWords,1,False,0,0,0,0,0,1,363282,411282,0,0,0,0,0,0,train
segunda_revision,SSF,2020-05-29_11_04_25,19,SSF_2020-05-29_11_04_25_19.wav,1JxXX25zcbb8YDr-WuZnzonkHEUgHRJhn,NoStutteredWords,1,False,0,0,0,0,0,1,865035,913035,0,0,0,0,0,0,train
segunda_revision,SSF,2020-05-29_11_04_25,30,SSF_2020-05-29_11_04_25_30.wav,1K8A2spBFOBTe-KeYLEE5pm_LSkx8O1_g,NoStutteredWords,1,False,0,0,0,0,0,1,1224776,1272776,0,0,0,0,0,0,train
segunda_revision,SSF,2020-05-29_11_04_25,37,SSF_2020-05-29_11_04_25_37.wav,1I_8knJlT4fa7bezAabjpFwcaew51KnQJ,NoStutteredWords,1,False,0,0,0,0,0,1,1519858,1567858,0,0,0,0,0,0,train
segunda_revision,SSF,2020-05-29_11_04_25,40,SSF_2020-05-29_11_04_25_40.wav,1IQ94BUq42G7DXWnLPXp9WzrQVydKzFW6,Prolongation,1,False,0,0,0,0,1,0,1669781,1717781,0,0,0,0,0,0,train
segunda_revision,SSF,2020-05-29_11_04_25,47,SSF_2020-05-29_11_04_25_47.wav,1K2L9-ajvkXDbr29KiHBXJAygx2y-CCTw,NoStutteredWords,1,False,0,0,0,0,0,1,1908730,1956730,0,0,0,0,0,0,train
segunda_revision,SSF,2020-05-29_11_04_25,48,SSF_2020-05-29_11_04_25_48.wav,1JI1oJF-Ac57K7IIww6y5gMqBTCk2S4OM,NoStutteredWords,1,False,0,0,0,0,0,1,1939651,1987651,0,0,0,0,0,0,train
segunda_revision,SSF,2020-05-29_11_04_28,7,SSF_2020-05-29_11_04_28_7.wav,1foF7jvltG6xCKqUlHzbQ2BSegWgH0I74,NoStutteredWords,1,False,0,0,0,0,0,1,254218,302218,0,0,0,0,0,0,train
segunda_revision,SSF,2020-05-29_11_04_28,11,SSF_2020-05-29_11_04_28_11.wav,1goMAJYLjVc8B25f406qmu5RiQSeVJVAC,NoStutteredWords,1,False,0,0,0,0,0,1,451497,499497,0,0,0,0,0,0,train
segunda_revision,SSF,2020-05-29_11_04_28,20,SSF_2020-05-29_11_04_28_20.wav,1goSv7A35MgnYPAQaTRrL2G_qg67Mat9V,NoStutteredWords,1,False,0,0,0,0,0,1,1051589,1099589,0,0,0,0,0,0,train
segunda_revision,SSF,2020-05-29_11_04_28,33,SSF_2020-05-29_11_04_28_33.wav,1hR1htVqTG7XL6ouEx-w48mZ_r3OlyXXp,NoStutteredWords,1,False,0,0,0,0,0,1,1685868,1733868,0,0,0,0,0,0,train
segunda_revision,SSF,2020-05-29_11_04_30,1,SSF_2020-05-29_11_04_30_1.wav,1_GTKGxpkvdlY2ftAnmuqvgYZQJ9mHb25,NoStutteredWords,1,False,0,0,0,0,0,1,68122,116122,0,0,0,0,0,0,train
segunda_revision,SSF,2020-05-29_11_04_30,6,SSF_2020-05-29_11_04_30_6.wav,1_Sw4PCMIKiudo_pixldfHgjoxVJWlQCq,NoStutteredWords,1,False,0,0,0,0,0,1,347180,395180,0,0,0,0,0,0,train
segunda_revision,SSF,2020-05-29_11_04_30,7,SSF_2020-05-29_11_04_30_7.wav,1ZU1eOVa5kdOwZ_bSHJ36RgzKiUTWFg8a,NoStutteredWords,1,False,0,0,0,0,0,1,410021,458021,0,0,0,0,0,0,train
segunda_revision,SSF,2020-05-29_11_04_30,11,SSF_2020-05-29_11_04_30_11.wav,1_WgoeC9BCpJJ-e4s2RaEy1JXuXhSP-0Y,NoStutteredWords,1,False,0,0,0,0,0,1,678880,726880,0,0,0,0,0,0,train
segunda_revision,SSF,2020-05-29_11_04_30,18,SSF_2020-05-29_11_04_30_18.wav,1ZEcogF2h7XUI6mWWGxMMAuMsYEF8YF7Q,SoundRep,1,False,0,0,0,1,0,0,1034973,1082973,0,0,0,0,0,0,train
segunda_revision,SSF,2020-05-29_11_04_30,23,SSF_2020-05-29_11_04_30_23.wav,1ZPrxE3W1EZj4YFbA-qsmTeGTPI59htvt,NoStutteredWords,1,False,0,0,0,0,0,1,1175270,1223270,0,0,0,0,0,0,train
segunda_revision,SSF,2020-05-29_11_04_30,24,SSF_2020-05-29_11_04_30_24.wav,1ZufjEmK4ZnskLyxozVbe7f7gXoYTJxdZ,Prolongation,1,False,0,0,0,0,1,0,1230580,1278580,0,0,0,0,0,0,train
segunda_revision,SSF,2020-05-29_11_04_30,28,SSF_2020-05-29_11_04_30_28.wav,1_XavW6ZjCl544IfGJGECF4UmyKxQqVlt,NoStutteredWords,1,False,0,0,0,0,0,1,1381051,1429051,0,0,0,0,0,0,train
segunda_revision,SSF,2020-05-29_11_04_41,16,SSF_2020-05-29_11_04_41_16.wav,19vM0lCxnohanB3oT0bRdD_nWhVcxJnsU,SoundRep,2,False,0,0,0,1,1,0,722160,770160,0,0,0,0,0,0,train
segunda_revision,SSF,2020-05-29_11_04_41,41,SSF_2020-05-29_11_04_41_41.wav,180MB0ltvuuDr8LC9zAdpTNwcP1--SXS_,Block,3,False,0,0,1,1,1,0,1798034,1846034,0,0,0,0,0,0,train
segunda_revision,SSF,2020-05-29_11_04_41,55,SSF_2020-05-29_11_04_41_55.wav,19R--PtWQxTXpLSzAo56USTxJETnLIwu3,NoStutteredWords,1,False,0,0,0,0,0,1,2273031,2321031,0,0,0,0,0,0,train
segunda_revision,SSF,2020-05-29_11_04_42,26,SSF_2020-05-29_11_04_42_26.wav,1Ti5YHr25iVuHpwg9A8l8y6sqGWFFo9PA,Block,1,False,0,0,1,0,0,0,1109113,1157113,0,0,0,0,0,0,train
segunda_revision,SSF,2020-05-29_11_04_42,31,SSF_2020-05-29_11_04_42_31.wav,1UkbRhILKQ9Y542NIuOEKHa05sZYMTDRZ,NoStutteredWords,1,False,0,0,0,0,0,1,1290625,1338625,0,0,0,1,0,0,train
segunda_revision,SSF,2020-05-29_11_04_42,53,SSF_2020-05-29_11_04_42_53.wav,1TolqyjgewHr_hJQUMNMvoURegwvZx-YS,NoStutteredWords,1,False,0,0,0,0,0,1,2048610,2096610,0,0,0,0,0,0,train
segunda_revision,SSF,2020-05-29_11_04_43,0,SSF_2020-05-29_11_04_43_0.wav,1D2Ga7rYoQ2qP1OPQITO70kTJ5SSh_0sY,Prolongation,1,False,0,0,0,0,1,0,47709,95709,0,0,0,0,0,0,train
segunda_revision,SSF,2020-05-29_11_04_43,5,SSF_2020-05-29_11_04_43_5.wav,1FfCChZWbSNYJRlBh9QgMe03ZCs4lxB_m,NoStutteredWords,1,False,0,0,0,0,0,1,241103,289103,0,0,0,0,0,0,train
segunda_revision,SSF,2020-05-29_11_04_43,11,SSF_2020-05-29_11_04_43_11.wav,1BN-fABXadem7Qod4W1sr08Ptg9M2ZMl8,WordRep,1,False,0,1,0,0,0,0,458917,506917,0,0,0,0,0,0,train
segunda_revision,SSF,2020-05-29_11_04_43,14,SSF_2020-05-29_11_04_43_14.wav,1DkmQtPUhACMfUzNKTJnYadUS9pkWs9-L,NoStutteredWords,1,False,0,0,0,0,0,1,555029,603029,0,0,0,1,0,0,train
segunda_revision,SSF,2020-05-29_11_04_43,30,SSF_2020-05-29_11_04_43_30.wav,1DBWORSPl5K10C0rlhe2E2yBm86pi8N44,NoStutteredWords,1,False,0,0,0,0,0,1,1350539,1398539,0,0,0,0,0,0,train
segunda_revision,SSF,2020-05-29_11_04_43,57,SSF_2020-05-29_11_04_43_57.wav,1BTFM_t9eeOfa4S2_yxzLFLRMOB8E77uH,Prolongation,1,False,0,0,0,0,1,0,2321712,2369712,0,0,0,0,0,0,train
segunda_revision,SSF,2020-05-29_11_04_43,58,SSF_2020-05-29_11_04_43_58.wav,1EuAbTrLfhsNXRwtaBMHJXkXQQq1Jo8hT,NoStutteredWords,1,False,0,0,0,0,0,1,2356593,2404593,0,0,0,1,0,0,train
segunda_revision,SSF,2020-05-29_11_04_44,2,SSF_2020-05-29_11_04_44_2.wav,1003SfekbeUikG2uIBACuYM5uVTJWw8yh,NoStutteredWords,1,False,0,0,0,0,0,1,168394,216394,0,0,0,1,0,0,train
segunda_revision,SSF,2020-05-29_11_04_44,8,SSF_2020-05-29_11_04_44_8.wav,1-n68qcK3QHROVLLk7xAKzcgLA3XQganW,NoStutteredWords,1,False,0,0,0,0,0,1,469678,517678,0,0,0,0,0,0,train
segunda_revision,SSF,2020-05-29_11_04_44,9,SSF_2020-05-29_11_04_44_9.wav,14RuXVZ8Rhon5-o6yr5jX_qs7dgTYicek,NoStutteredWords,1,False,0,0,0,0,0,1,500986,548986,0,0,0,0,0,0,train
segunda_revision,SSF,2020-05-29_11_04_44,19,SSF_2020-05-29_11_04_44_19.wav,12B_g4nMY85LyFxw1i4qlrLv0jPekkaLG,Block,2,False,0,0,1,0,1,0,947481,995481,0,0,0,0,0,0,train
segunda_revision,SSF,2020-05-29_11_04_44,23,SSF_2020-05-29_11_04_44_23.wav,14My7xaUdT_wBtuX6hwG3i2O54EQBxzHB,SoundRep,1,False,0,0,0,1,0,0,1033895,1081895,0,0,0,0,0,0,train
segunda_revision,SSF,2020-05-29_11_04_44,34,SSF_2020-05-29_11_04_44_34.wav,14TFJVJtU5BaEfcFGX7Eb7lEQBYTnlVTS,NoStutteredWords,1,False,0,0,0,0,0,1,1560015,1608015,0,0,0,1,0,0,train
segunda_revision,SSF,2020-05-29_11_04_44,38,SSF_2020-05-29_11_04_44_38.wav,127icrZ3mUMhD7N2DUjBbw5uXTn9aICBk,NoStutteredWords,1,False,0,0,0,0,0,1,1679800,1727800,0,0,0,0,0,0,train
segunda_revision,SSF,2020-05-29_11_04_45,6,SSF_2020-05-29_11_04_45_6.wav,1ytpbXuUYkOGk1LoSAxlOr5fySGv_4Bzb,NoStutteredWords,1,False,0,0,0,0,0,1,300509,348509,0,0,0,0,0,0,train
segunda_revision,SSF,2020-05-29_11_04_45,17,SSF_2020-05-29_11_04_45_17.wav,1xd0UbojYwEXTf6NGSlYu6-NuVS8RUzyV,Prolongation,1,False,0,0,0,0,1,0,748688,796688,0,0,0,0,0,0,train
segunda_revision,SSF,2020-05-29_11_04_45,22,SSF_2020-05-29_11_04_45_22.wav,1xtwtY7disXPywxVlAPBLFQYKGvbUjmbr,NoStutteredWords,1,False,0,0,0,0,0,1,932722,980722,0,0,0,1,0,0,train
segunda_revision,SSF,2020-05-29_11_04_45,30,SSF_2020-05-29_11_04_45_30.wav,1yAsqs4rVhHHEO0i1Eo0sdvZHaJEpmzL9,NoStutteredWords,1,False,0,0,0,0,0,1,1269203,1317203,0,0,0,1,0,0,train
segunda_revision,SSF,2020-05-29_11_04_45,42,SSF_2020-05-29_11_04_45_42.wav,1yaXnxCQdcknP-q9LU6Azo2dv5ykCXTvf,SoundRep,1,False,0,0,0,1,0,0,1790339,1838339,0,0,0,0,0,0,train
segunda_revision,SSF,2020-05-29_11_04_45,52,SSF_2020-05-29_11_04_45_52.wav,1xz9xLyYccyTsptBdoz8N9maOt4qnjStE,Prolongation,1,False,0,0,0,0,1,0,2215073,2263073,0,0,0,0,0,0,train
segunda_revision,SSF,2020-05-29_11_04_45,56,SSF_2020-05-29_11_04_45_56.wav,1yRKiM2ghi_-E4IHC2eBIX3cYHFEkOqiI,NoStutteredWords,1,False,0,0,0,0,0,1,2384410,2432410,0,0,0,0,0,0,train
segunda_revision,SSF,2020-05-29_11_04_45,58,SSF_2020-05-29_11_04_45_58.wav,1xg3sgzKfghUC7kEpV2ChYnNgSDhF9w3b,NoStutteredWords,1,False,0,0,0,0,0,1,2493498,2541498,0,0,0,0,0,0,train
segunda_revision,SSF,2020-05-29_11_04_46,5,SSF_2020-05-29_11_04_46_5.wav,1YpHlPZ5ojYQavrgAesN2s7mgc2d893Ge,WordRep,1,False,0,1,0,0,0,0,267420,315420,0,0,0,0,0,0,train
segunda_revision,SSF,2020-05-29_11_04_46,20,SSF_2020-05-29_11_04_46_20.wav,1XqTwU8TICytDst_eXnHZLqEdeMhy1LeJ,Block,1,False,0,0,1,0,0,0,844041,892041,0,0,0,0,0,0,train
segunda_revision,SSF,2020-05-29_11_04_46,25,SSF_2020-05-29_11_04_46_25.wav,1XpCiw5xFV6iyLgCkPpl-udDO1E5quki5,SoundRep,1,False,0,0,0,1,0,0,998727,1046727,0,0,0,0,0,0,train
segunda_revision,SSF,2020-05-29_11_04_46,28,SSF_2020-05-29_11_04_46_28.wav,1YD1x7VRV4jtG9ZLZVpnNaYF2CjM7W4P8,Block,2,False,0,0,1,1,0,0,1162857,1210857,0,0,0,0,0,0,train
segunda_revision,SSF,2020-05-29_11_04_46,33,SSF_2020-05-29_11_04_46_33.wav,1XbvGq4I_Khc-ZXIq2c6qGhIg51Ax-PYd,Prolongation,1,False,0,0,0,0,1,0,1270091,1318091,0,0,0,0,0,0,train
segunda_revision,SSF,2020-05-29_11_04_46,41,SSF_2020-05-29_11_04_46_41.wav,1XSvc84FWTJveL2J45zUBz5FMCBtsiMVk,NoStutteredWords,1,False,0,0,0,0,0,1,1497049,1545049,0,0,0,1,0,0,train
segunda_revision,SSF,2020-05-29_11_04_46,50,SSF_2020-05-29_11_04_46_50.wav,1Yfc0No2VLn1vQGf0S9kDKOptrp4CgtBg,Prolongation,1,False,0,0,0,0,1,0,1933967,1981967,0,0,0,0,0,0,train
segunda_revision,SSF,2020-05-29_11_04_46,53,SSF_2020-05-29_11_04_46_53.wav,1Xh99A_SBlFCqAnCVh-qxy0mYFgRxhsU7,NoStutteredWords,1,False,0,0,0,0,0,1,2060450,2108450,0,0,0,1,0,0,train
segunda_revision,SSF,2020-05-29_11_04_46,58,SSF_2020-05-29_11_04_46_58.wav,1XQkBYj-Y3C48F-yyfLtWmBLl-uNpRj9f,Prolongation,1,False,0,0,0,0,1,0,2263536,2311536,0,0,0,0,0,0,train
segunda_revision,SSF,2020-05-29_11_04_46,66,SSF_2020-05-29_11_04_46_66.wav,1X_6d4l8OdrM6dsJ_T5hPTPKq-VgURgiA,NoStutteredWords,1,False,0,0,0,0,0,1,2590726,2638726,0,0,0,0,0,0,train
segunda_revision,SSF,2020-05-29_11_04_47,5,SSF_2020-05-29_11_04_47_5.wav,1bdkp8-Rl2Bl-BtaY27sN4uzzM91lKokp,NoStutteredWords,1,False,0,0,0,0,0,1,310777,358777,0,0,0,0,0,0,train
segunda_revision,SSF,2020-05-29_11_04_47,29,SSF_2020-05-29_11_04_47_29.wav,1dFvI85YDTjnGo-6PxemNB9YKgD9VMege,NoStutteredWords,1,False,0,0,0,0,0,1,1248803,1296803,0,0,0,0,0,0,train
segunda_revision,SSF,2020-05-29_11_04_47,40,SSF_2020-05-29_11_04_47_40.wav,1dPClWeOpIPbAYdNCT3iYQYEi893unHgD,NoStutteredWords,1,False,0,0,0,0,0,1,1658621,1706621,0,0,0,0,0,0,train
segunda_revision,SSF,2020-05-29_11_04_47,60,SSF_2020-05-29_11_04_47_60.wav,1d_RWktrUXtlRkFAHyCDiqKKNY-V8NavK,SoundRep,2,False,0,0,0,1,1,0,2617570,2665570,0,0,0,0,0,0,train
segunda_revision,SSF,2020-05-30_02_23_57,21,SSF_2020-05-30_02_23_57_21.wav,1J8yXEdFiwiZ5AiVKFYQCmBd-UECleuFc,NoStutteredWords,1,False,0,0,0,0,0,1,1055155,1103155,0,0,0,0,0,0,train
segunda_revision,SSF,2020-05-30_02_23_57,24,SSF_2020-05-30_02_23_57_24.wav,1H0GnZbWxiX_CDMDnZc4HfWQqORraxQLh,NoStutteredWords,1,False,0,0,0,0,0,1,1211709,1259709,0,0,0,0,0,0,train
segunda_revision,SSF,2020-05-30_02_23_57,32,SSF_2020-05-30_02_23_57_32.wav,1FMPm_MLb4wZTU2OOEYD0N1uzR3wNtMbY,Prolongation,1,False,0,0,0,0,1,0,1553996,1601996,0,0,0,0,0,0,train
segunda_revision,SSF,2020-05-30_02_23_57,34,SSF_2020-05-30_02_23_57_34.wav,1IrFdgDmJ4hZEr95aO6kRbNuD48eOCB_L,Prolongation,1,False,0,0,0,0,1,0,1607265,1655265,0,0,0,0,0,0,train
segunda_revision,SSF,2020-05-30_02_23_57,44,SSF_2020-05-30_02_23_57_44.wav,1GJnXR14b5qd2xHp59VIu_WrdGkRqzznx,SoundRep,1,False,0,0,0,1,0,0,1976960,2024960,0,0,0,0,0,0,train
segunda_revision,SSF,2020-05-30_02_23_57,45,SSF_2020-05-30_02_23_57_45.wav,1Gw7MuOjfKOi13ateWqzWFhJkTwNawtjz,NoStutteredWords,1,False,0,0,0,0,0,1,2041559,2089559,0,0,0,0,0,0,train
segunda_revision,SSF,2020-05-30_02_24_05,1,SSF_2020-05-30_02_24_05_1.wav,1TQV-wTpJ5OaKr1CKuwHIZTVUK2a1meDf,NoStutteredWords,1,False,0,0,0,0,0,1,70964,118964,0,0,0,0,0,0,train
segunda_revision,SSF,2020-05-30_02_24_05,8,SSF_2020-05-30_02_24_05_8.wav,1UWdBHrUZaBSNVEQoNxUJ1Jx0CUNkX8hz,NoStutteredWords,1,False,0,0,0,0,0,1,375462,423462,0,0,0,0,0,0,train
segunda_revision,SSF,2020-05-30_02_24_05,14,SSF_2020-05-30_02_24_05_14.wav,1TxEteQE78Rhj0C6emGtOt0wNSJxnWXcA,NoStutteredWords,1,False,0,0,0,0,0,1,678021,726021,0,0,0,0,0,0,train
segunda_revision,SSF,2020-05-30_02_24_05,17,SSF_2020-05-30_02_24_05_17.wav,1Tn2ZKva1090IQmskGjj2OMS1m2jRv9AZ,NoStutteredWords,1,False,0,0,0,0,0,1,848387,896387,0,0,0,0,0,0,train
segunda_revision,SSF,2020-05-30_02_24_05,29,SSF_2020-05-30_02_24_05_29.wav,1U_dIRp3GhN9eHjZRSouI9zcfztvIbL37,NoStutteredWords,1,False,0,0,0,0,0,1,1264966,1312966,0,0,0,0,0,0,train
segunda_revision,SSF,2020-05-30_02_24_05,30,SSF_2020-05-30_02_24_05_30.wav,1TQrvVswyNYXTJ5y2EG1MIupsldfG3HU-,NoStutteredWords,1,False,0,0,0,0,0,1,1302971,1350971,0,0,0,0,0,0,train
segunda_revision,SSF,2020-05-30_02_24_05,39,SSF_2020-05-30_02_24_05_39.wav,1SzCgslx6Em0xKda5MPfjamOYHHBx8uEu,NoStutteredWords,1,False,0,0,0,0,0,1,1616690,1664690,0,0,0,0,0,0,train
segunda_revision,SSF,2020-05-30_02_24_11,0,SSF_2020-05-30_02_24_11_0.wav,14kltQx8pzUCkqFBiHiGWKmCKMsFYdp85,NoStutteredWords,1,False,0,0,0,0,0,1,43586,91586,0,0,0,0,0,0,train
segunda_revision,SSF,2020-05-30_02_24_11,16,SSF_2020-05-30_02_24_11_16.wav,15AzVUwnkw0AtLK-fcpYzZy6NLTlKPHX3,NoStutteredWords,1,False,0,0,0,0,0,1,671357,719357,0,0,0,0,0,0,train
segunda_revision,SSF,2020-05-30_02_24_11,20,SSF_2020-05-30_02_24_11_20.wav,160nDLujN7EKGrfLhvU4PrZYkR7gxnsFM,NoStutteredWords,1,False,0,0,0,0,0,1,917157,965157,0,0,0,0,0,0,train
segunda_revision,SSF,2020-05-30_02_24_11,24,SSF_2020-05-30_02_24_11_24.wav,14F9tVkCsjP74LefKN7I2Pqwwkz7EaPe4,NoStutteredWords,1,False,0,0,0,0,0,1,1091211,1139211,0,0,0,0,0,0,train
segunda_revision,SSF,2020-05-30_02_24_11,30,SSF_2020-05-30_02_24_11_30.wav,14g9Q1-P2VX5n4jRBrv9evQTHjxnj_AsQ,SoundRep,1,False,0,0,0,1,0,0,1507573,1555573,0,0,0,0,0,0,train
segunda_revision,SSF,2020-05-30_02_24_11,31,SSF_2020-05-30_02_24_11_31.wav,15CQECeS1fnohHAA3soqXw5AMzu6s-U9x,NoStutteredWords,1,False,0,0,0,0,0,1,1532175,1580175,0,0,0,1,0,0,train
segunda_revision,SSF,2020-05-30_02_24_11,39,SSF_2020-05-30_02_24_11_39.wav,14ftfRE-4WM1kUtdPUodI3G9SmvVeOP6d,NoStutteredWords,1,False,0,0,0,0,0,1,1813781,1861781,0,0,0,1,0,0,train
segunda_revision,SSF,2020-05-30_02_24_12,0,SSF_2020-05-30_02_24_12_0.wav,1dSHDgtSciQVN2DJdgwqpwTWZCHCPXH9m,NoStutteredWords,1,False,0,0,0,0,0,1,28390,76390,0,0,0,0,0,0,train
segunda_revision,SSF,2020-05-30_02_24_12,20,SSF_2020-05-30_02_24_12_20.wav,1cPGXGQslLHEm5rwa8sxU2uXVsXAp8f6e,Prolongation,1,False,0,0,0,0,1,0,1012307,1060307,0,0,0,0,0,0,train
segunda_revision,SSF,2020-05-30_02_24_12,27,SSF_2020-05-30_02_24_12_27.wav,1b2w1T9elM0tozRpXeKs1pxVZ6liqtWE9,Prolongation,1,False,0,0,0,0,1,0,1308486,1356486,0,0,0,0,0,0,train
segunda_revision,SSF,2020-05-30_02_24_12,34,SSF_2020-05-30_02_24_12_34.wav,1eKgaa-KpxFfuoQERpTZVLhyzLUioM0cy,NoStutteredWords,1,False,0,0,0,0,0,1,1550778,1598778,0,0,0,1,0,0,train
segunda_revision,SSF,2020-05-30_02_24_12,40,SSF_2020-05-30_02_24_12_40.wav,1ceNTiQpBju7RmeYLe_hdOks2EArhBFBV,NoStutteredWords,1,False,0,0,0,0,0,1,1779808,1827808,0,0,0,0,0,0,train
segunda_revision,SSF,2020-05-30_02_24_12,46,SSF_2020-05-30_02_24_12_46.wav,1cywozjruuC3wbmXHGtXIbJshNtYxIUiy,Prolongation,1,False,0,0,0,0,1,0,2129555,2177555,0,0,0,0,0,0,train
segunda_revision,SSF,2020-05-30_02_24_12,55,SSF_2020-05-30_02_24_12_55.wav,1bcvKOgmqUMIkqLW4_JBVkARDlgDNFmiU,Prolongation,1,False,0,0,0,0,1,0,2531157,2579157,0,0,0,0,0,0,train
segunda_revision,SSF,2020-05-30_02_24_13,2,SSF_2020-05-30_02_24_13_2.wav,1CL9L7Zdkpir8cQQVWm8CvQNhihApELzG,SoundRep,1,False,0,0,0,1,0,0,85896,133896,0,0,0,0,0,0,train
segunda_revision,SSF,2020-05-30_02_24_13,12,SSF_2020-05-30_02_24_13_12.wav,1DhQDt0P4lhimLeodE98Rz_Qx4VwzvH7K,Block,1,False,0,0,1,0,0,0,387947,435947,0,0,0,0,0,0,train
segunda_revision,SSF,2020-05-30_02_24_13,13,SSF_2020-05-30_02_24_13_13.wav,1Cz42ChTEamiX6Kp71AhgqZ2DDFKnrf7c,Block,1,False,0,0,1,0,0,0,409116,457116,0,0,0,0,0,0,train
segunda_revision,SSF,2020-05-30_02_24_13,17,SSF_2020-05-30_02_24_13_17.wav,1CUo8tKoyCvUb1DCqwzSJaMtQEKSi_4bo,NoStutteredWords,1,False,0,0,0,0,0,1,516847,564847,0,0,0,0,0,0,train
segunda_revision,SSF,2020-05-30_02_24_13,19,SSF_2020-05-30_02_24_13_19.wav,1CsqsfPYB5X4x6TbA730N6oXfksrJu9Ns,Block,2,False,0,0,1,1,0,0,603000,651000,0,0,0,0,0,0,train
segunda_revision,SSF,2020-05-30_02_24_13,30,SSF_2020-05-30_02_24_13_30.wav,1EC48K63mXdsNB1yNqxesR7L7DZP-bZom,NoStutteredWords,1,False,0,0,0,0,0,1,1013671,1061671,0,0,0,0,0,0,train
segunda_revision,SSF,2020-05-30_02_24_13,32,SSF_2020-05-30_02_24_13_32.wav,1ArgwV8vDDXFhkYvA3aCvn9mWsc5sBQRF,Prolongation,1,False,0,0,0,0,1,0,1117494,1165494,0,0,0,0,0,0,train
segunda_revision,SSF,2020-05-30_02_24_13,33,SSF_2020-05-30_02_24_13_33.wav,1BgcNfQgNGh2MurR3zRFeDMaCBpm8NwHe,NoStutteredWords,1,False,0,0,0,0,0,1,1183544,1231544,0,0,0,0,0,0,train
segunda_revision,SSF,2020-05-30_02_24_13,49,SSF_2020-05-30_02_24_13_49.wav,1CFk2jhk1k4evmgEDyjaQq4EuoB74YAA7,SoundRep,1,False,0,0,0,1,0,0,1702782,1750782,0,0,0,0,0,0,train
segunda_revision,SSF,2020-05-30_06_49_26,11,SSF_2020-05-30_06_49_26_11.wav,1LYrbLp86DZdIis-g1fGg3-HDSHTtPNui,Block,1,False,0,0,1,0,0,0,494467,542467,0,0,0,0,0,0,train
segunda_revision,SSF,2020-05-30_06_49_26,23,SSF_2020-05-30_06_49_26_23.wav,1LsAVg7zLlpe53ZSVdTin3z1pum-Y0fqZ,Prolongation,1,False,0,0,0,0,1,0,1066827,1114827,0,0,0,0,0,0,train
segunda_revision,SSF,2020-05-30_06_49_26,43,SSF_2020-05-30_06_49_26_43.wav,1N1qxDKQkpsi0u75X52uMyljKDBLs7ESl,NoStutteredWords,1,False,0,0,0,0,0,1,2038755,2086755,0,0,0,1,0,0,train
segunda_revision,SSF,2020-05-30_06_49_26,44,SSF_2020-05-30_06_49_26_44.wav,1MxKUyBE7ylZmK9_zfQPHPJoXIed7lDq1,Prolongation,1,False,0,0,0,0,1,0,2075720,2123720,0,0,0,0,0,0,train
segunda_revision,SSF,2020-05-30_06_49_26,55,SSF_2020-05-30_06_49_26_55.wav,1MBhyttchg7y1xq0xTpT7bST3p3HHRvIn,SoundRep,1,False,0,0,0,1,0,0,2489292,2537292,0,0,0,0,0,0,train
segunda_revision,SSF,2020-05-30_06_49_26,57,SSF_2020-05-30_06_49_26_57.wav,1MvdAU0TSETgcdJcPdbW7UTRUP6lZJwk3,SoundRep,1,False,0,0,0,1,0,0,2589992,2637992,0,0,0,0,0,0,train
segunda_revision,SSF,2020-05-30_06_49_26,62,SSF_2020-05-30_06_49_26_62.wav,1L_meYCMPriL0V6-YdMjNqyRNwaNQHieB,SoundRep,1,False,0,0,0,1,0,0,2721035,2769035,0,0,0,0,0,0,train
segunda_revision,SSF,2020-05-30_06_49_26,63,SSF_2020-05-30_06_49_26_63.wav,1Ncl5qEjmBnKOjfrwGgMV7vqRMbrNRSrr,NoStutteredWords,1,False,0,0,0,0,0,1,2768735,2816735,0,0,0,1,0,0,train
segunda_revision,SSF,2020-05-30_06_49_26,64,SSF_2020-05-30_06_49_26_64.wav,1MOGnNTLmVBLeFq_LZ8QGbjimba6R9DwW,NoStutteredWords,1,False,0,0,0,0,0,1,2798761,2846761,0,0,0,0,0,0,train
segunda_revision,SSF,2020-05-30_06_49_27,1,SSF_2020-05-30_06_49_27_1.wav,1aC9b4KGn-wFP4l_xtwyPGpPWUti1-VSk,SoundRep,1,False,0,0,0,1,0,0,164456,212456,0,0,0,0,0,0,train
segunda_revision,SSF,2020-05-30_06_49_27,10,SSF_2020-05-30_06_49_27_10.wav,1blxp1zNrc30mJLwVvqQqSSYCnnad7OKW,NoStutteredWords,1,False,0,0,0,0,0,1,513655,561655,0,0,0,0,0,0,train
segunda_revision,SSF,2020-05-30_06_49_27,11,SSF_2020-05-30_06_49_27_11.wav,1avbmyTdIrkaxe1wdZhAI1xhy8P6WTgaA,NoStutteredWords,1,False,0,0,0,0,0,1,537788,585788,0,0,0,1,0,0,train
segunda_revision,SSF,2020-05-30_06_49_27,24,SSF_2020-05-30_06_49_27_24.wav,1blD6oTV1tq29KDBAniAc34WC3WMY-ZxX,SoundRep,1,False,0,0,0,1,0,0,1011756,1059756,0,0,0,0,0,0,train
segunda_revision,SSF,2020-05-30_06_49_27,30,SSF_2020-05-30_06_49_27_30.wav,1cSwse41lQ2QwNfYfIlIdcZiPYL6maoVb,Prolongation,1,False,0,0,0,0,1,0,1249926,1297926,0,0,0,0,0,0,train
segunda_revision,SSF,2020-05-30_06_49_27,31,SSF_2020-05-30_06_49_27_31.wav,1aeiYP06o1cwHJZppLMIoZiBG05iV9vxl,Prolongation,1,False,0,0,0,0,1,0,1266665,1314665,0,0,0,0,0,0,train
segunda_revision,SSF,2020-05-30_06_49_27,34,SSF_2020-05-30_06_49_27_34.wav,1cLeGMxXQdHTmbQCJjf4yzm4jQnUOtL8V,Block,1,False,0,0,1,0,0,0,1389378,1437378,0,0,0,0,0,0,train
segunda_revision,SSF,2020-05-30_06_49_27,38,SSF_2020-05-30_06_49_27_38.wav,1aoegwsr1JgcHw3QN5dab2qktSVHarbCO,NoStutteredWords,1,False,0,0,0,0,0,1,1553636,1601636,0,0,0,0,0,0,train
segunda_revision,SSF,2020-05-30_06_49_27,60,SSF_2020-05-30_06_49_27_60.wav,1aA01j7KjAMNbiSTpI0ziIJQpMsYbDUiv,NoStutteredWords,1,False,0,0,0,0,0,1,2520707,2568707,0,0,0,0,0,0,train
segunda_revision,SSF,2020-05-30_06_49_27,62,SSF_2020-05-30_06_49_27_62.wav,1aVDRnhSh-dOyFpr329YqEoL_G-Mj5RLv,NoStutteredWords,1,False,0,0,0,0,0,1,2614547,2662547,0,0,0,0,0,0,train
segunda_revision,SSF,2020-05-30_06_49_28,9,SSF_2020-05-30_06_49_28_9.wav,1rFl8ImyqYiVl4lfVCoTGBhzvOKm0_u2F,NoStutteredWords,1,False,0,0,0,0,0,1,546710,594710,0,0,0,0,0,0,train
segunda_revision,SSF,2020-05-30_06_49_28,12,SSF_2020-05-30_06_49_28_12.wav,1pRTM6q3OS6WvGVCE_yNNSuRuVbeO_NYA,NoStutteredWords,1,False,0,0,0,0,0,1,661522,709522,0,0,0,1,0,0,train
segunda_revision,SSF,2020-05-30_06_49_28,18,SSF_2020-05-30_06_49_28_18.wav,1oKPjpz9caB4EkTlGtkdt0sXnsig1AlIu,Block,1,False,0,0,1,0,0,0,879784,927784,0,0,0,0,0,0,train
segunda_revision,SSF,2020-05-30_06_49_28,21,SSF_2020-05-30_06_49_28_21.wav,1qv6zGo2NkSw6SkLKp4k6I3Z25AvEHzQ_,Block,1,False,0,0,1,0,0,0,1041337,1089337,0,0,0,0,0,0,train
segunda_revision,SSF,2020-05-30_06_49_28,37,SSF_2020-05-30_06_49_28_37.wav,1nk4ULBEouW2wMLz57_bSQRPku3Q-Xtkr,NoStutteredWords,1,False,0,0,0,0,0,1,1622629,1670629,0,0,0,0,0,0,train
segunda_revision,SSF,2020-05-30_06_49_28,41,SSF_2020-05-30_06_49_28_41.wav,1oRHeKJT6ZeDFdDm8STHhePnHaoESeQkN,WordRep,1,False,0,1,0,0,0,0,1747095,1795095,0,0,0,0,0,0,train
segunda_revision,SSF,2020-05-30_06_49_28,50,SSF_2020-05-30_06_49_28_50.wav,1ns4EybhozI770KRgWWu6deMKa4Vbe5Gg,SoundRep,1,False,0,0,0,1,0,0,2198260,2246260,0,0,0,0,0,0,train
segunda_revision,SSF,2020-05-30_06_49_28,51,SSF_2020-05-30_06_49_28_51.wav,1pm46ZoINDd9Gcatse5d-l3Oh4lM4_7gS,NoStutteredWords,1,False,0,0,0,0,0,1,2248064,2296064,0,0,0,0,0,0,train
segunda_revision,SSF,2020-05-30_06_49_28,56,SSF_2020-05-30_06_49_28_56.wav,1q0IXrT8wm0pinN_KRQr-TTYL11W3Jlq7,NoStutteredWords,1,False,0,0,0,0,0,1,2490096,2538096,0,0,0,0,0,0,train
segunda_revision,SSF,2020-05-30_06_49_28,57,SSF_2020-05-30_06_49_28_57.wav,1oNWNY-PFopve9cZbUtMJmimk88b12seG,NoStutteredWords,1,False,0,0,0,0,0,1,2598353,2646353,0,0,0,0,0,0,train
segunda_revision,SSF,2020-05-30_06_49_29,5,SSF_2020-05-30_06_49_29_5.wav,1qnacPJIlt__B9pXVlC5LcFU48Vc5V9bj,SoundRep,1,False,0,0,0,1,0,0,226250,274250,0,0,0,0,0,0,train
segunda_revision,SSF,2020-05-30_06_49_29,58,SSF_2020-05-30_06_49_29_58.wav,1qmihMbABvDxDAWcfkl_mfw9TESOzKZMp,NoStutteredWords,1,False,0,0,0,0,0,1,2229252,2277252,0,0,0,0,0,0,train
segunda_revision,SSF,2020-05-30_06_49_30,3,SSF_2020-05-30_06_49_30_3.wav,1gVH9M4fJSUKF9qAyY6zLmbhSD3Nika78,NoStutteredWords,1,False,0,0,0,0,0,1,144605,192605,0,0,0,0,0,0,train
segunda_revision,SSF,2020-05-30_06_49_30,19,SSF_2020-05-30_06_49_30_19.wav,1eRfafP0Dlp8U_3a7T-z3X_B9Kqt2Bw-U,SoundRep,1,False,0,0,0,1,0,0,644126,692126,0,0,0,0,0,0,train
segunda_revision,SSF,2020-05-30_06_49_30,43,SSF_2020-05-30_06_49_30_43.wav,1da84bVoV8RQQJIfA0imBLghv03bK4EPG,NoStutteredWords,1,False,0,0,0,0,0,1,1736743,1784743,0,0,0,1,0,0,train
segunda_revision,SSF,2020-05-30_06_49_30,46,SSF_2020-05-30_06_49_30_46.wav,1hHPli0PRfjqV0QqVcSpLBOZYcuE4Bjxy,NoStutteredWords,1,False,0,0,0,0,0,1,1885051,1933051,0,0,0,0,0,0,train
segunda_revision,SSF,2020-05-30_06_49_30,48,SSF_2020-05-30_06_49_30_48.wav,1hI3rZ7Su1_8PuhgeU0rAWlpU-iU0Q790,NoStutteredWords,1,False,0,0,0,0,0,1,1974675,2022675,0,0,0,0,0,0,train
segunda_revision,SSF,2020-05-30_06_49_30,52,SSF_2020-05-30_06_49_30_52.wav,1g2rcqFA8V8G1CFaz9cLkpRJFif_CGhFV,Block,1,False,0,0,1,0,0,0,2184118,2232118,0,0,0,0,0,0,train
segunda_revision,SSF,2020-05-30_06_49_30,54,SSF_2020-05-30_06_49_30_54.wav,1hCl_5KAeE0zLlIhc9RJx2FRpFz4o65fE,NoStutteredWords,1,False,0,0,0,0,0,1,2227755,2275755,0,0,0,0,0,0,train
segunda_revision,SSF,2020-05-30_06_49_30,56,SSF_2020-05-30_06_49_30_56.wav,1ftCaiqDrEDth4ciqXMUyoZtIZiZsLWfp,NoStutteredWords,1,False,0,0,0,0,0,1,2282994,2330994,0,0,0,1,0,0,train
segunda_revision,SSF,2020-06-01_04_55_39,2,SSF_2020-06-01_04_55_39_2.wav,1P8kx8CE4WEVckh0YUM_IJfY7hmvlct7a,NoStutteredWords,1,False,0,0,0,0,0,1,120631,168631,0,0,0,1,0,0,train
segunda_revision,SSF,2020-06-01_04_55_39,11,SSF_2020-06-01_04_55_39_11.wav,1Ozc_DEwu8C9ykKg-QDrVy2CkZTsVkKga,NoStutteredWords,1,False,0,0,0,0,0,1,501389,549389,0,0,0,0,0,0,train
segunda_revision,SSF,2020-06-01_04_55_39,27,SSF_2020-06-01_04_55_39_27.wav,1NldSiGJ78ifdC3byYitv2mGZwgaxL9wQ,Prolongation,1,False,0,0,0,0,1,0,991728,1039728,0,0,0,0,0,0,train
segunda_revision,SSF,2020-06-01_04_55_39,47,SSF_2020-06-01_04_55_39_47.wav,1Nb49JRQa37V1-QjLYWy8FROs1CInHIT1,NoStutteredWords,1,False,0,0,0,0,0,1,1835221,1883221,0,0,0,0,0,0,train
segunda_revision,SSF,2020-06-01_04_55_39,50,SSF_2020-06-01_04_55_39_50.wav,1MjkYZRTOgyEfOvmzkLnBpLKf_SWDQV9P,Prolongation,1,False,0,0,0,0,1,0,2040967,2088967,0,0,0,0,0,0,train
segunda_revision,SSF,2020-06-01_04_55_55,3,SSF_2020-06-01_04_55_55_3.wav,1FGLhT9H8FUXlI_8UVbx_teX2ZYllpCvc,SoundRep,1,False,0,0,0,1,0,0,154962,202962,0,0,0,0,0,0,train
segunda_revision,SSF,2020-06-01_04_55_55,12,SSF_2020-06-01_04_55_55_12.wav,1ElGXHubHfZcUodyQvtJaICw48Z03HCeU,NoStutteredWords,1,False,0,0,0,0,0,1,455146,503146,0,0,0,1,0,0,train
segunda_revision,SSF,2020-06-01_04_55_55,19,SSF_2020-06-01_04_55_55_19.wav,1GACIND3X0d76CpYD7echUWEb3k-IHmbX,SoundRep,1,False,0,0,0,1,0,0,734614,782614,0,0,0,0,0,0,train
segunda_revision,SSF,2020-06-01_04_55_55,23,SSF_2020-06-01_04_55_55_23.wav,1GCCEuC_WI1nKU5Hks2jVhALyqoZ7BhrZ,NoStutteredWords,1,False,0,0,0,0,0,1,826298,874298,0,0,0,0,0,0,train
segunda_revision,SSF,2020-06-01_04_55_55,28,SSF_2020-06-01_04_55_55_28.wav,1EimP29vAmR742p8-zv2Bg9tfTy35eb8K,NoStutteredWords,1,False,0,0,0,0,0,1,1015455,1063455,0,0,0,0,0,0,train
segunda_revision,SSF,2020-06-01_04_55_55,53,SSF_2020-06-01_04_55_55_53.wav,1FuwekFqQc6KaZop52xYdhUVLgN8gABvZ,NoStutteredWords,1,False,0,0,0,0,0,1,1944633,1992633,0,0,0,0,0,0,train
segunda_revision,SSF,2020-06-01_04_55_55,57,SSF_2020-06-01_04_55_55_57.wav,1FohWgoGF2q5Ib5TIRdB-SDoao_2PcILK,NoStutteredWords,1,False,0,0,0,0,0,1,2142808,2190808,0,0,0,0,0,0,train
segunda_revision,SSF,2020-06-01_04_55_55,63,SSF_2020-06-01_04_55_55_63.wav,1FNSr5uTpKwj0SG8u7RzJnJWD07AGGt2Z,NoStutteredWords,1,False,0,0,0,0,0,1,2362153,2410153,0,0,0,0,0,0,train
segunda_revision,SSF,2020-06-01_04_55_58,4,SSF_2020-06-01_04_55_58_4.wav,1Rr_pc8HHcnfwltj5qBliz_TjZmFHaycF,NoStutteredWords,1,False,0,0,0,0,0,1,359537,407537,0,0,0,1,0,0,train
segunda_revision,SSF,2020-06-01_04_55_58,5,SSF_2020-06-01_04_55_58_5.wav,1T8zbQQEXibWDMPXyxjN8n4eGwMko00jT,NoStutteredWords,1,False,0,0,0,0,0,1,397787,445787,0,0,0,0,0,0,train
segunda_revision,SSF,2020-06-01_04_55_58,22,SSF_2020-06-01_04_55_58_22.wav,1TAOFO6iz73JYbJWK8d8UNiimtRTLQl2K,NoStutteredWords,1,False,0,0,0,0,0,1,1121955,1169955,0,0,0,0,0,0,train
segunda_revision,SSF,2020-06-01_04_55_59,0,SSF_2020-06-01_04_55_59_0.wav,131kc7KGVlR6dBbRCTEU17mbNOX_qSYFr,Prolongation,1,False,0,0,0,0,1,0,24876,72876,0,0,0,0,0,0,train
segunda_revision,SSF,2020-06-01_04_56_00,2,SSF_2020-06-01_04_56_00_2.wav,1b6pJFlVbj4RhtsVVEFHgQOXFCziE2DrL,NoStutteredWords,1,False,0,0,0,0,0,1,90325,138325,0,0,0,0,0,0,train
segunda_revision,SSF,2020-06-01_04_56_00,3,SSF_2020-06-01_04_56_00_3.wav,1bxjcyr9r_EH7H4TPp-zHlHl8EsqcXyzt,NoStutteredWords,1,False,0,0,0,0,0,1,144674,192674,0,0,0,1,0,0,train
segunda_revision,SSF,2020-06-01_04_56_00,5,SSF_2020-06-01_04_56_00_5.wav,1c4tAnB9rDhDD8BvFeV73yKu3vlYMkjPh,Block,1,False,0,0,1,0,0,0,249300,297300,0,0,0,0,0,0,train
segunda_revision,SSF,2020-06-01_04_56_00,11,SSF_2020-06-01_04_56_00_11.wav,1bT0DXIYzVsci2EH9SB4VqydTQ-NLal9Y,SoundRep,1,False,0,0,0,1,0,0,521425,569425,0,0,0,0,0,0,train
segunda_revision,SSF,2020-06-01_04_56_00,14,SSF_2020-06-01_04_56_00_14.wav,1dVSSB5Vfww3alwTi2WFYTEPV5_eECaZw,NoStutteredWords,1,False,0,0,0,0,0,1,638049,686049,0,0,0,1,1,0,train
segunda_revision,SSF,2020-06-01_04_56_00,44,SSF_2020-06-01_04_56_00_44.wav,1a18vLT1WSibuZPgxq4aOExHbmwwakkYq,WordRep,1,False,0,1,0,0,0,0,1959942,2007942,0,0,0,0,0,0,train
segunda_revision,SSF,2020-06-01_04_56_00,61,SSF_2020-06-01_04_56_00_61.wav,1bOaHdAjZ3S0C06i7dHH-EAUnRijKU2ew,NoStutteredWords,1,False,0,0,0,0,0,1,2649569,2697569,0,0,0,0,0,0,train
segunda_revision,SSF,2020-06-01_07_05_36,4,SSF_2020-06-01_07_05_36_4.wav,1sobf6Dh9id3eFmPFp6Z8LOXWG6QjFldn,NoStutteredWords,1,False,0,0,0,0,0,1,203920,251920,0,0,0,0,0,0,train
segunda_revision,SSF,2020-06-01_07_05_36,7,SSF_2020-06-01_07_05_36_7.wav,1t-gB05HT77cP_yZjHI1UQcyHFRILINPN,Prolongation,1,False,0,0,0,0,1,0,393563,441563,0,0,0,0,0,0,train
segunda_revision,SSF,2020-06-01_07_05_36,26,SSF_2020-06-01_07_05_36_26.wav,1sfa1M4DOeywfgAx5-UcgTPKojuc2lTWm,NoStutteredWords,1,False,0,0,0,0,0,1,1071259,1119259,0,0,0,0,0,0,train
segunda_revision,SSF,2020-06-01_07_05_36,34,SSF_2020-06-01_07_05_36_34.wav,1st7dQoP6t2lzJ2GKKISsF24Sy7zE7MAJ,Prolongation,1,False,0,0,0,0,1,0,1425496,1473496,0,0,0,0,0,0,train
segunda_revision,SSF,2020-06-01_07_05_36,48,SSF_2020-06-01_07_05_36_48.wav,1tFbqwrQO3eVRZtFBPwKOM7j2hYldMR6u,Prolongation,1,False,0,0,0,0,1,0,2069510,2117510,0,0,0,0,0,0,train
segunda_revision,SSF,2020-06-01_07_05_40,1,SSF_2020-06-01_07_05_40_1.wav,1PujbLbDAwsSNSBLiNb_rh2e44C0KeLdk,SoundRep,1,False,0,0,0,1,0,0,72573,120573,0,0,0,0,0,0,train
segunda_revision,SSF,2020-06-01_07_05_40,5,SSF_2020-06-01_07_05_40_5.wav,1PD_jaylGBPERldztwA7t-q59r6hFVEyK,SoundRep,1,False,0,0,0,1,0,0,310780,358780,0,0,0,0,0,0,train
segunda_revision,SSF,2020-06-01_07_05_40,33,SSF_2020-06-01_07_05_40_33.wav,1O_kZqECk7ZmaqkR24dpsssbTS1L786T1,SoundRep,2,False,0,0,0,1,1,0,1525077,1573077,0,0,0,0,0,0,train
segunda_revision,SSF,2020-06-01_07_05_40,38,SSF_2020-06-01_07_05_40_38.wav,1Oq-3a4NkPM1fYk5qDXntugw8VjjqSqWg,NoStutteredWords,1,False,0,0,0,0,0,1,1681064,1729064,0,0,0,0,0,0,train
segunda_revision,SSF,2020-06-01_07_05_40,39,SSF_2020-06-01_07_05_40_39.wav,1PZN91cgUX89cqy5j-oq7LHbesa5KDNuQ,WordRep,1,False,0,1,0,0,0,0,1712983,1760983,0,0,0,0,0,0,train
segunda_revision,SSF,2020-06-01_07_05_40,43,SSF_2020-06-01_07_05_40_43.wav,1Ow_H7UTWvaMcMBn0Ba8PBGXy0tsu3ynh,NoStutteredWords,1,False,0,0,0,0,0,1,1864066,1912066,0,0,0,0,0,0,train
segunda_revision,SSF,2020-06-01_07_05_40,48,SSF_2020-06-01_07_05_40_48.wav,1P9tTE4II3Kg0fe2ct5_UTODr9D_t_4Db,Prolongation,1,False,0,0,0,0,1,0,2055783,2103783,0,0,0,0,0,0,train
segunda_revision,SSF,2020-06-01_07_05_41,5,SSF_2020-06-01_07_05_41_5.wav,1TiGSNPyHe0542bKxqiFiwBkgUPtSipEq,NoStutteredWords,1,False,0,0,0,0,0,1,393854,441854,0,0,0,0,0,0,train
segunda_revision,SSF,2020-06-01_07_05_41,9,SSF_2020-06-01_07_05_41_9.wav,1U6Bqa8QFBbz_9OyuY0pYSAIb8VGtV1Eh,NoStutteredWords,1,False,0,0,0,0,0,1,648239,696239,0,0,0,1,0,0,train
segunda_revision,SSF,2020-06-01_07_05_41,20,SSF_2020-06-01_07_05_41_20.wav,1SDZ_IT-x8i6tdtvfmkXacgCvkL5qcZdY,NoStutteredWords,1,False,0,0,0,0,0,1,1196750,1244750,0,0,0,0,0,0,train
segunda_revision,SSF,2020-06-01_07_05_41,26,SSF_2020-06-01_07_05_41_26.wav,1Sd3Rwk7fR63B0YnxCfvVmod8gpY4cBCu,NoStutteredWords,1,False,0,0,0,0,0,1,1452604,1500604,0,0,0,0,0,0,train
segunda_revision,SSF,2020-06-01_07_05_41,28,SSF_2020-06-01_07_05_41_28.wav,1ScHiMugM96F1EC3bDSoHIQ3TCiFz8NmH,NoStutteredWords,1,False,0,0,0,0,0,1,1493394,1541394,0,0,0,0,0,0,train
segunda_revision,SSF,2020-06-01_07_05_41,38,SSF_2020-06-01_07_05_41_38.wav,1Ub_Xi0AAli_X5-g2NBSLYGCjvokHtvbo,SoundRep,1,False,0,0,0,1,0,0,1910388,1958388,0,0,0,0,0,0,train
segunda_revision,SSF,2020-06-01_07_05_41,46,SSF_2020-06-01_07_05_41_46.wav,1UhnVeDMCBUzF4i18kjkwDcTRmvDNHHPE,WordRep,1,False,0,1,0,0,0,0,2178235,2226235,0,0,0,0,0,0,train
segunda_revision,SSF,2020-06-01_07_05_42,19,SSF_2020-06-01_07_05_42_19.wav,11G7MEXkz1XG3wxQgYB4IOYJd-_Oyaz4x,Block,1,False,0,0,1,0,0,0,1042170,1090170,0,0,0,0,0,0,train
segunda_revision,SSF,2020-06-01_07_05_42,27,SSF_2020-06-01_07_05_42_27.wav,11_YKEfG2Mpd2uoiI0U8vdlqXexhDOxuR,NoStutteredWords,1,False,0,0,0,0,0,1,1482385,1530385,0,0,0,0,0,0,train
segunda_revision,SSF,2020-06-01_07_05_42,31,SSF_2020-06-01_07_05_42_31.wav,10m4_U93-mQbymBCiX9YHG4c_BwjZ035l,Prolongation,1,False,0,0,0,0,1,0,1631417,1679417,0,0,0,0,0,0,train
segunda_revision,SSF,2020-06-01_07_05_42,37,SSF_2020-06-01_07_05_42_37.wav,11SpudzPrKvKX09p5En1iIJ-XZhyafLBj,SoundRep,1,False,0,0,0,1,0,0,1948795,1996795,0,0,0,0,0,0,train
segunda_revision,SSF,2020-06-01_07_05_42,44,SSF_2020-06-01_07_05_42_44.wav,10pjAZ-txwAeLx9MPNEIso2bmH4_19Uhz,NoStutteredWords,1,False,0,0,0,0,0,1,2283261,2331261,0,0,0,0,0,0,train
segunda_revision,SSF,2020-06-01_07_05_43,1,SSF_2020-06-01_07_05_43_1.wav,1Ilgbzt73Lhyd5uN8Pr1vD1aoVUf8iy0h,NoStutteredWords,1,False,0,0,0,0,0,1,60135,108135,0,0,0,0,0,0,train
segunda_revision,SSF,2020-06-01_07_05_43,13,SSF_2020-06-01_07_05_43_13.wav,1JPye1rQk31ezrByDVS-erogwFE0fiX_L,NoStutteredWords,1,False,0,0,0,0,0,1,742945,790945,0,0,0,0,0,0,train
segunda_revision,SSF,2020-06-01_07_05_43,23,SSF_2020-06-01_07_05_43_23.wav,1IEWS30yjNeCw_4iiNRnJy-qiQjlpSUlW,NoStutteredWords,1,False,0,0,0,0,0,1,1088250,1136250,0,0,0,1,0,0,train
segunda_revision,SSF,2020-06-01_07_05_43,30,SSF_2020-06-01_07_05_43_30.wav,1KtEhaLgXXJMaaPyWFiKgrHz9xhSAxTeu,Prolongation,1,False,0,0,0,0,1,0,1410386,1458386,0,0,0,0,0,0,train
segunda_revision,SSF,2020-06-01_07_05_43,39,SSF_2020-06-01_07_05_43_39.wav,1KO16_HzDsnd1OGm-SBPbpfsbY5ElkUqr,NoStutteredWords,1,False,0,0,0,0,0,1,1661344,1709344,0,0,0,0,0,0,train
segunda_revision,SSF,2020-06-01_07_05_43,49,SSF_2020-06-01_07_05_43_49.wav,1Ir1xNo2jU97pKIReNWD3r2SJVaMN_CX9,NoStutteredWords,1,False,0,0,0,0,0,1,2184812,2232812,0,0,0,0,0,0,train
segunda_revision,SSF,2020-06-02_02_30_11,22,SSF_2020-06-02_02_30_11_22.wav,1FM6Ok1VrzgMQ1TcnQ12rS8kXEPVblOy1,SoundRep,1,False,0,0,0,1,0,0,1141090,1189090,0,0,0,0,0,0,train
segunda_revision,SSF,2020-06-02_02_30_11,31,SSF_2020-06-02_02_30_11_31.wav,1FCBwEPRO8XOH2TuclNIl0DeKjk9X2_Fs,NoStutteredWords,1,False,0,0,0,0,0,1,1472892,1520892,0,0,0,0,0,0,train
segunda_revision,SSF,2020-06-02_02_30_11,36,SSF_2020-06-02_02_30_11_36.wav,1Ftwvlm8FWm6wFVp5qaW9ucupsXndMoG5,NoStutteredWords,1,False,0,0,0,0,0,1,1786878,1834878,0,0,0,0,0,0,train
segunda_revision,SSF,2020-06-02_02_30_11,38,SSF_2020-06-02_02_30_11_38.wav,1WSsta7fmH6Fb-SFIsMhdXkBEs3VCOyl3,NoStutteredWords,1,False,0,0,0,0,0,1,1902402,1950402,0,0,0,1,0,0,train
segunda_revision,SSF,2020-06-02_02_30_11,39,SSF_2020-06-02_02_30_11_39.wav,1GJcZtZh_WI1tHQ7DaQV92kP1D04msCIR,NoStutteredWords,1,False,0,0,0,0,0,1,1985485,2033485,0,0,0,1,0,0,train
segunda_revision,SSF,2020-06-02_02_30_11,52,SSF_2020-06-02_02_30_11_52.wav,1GSZFQZQGC2Tv4m3VM1CaXhukB4frIFqM,NoStutteredWords,1,False,0,0,0,0,0,1,2427535,2475535,0,0,0,0,0,0,train
segunda_revision,SSF,2020-06-02_02_30_11,57,SSF_2020-06-02_02_30_11_57.wav,1FzwwrhN5XkYbxQ1S3eLT2ZrHZ6jdBy28,SoundRep,1,False,0,0,0,1,0,0,2636474,2684474,0,0,0,0,0,0,train
segunda_revision,SSF,2020-06-02_02_30_12,9,SSF_2020-06-02_02_30_12_9.wav,1a8aKDkrMwqRO3xqx-99KNrPY-vsNHGFi,Prolongation,1,False,0,0,0,0,1,0,344426,392426,0,0,0,0,0,0,train
segunda_revision,SSF,2020-06-02_02_30_12,11,SSF_2020-06-02_02_30_12_11.wav,1aTdpfAWxG-5u-gOHGWX-Vz0DRA73kO6k,NoStutteredWords,1,False,0,0,0,0,0,1,410077,458077,0,0,0,1,0,0,train
segunda_revision,SSF,2020-06-02_02_30_12,12,SSF_2020-06-02_02_30_12_12.wav,1aie2ncM6CJ2CAZ1s5bHWePMshnzVQClS,SoundRep,2,False,0,0,0,1,1,0,461310,509310,0,0,0,0,0,0,train
segunda_revision,SSF,2020-06-02_02_30_12,20,SSF_2020-06-02_02_30_12_20.wav,1ap_c3YCa3B6_bcrUIdVJXdGrk5X9vleH,WordRep,1,False,0,1,0,0,0,0,920840,968840,0,0,0,0,0,0,train
segunda_revision,SSF,2020-06-02_02_30_12,24,SSF_2020-06-02_02_30_12_24.wav,1aydIupuisEwVp_vU3LWXdllZu4hAD097,NoStutteredWords,1,False,0,0,0,0,0,1,1154323,1202323,0,0,0,0,0,0,train
segunda_revision,SSF,2020-06-02_02_30_12,29,SSF_2020-06-02_02_30_12_29.wav,1aG7mPKORXwIcA5lH6B47BCH8Rq5JnvEH,NoStutteredWords,1,False,0,0,0,0,0,1,1339920,1387920,0,0,0,0,0,0,train
segunda_revision,SSF,2020-06-02_02_30_12,30,SSF_2020-06-02_02_30_12_30.wav,1aEW6PCwk1YzAfStTi2xjesfcKVu7dF-t,NoStutteredWords,1,False,0,0,0,0,0,1,1369450,1417450,0,0,0,0,0,0,train
segunda_revision,SSF,2020-06-02_02_30_12,31,SSF_2020-06-02_02_30_12_31.wav,1amyx6CCOCIK6okIYBZsHOccB6tZtZVeV,Block,1,False,0,0,1,0,0,0,1454478,1502478,0,0,0,0,0,0,train
segunda_revision,SSF,2020-06-02_02_30_13,15,SSF_2020-06-02_02_30_13_15.wav,1ncyqItawpAQE1BS7buRcyCEWhYizguN9,NoStutteredWords,1,False,0,0,0,0,0,1,864863,912863,0,0,0,0,0,0,train
segunda_revision,SSF,2020-06-02_02_30_13,20,SSF_2020-06-02_02_30_13_20.wav,1oXH-2Xsp_wg3sTD8rDkCOpT3dA7luC4j,NoStutteredWords,1,False,0,0,0,0,0,1,1127468,1175468,0,0,0,0,0,0,train
segunda_revision,SSF,2020-06-02_02_30_13,22,SSF_2020-06-02_02_30_13_22.wav,1ooLsUCFC7D4G9uwJiusNcfHsowiWhhdA,NoStutteredWords,1,False,0,0,0,0,0,1,1301004,1349004,0,0,0,0,0,0,train
segunda_revision,SSF,2020-06-02_02_30_13,24,SSF_2020-06-02_02_30_13_24.wav,1oxhRl2-yCX5k2JJK6PVWQQmH_4NOe9jX,NoStutteredWords,1,False,0,0,0,0,0,1,1404179,1452179,0,0,0,0,0,0,train
segunda_revision,SSF,2020-06-02_02_30_13,25,SSF_2020-06-02_02_30_13_25.wav,1o4jMxTCaWD15vYDOWDD2W0Y0dBn_OIKe,Prolongation,1,False,0,0,0,0,1,0,1483904,1531904,0,0,0,0,0,0,train
segunda_revision,SSF,2020-06-02_02_30_13,36,SSF_2020-06-02_02_30_13_36.wav,1pgdPCREa74n-uE-0cj468dHT8Kr4JYId,NoStutteredWords,1,False,0,0,0,0,0,1,1951017,1999017,0,0,0,1,0,0,train
segunda_revision,SSF,2020-06-02_02_30_13,48,SSF_2020-06-02_02_30_13_48.wav,1ovPYutU_LRGvgLBX1xO9q6X-O1SX8R9i,Prolongation,1,False,0,0,0,0,1,0,2460499,2508499,0,0,0,0,0,0,train
segunda_revision,SSF,2020-06-02_02_30_13,49,SSF_2020-06-02_02_30_13_49.wav,1oc3FVGrJoxrToChpeoPw68UNQJxMBTA6,Prolongation,1,False,0,0,0,0,1,0,2476272,2524272,0,0,0,0,0,0,train
segunda_revision,SSF,2020-06-02_02_30_13,53,SSF_2020-06-02_02_30_13_53.wav,1pLpKiO5P6hbWwc9th3cOx-HE1NZ8A3qK,Prolongation,1,False,0,0,0,0,1,0,2611119,2659119,0,0,0,0,0,0,train
segunda_revision,SSF,2020-06-02_06_27_24,7,SSF_2020-06-02_06_27_24_7.wav,1L35kCSS5k6gEP7NUIncYLGUeHBmFQ8VL,WordRep,1,False,0,1,0,0,0,0,327898,375898,0,0,0,0,0,0,train
segunda_revision,SSF,2020-06-02_06_27_24,10,SSF_2020-06-02_06_27_24_10.wav,1JV3fC8e6XxBCW8--T6BOgaKIMgolbqiE,NoStutteredWords,1,False,0,0,0,0,0,1,574247,622247,0,0,0,0,0,0,train
segunda_revision,SSF,2020-06-02_06_27_24,35,SSF_2020-06-02_06_27_24_35.wav,1L5OiY5746-VoaHtJyHyjXPXoyf6h0-q6,NoStutteredWords,1,False,0,0,0,0,0,1,1312130,1360130,0,0,0,0,0,0,train
segunda_revision,SSF,2020-06-02_06_27_24,41,SSF_2020-06-02_06_27_24_41.wav,1M70b33C8TxVm22AvWZoO1lnms_VYDDE2,Prolongation,1,False,0,0,0,0,1,0,1503988,1551988,0,0,0,0,0,0,train
segunda_revision,SSF,2020-06-02_06_27_24,45,SSF_2020-06-02_06_27_24_45.wav,1LZEzTP0FX0XLME34nblFDRwJX08IzJ6P,NoStutteredWords,1,False,0,0,0,0,0,1,1673375,1721375,0,0,0,0,0,0,train
segunda_revision,SSF,2020-06-02_06_27_24,47,SSF_2020-06-02_06_27_24_47.wav,1M8MX_ycqpid9KsFitvtYlSSFkPkTPbvI,Block,1,False,0,0,1,0,0,0,1739700,1787700,0,0,0,0,0,0,train
segunda_revision,SSF,2020-06-02_06_27_25,6,SSF_2020-06-02_06_27_25_6.wav,17gfZI9WziZtlF2gDPqEFIurwevnuNs7K,NoStutteredWords,1,False,0,0,0,0,0,1,407202,455202,0,0,0,0,0,0,train
segunda_revision,SSF,2020-06-02_06_27_25,16,SSF_2020-06-02_06_27_25_16.wav,17f1tHFbtgR_xYiqRIFwixMOejELduXdn,SoundRep,1,False,0,0,0,1,0,0,952058,1000058,0,0,0,0,0,0,train
segunda_revision,SSF,2020-06-02_06_27_25,23,SSF_2020-06-02_06_27_25_23.wav,18ZbK079I8jyZbkW71jLzV5j1xDD8MNvb,NoStutteredWords,1,False,0,0,0,0,0,1,1216791,1264791,0,0,0,1,0,0,train
segunda_revision,SSF,2020-06-02_06_27_25,28,SSF_2020-06-02_06_27_25_28.wav,18hN976j6dWZg3Ppwf6Unbgk_o6ZW-Kj0,Prolongation,1,False,0,0,0,0,1,0,1421739,1469739,0,0,0,0,0,0,train
segunda_revision,SSF,2020-06-02_06_27_25,29,SSF_2020-06-02_06_27_25_29.wav,18_w8bEGrOSwp3mdlyEwWPhv-jXBBmnc1,NoStutteredWords,1,False,0,0,0,0,0,1,1454279,1502279,0,0,0,0,0,0,train
segunda_revision,SSF,2020-06-02_06_27_25,40,SSF_2020-06-02_06_27_25_40.wav,17qsI36bMNvp3dasbCu9NGKCsYnbGZELt,Prolongation,1,False,0,0,0,0,1,0,1950647,1998647,0,0,0,0,0,0,train
segunda_revision,SSF,2020-06-02_06_27_26,2,SSF_2020-06-02_06_27_26_2.wav,12q7eVIbKw8aCWUswB7tqVDclnv8zGsGA,Prolongation,1,False,0,0,0,0,1,0,167730,215730,0,0,0,0,0,0,train
segunda_revision,SSF,2020-06-02_06_27_26,8,SSF_2020-06-02_06_27_26_8.wav,12oZNgbfwwenNsDQbYQSESuFVSPK_Kuw5,NoStutteredWords,1,False,0,0,0,0,0,1,475222,523222,0,0,0,0,0,0,train
segunda_revision,SSF,2020-06-02_06_27_26,9,SSF_2020-06-02_06_27_26_9.wav,13BWGWgrchImhff-gtftq0ZQQHDUJ6fJq,SoundRep,2,False,0,0,0,1,1,0,550860,598860,0,0,0,0,0,0,train
segunda_revision,SSF,2020-06-02_06_27_26,24,SSF_2020-06-02_06_27_26_24.wav,12r4HxQxZ5x_6opn2e37y32yiuGvOlWuz,WordRep,1,False,0,1,0,0,0,0,1180558,1228558,0,0,0,0,0,0,train
segunda_revision,SSF,2020-06-02_06_27_26,27,SSF_2020-06-02_06_27_26_27.wav,13wGe4ZouO-nI3h86a4Em75E8gDJzqmWv,NoStutteredWords,1,False,0,0,0,0,0,1,1276101,1324101,0,0,0,0,0,0,train
segunda_revision,SSF,2020-06-02_06_27_26,32,SSF_2020-06-02_06_27_26_32.wav,12Myx0yWzkjupO9BwkAVjZJLB9ieCe9fw,WordRep,2,False,0,1,1,0,0,0,1516577,1564577,0,0,0,0,0,0,train
segunda_revision,SSF,2020-06-02_06_27_26,36,SSF_2020-06-02_06_27_26_36.wav,12V2rYad97s-h-MJ2C5l-uTcqLXcIy-rl,Prolongation,1,False,0,0,0,0,1,0,1595923,1643923,0,0,0,0,0,0,train
segunda_revision,SSF,2020-06-02_06_27_26,42,SSF_2020-06-02_06_27_26_42.wav,13D1BJz7SCsWQQNn6UFlnI6JbJcRf8RY6,NoStutteredWords,1,False,0,0,0,0,0,1,1863135,1911135,0,0,0,0,0,0,train
segunda_revision,SSF,2020-06-02_06_27_26,54,SSF_2020-06-02_06_27_26_54.wav,13HeZqryhu1Ihc0Dc5W2ljJDbbHVvfxjY,NoStutteredWords,1,False,0,0,0,0,0,1,2321996,2369996,0,0,0,0,0,0,train
segunda_revision,SSF,2020-06-02_06_27_26,57,SSF_2020-06-02_06_27_26_57.wav,13LhGMxUU-Ibg9b85WPVePKE5SiaOmtpm,NoStutteredWords,1,False,0,0,0,0,0,1,2467450,2515450,0,0,0,0,0,0,train
segunda_revision,SSF,2020-06-02_10_30_38,0,SSF_2020-06-02_10_30_38_0.wav,1wHg7oNU76ljfkbPsIPLdLtsOXaOykySn,SoundRep,1,False,0,0,0,1,0,0,35344,83344,0,0,0,0,0,0,train
segunda_revision,SSF,2020-06-02_10_30_38,6,SSF_2020-06-02_10_30_38_6.wav,1w92IZieEwKyfYUYZczdjfu_doUxRwNwP,NoStutteredWords,1,False,0,0,0,0,0,1,315250,363250,0,0,0,0,0,0,train
segunda_revision,SSF,2020-06-02_10_30_38,20,SSF_2020-06-02_10_30_38_20.wav,1wHLq4M8rMnsc1lbbjHXeA_UjukmtqU2O,NoStutteredWords,1,False,0,0,0,0,0,1,883553,931553,0,0,0,0,0,0,train
segunda_revision,SSF,2020-06-02_10_30_38,22,SSF_2020-06-02_10_30_38_22.wav,1xFis41g33MzX1Prw7-ye_2N5J2SIU2re,NoStutteredWords,1,False,0,0,0,0,0,1,977159,1025159,0,0,0,0,0,0,train
segunda_revision,SSF,2020-06-02_10_30_38,27,SSF_2020-06-02_10_30_38_27.wav,1x3DR-Dv08UME_evtMC1x1UnU6wYVtIr2,NoStutteredWords,1,False,0,0,0,0,0,1,1106799,1154799,0,0,0,0,0,0,train
segunda_revision,SSF,2020-06-02_10_30_38,32,SSF_2020-06-02_10_30_38_32.wav,1wNu3XYItqow2YIZZ81ydhL87NNJ8Bx0m,NoStutteredWords,1,False,0,0,0,0,0,1,1374221,1422221,0,0,0,0,0,0,train
segunda_revision,SSF,2020-06-02_10_30_38,42,SSF_2020-06-02_10_30_38_42.wav,1wT6wr58x_HN4-NUdx7_jtN1m2rj8V5mw,NoStutteredWords,1,False,0,0,0,0,0,1,1813027,1861027,0,0,0,0,0,0,train
segunda_revision,SSF,2020-06-02_10_30_38,47,SSF_2020-06-02_10_30_38_47.wav,1vluy3aBjsILZOUwo6Y36bqe6peg1tjMm,NoStutteredWords,1,False,0,0,0,0,0,1,1992864,2040864,0,0,0,0,0,0,train
segunda_revision,SSF,2020-06-02_10_30_45,2,SSF_2020-06-02_10_30_45_2.wav,1eFFOKllSq9Zj3kO97DEMrCpQnucj4LUg,NoStutteredWords,1,False,0,0,0,0,0,1,82061,130061,0,0,0,1,0,0,train
segunda_revision,SSF,2020-06-02_10_30_45,3,SSF_2020-06-02_10_30_45_3.wav,1exL5kPO0TkHwD9m-Q2A8YywlgDR_UWTj,Prolongation,1,False,0,0,0,0,1,0,138227,186227,0,0,0,0,0,0,train
segunda_revision,SSF,2020-06-02_10_30_45,14,SSF_2020-06-02_10_30_45_14.wav,1fQioIAxCW2Mkxiw5Q-sqk8AXe1XSndxP,NoStutteredWords,1,False,0,0,0,0,0,1,568870,616870,0,0,0,0,0,0,train
segunda_revision,SSF,2020-06-02_10_30_45,19,SSF_2020-06-02_10_30_45_19.wav,1eYFIYWraK_078bw4HZ2vV7AKDZKrYiAh,NoStutteredWords,1,False,0,0,0,0,0,1,848650,896650,0,0,0,0,0,0,train
segunda_revision,SSF,2020-06-02_10_30_45,33,SSF_2020-06-02_10_30_45_33.wav,1e3WjdkqFPptUIk1IZCI40oNoqLmKTmCY,NoStutteredWords,1,False,0,0,0,0,0,1,1303734,1351734,0,0,0,1,0,0,train
segunda_revision,SSF,2020-06-02_10_30_45,47,SSF_2020-06-02_10_30_45_47.wav,1eq46XE9FM6yRqYrunhcIGPXpXA_gHysw,NoStutteredWords,1,False,0,0,0,0,0,1,1780117,1828117,0,0,0,0,0,0,train
segunda_revision,SSF,2020-06-02_10_30_45,50,SSF_2020-06-02_10_30_45_50.wav,1eF8pBJRkvxE3hU8RojftPz4rEDy7FnaY,SoundRep,1,False,0,0,0,1,0,0,1979049,2027049,0,0,0,0,0,0,train
segunda_revision,SSF,2020-06-02_10_30_45,53,SSF_2020-06-02_10_30_45_53.wav,1fZCvVzMf1RLgRe4vVY-SnS8SxJKjSpVd,NoStutteredWords,1,False,0,0,0,0,0,1,2079010,2127010,0,0,0,0,0,0,train
segunda_revision,SSF,2020-06-02_10_30_45,55,SSF_2020-06-02_10_30_45_55.wav,1fcKnEnNw7YxEuTCvCU3ZJM0RwZEHozdk,NoStutteredWords,1,False,0,0,0,0,0,1,2147341,2195341,0,0,0,0,0,0,train
segunda_revision,SSF,2020-06-02_10_30_45,58,SSF_2020-06-02_10_30_45_58.wav,1dwAFUiu49cI8xCQwWeBUN0voCtmoxpqz,WordRep,1,False,0,1,0,0,0,0,2324985,2372985,0,0,0,0,0,0,train
segunda_revision,SSF,2020-06-02_10_30_45,59,SSF_2020-06-02_10_30_45_59.wav,1eMl0uzp2gUYufCnGFmbFyUBMw7krQKYI,WordRep,1,False,0,1,0,0,0,0,2377143,2425143,0,0,0,0,0,0,train
segunda_revision,SSF,2020-06-02_10_30_50,8,SSF_2020-06-02_10_30_50_8.wav,1hPou70LPL-peyUhLzMZJMlkPOznLWxGR,NoStutteredWords,1,False,0,0,0,0,0,1,391727,439727,0,0,0,0,0,0,train
segunda_revision,SSF,2020-06-02_10_30_50,15,SSF_2020-06-02_10_30_50_15.wav,1h-hIqXO-QP25dqzQmcWUFAEtkymoNcKF,NoStutteredWords,1,False,0,0,0,0,0,1,728019,776019,0,0,0,1,0,0,train
segunda_revision,SSF,2020-06-02_10_30_50,26,SSF_2020-06-02_10_30_50_26.wav,1i3mwrV-c71ZJOvOX8-i-7BBWBhHlT9oQ,NoStutteredWords,1,False,0,0,0,0,0,1,1177929,1225929,0,0,0,1,0,0,train
segunda_revision,SSF,2020-06-02_10_30_50,30,SSF_2020-06-02_10_30_50_30.wav,1gLGfBrrTfBlsQWVBFFXNg0LPpftSEY96,NoStutteredWords,1,False,0,0,0,0,0,1,1269501,1317501,0,0,0,1,0,0,train
segunda_revision,SSF,2020-06-02_10_30_50,53,SSF_2020-06-02_10_30_50_53.wav,1gjethoZdK2We4PDGpwqsEp7tuEPZwWSG,NoStutteredWords,1,False,0,0,0,0,0,1,2290042,2338042,0,0,0,0,0,0,train
segunda_revision,SSF,2020-06-02_10_30_50,55,SSF_2020-06-02_10_30_50_55.wav,1gRnHRnLgNA2sFy7di-A_Fxl5QMXmU8uy,NoStutteredWords,1,False,0,0,0,0,0,1,2356685,2404685,0,0,0,0,0,0,train
segunda_revision,SSF,2020-06-02_10_30_51,12,SSF_2020-06-02_10_30_51_12.wav,1MKO5UDKNhDapZ-jGBevdHHFqtxNzZu24,NoStutteredWords,1,False,0,0,0,0,0,1,518992,566992,0,0,0,1,0,0,train
segunda_revision,SSF,2020-06-02_10_30_51,20,SSF_2020-06-02_10_30_51_20.wav,1Nx-gAa3U4bykN9zhFMtsFfcQgS7cgaiV,NoStutteredWords,1,False,0,0,0,0,0,1,869820,917820,0,0,0,1,0,0,train
segunda_revision,SSF,2020-06-02_10_30_51,23,SSF_2020-06-02_10_30_51_23.wav,1L5xnkl41fYLMC4iuODiLVfqi1L33ntng,NoStutteredWords,1,False,0,0,0,0,0,1,1059781,1107781,0,0,0,1,0,0,train
segunda_revision,SSF,2020-06-02_10_30_51,54,SSF_2020-06-02_10_30_51_54.wav,1M0sNzLq4psb6u3Mk3y_FMbfVnOIvH6Vf,NoStutteredWords,1,False,0,0,0,0,0,1,2170036,2218036,0,0,0,1,0,0,train
segunda_revision,SSF,2020-06-02_10_30_51,63,SSF_2020-06-02_10_30_51_63.wav,1L83tiJkWOu6ZoxtJ1a221s4v3jTcGirS,Prolongation,1,False,0,0,0,0,1,0,2444227,2492227,0,0,0,0,0,0,train
segunda_revision,SSF,2020-06-02_10_30_51,77,SSF_2020-06-02_10_30_51_77.wav,1LpWB0OwosZ2zsVt-0XhhlFfNW9RhRiHL,Block,1,False,0,0,1,0,0,0,2918603,2966603,0,0,0,0,0,0,train
segunda_revision,SSF,2020-06-03_02_51_34,3,SSF_2020-06-03_02_51_34_3.wav,1mcC4CzykO_soT_qKvnCXoBKT6KgS8jEI,Prolongation,1,False,0,0,0,0,1,0,112565,160565,0,0,0,0,0,0,train
segunda_revision,SSF,2020-06-03_02_51_34,10,SSF_2020-06-03_02_51_34_10.wav,1nVLDs2NhiZtr3JhBaREkQlIYmyQ6O0yE,Interjection,1,False,1,0,0,0,0,0,294698,342698,0,0,0,0,0,0,train
segunda_revision,SSF,2020-06-03_02_51_34,18,SSF_2020-06-03_02_51_34_18.wav,1mZXoyHjLblZctzDO5DKPmCJs7eK7Occc,SoundRep,1,False,0,0,0,1,0,0,748736,796736,0,0,0,0,0,0,train
segunda_revision,SSF,2020-06-03_02_51_34,37,SSF_2020-06-03_02_51_34_37.wav,1mbVQo3jHlDgJnSh4y1Kqc5CLFKv4SUjE,Prolongation,1,False,0,0,0,0,1,0,1637916,1685916,0,0,0,0,0,0,train
segunda_revision,SSF,2020-06-03_02_51_34,41,SSF_2020-06-03_02_51_34_41.wav,1nQxx5btvMNZinquCWfhLvAmjvs3fuk6r,NoStutteredWords,1,False,0,0,0,0,0,1,1725171,1773171,0,0,0,0,0,0,train
segunda_revision,SSF,2020-06-03_02_51_34,44,SSF_2020-06-03_02_51_34_44.wav,1m-PNDDWdq0th_vyX0wgOkDj6tLFK95hs,SoundRep,1,False,0,0,0,1,0,0,1864830,1912830,0,0,0,0,0,0,train
segunda_revision,SSF,2020-06-03_02_51_34,56,SSF_2020-06-03_02_51_34_56.wav,1llC7N8IuWkdYXmveEBTzCZuwCNAipxL0,NoStutteredWords,1,False,0,0,0,0,0,1,2392219,2440219,0,0,0,1,0,0,train
segunda_revision,SSF,2020-06-03_02_51_37,4,SSF_2020-06-03_02_51_37_4.wav,1jzDVM0sWbgDH16BJlSQulfoz6eQcRFD2,NoStutteredWords,1,False,0,0,0,0,0,1,144529,192529,0,0,0,0,0,0,train
segunda_revision,SSF,2020-06-03_02_51_37,7,SSF_2020-06-03_02_51_37_7.wav,1j2XfjRx7B2oJkeH5haxkLlwDi20huXLz,Prolongation,1,False,0,0,0,0,1,0,255520,303520,0,0,0,0,0,0,train
segunda_revision,SSF,2020-06-03_02_51_37,20,SSF_2020-06-03_02_51_37_20.wav,1ijxn3Vezj-zNMG36XTu-7VOy3uyV1NK2,NoStutteredWords,1,False,0,0,0,0,0,1,749372,797372,0,0,0,0,0,0,train
segunda_revision,SSF,2020-06-03_02_51_37,22,SSF_2020-06-03_02_51_37_22.wav,1iz8XYb2Ylzu5Kjm6oEpyDaJ-tSGMqOHe,NoStutteredWords,1,False,0,0,0,0,0,1,815705,863705,0,0,0,0,0,0,train
segunda_revision,SSF,2020-06-03_02_51_37,31,SSF_2020-06-03_02_51_37_31.wav,1j5mX-XLpKHsCqONWMUJcThLAibnZpxvg,NoStutteredWords,1,False,0,0,0,0,0,1,1094701,1142701,0,0,0,0,0,0,train
segunda_revision,SSF,2020-06-03_02_51_37,42,SSF_2020-06-03_02_51_37_42.wav,1isZUeUlRwuLVAAX2CE6Icy6NvmGhifB9,SoundRep,1,False,0,0,0,1,0,0,1666400,1714400,0,0,0,0,0,0,train
segunda_revision,SSF,2020-06-03_02_51_38,19,SSF_2020-06-03_02_51_38_19.wav,1o1q5x94o473HSiEUx7CGnj0bSo-Uu9bR,Block,2,False,0,0,1,0,1,0,763503,811503,0,0,0,0,0,0,train
segunda_revision,SSF,2020-06-03_02_51_38,21,SSF_2020-06-03_02_51_38_21.wav,1p5JWRFd7HLEookPWmJg8jA7BXoLSPsE9,NoStutteredWords,1,False,0,0,0,0,0,1,808788,856788,0,0,0,1,0,0,train
segunda_revision,SSF,2020-06-03_02_51_38,29,SSF_2020-06-03_02_51_38_29.wav,1lIg_XJlReuwel1NNlHbCTmjmT3MQ0FKh,NoStutteredWords,1,False,0,0,0,0,0,1,1138645,1186645,0,0,0,1,0,0,train
segunda_revision,SSF,2020-06-03_02_51_38,38,SSF_2020-06-03_02_51_38_38.wav,1ozaM-l8xqJY670IytOUh3G-BnspKDe2O,NoStutteredWords,1,False,0,0,0,0,0,1,1444389,1492389,0,0,0,0,0,0,train
segunda_revision,SSF,2020-06-03_02_51_38,40,SSF_2020-06-03_02_51_38_40.wav,1pRcXZsMPBAPAqT9G8S8YxFutRuhg1pVZ,NoStutteredWords,1,False,0,0,0,0,0,1,1487969,1535969,0,0,0,0,0,0,train
segunda_revision,SSF,2020-06-03_02_51_38,45,SSF_2020-06-03_02_51_38_45.wav,1nf6Wqlwd3v9LRW7YKq9eaQIwmRcERYc-,NoStutteredWords,1,False,0,0,0,0,0,1,1701229,1749229,0,0,0,0,0,0,train
segunda_revision,SSF,2020-06-03_02_51_38,63,SSF_2020-06-03_02_51_38_63.wav,1pp_eZAO-Ep6SLGppeKYpZdPf-bEESJPu,NoStutteredWords,1,False,0,0,0,0,0,1,2648805,2696805,0,0,0,0,0,0,train
segunda_revision,SSF,2020-06-03_06_25_31,0,SSF_2020-06-03_06_25_31_0.wav,1AmjwrO35XseUlGVl33iQTI-RFsprboLC,NoStutteredWords,1,False,0,0,0,0,0,1,21982,69982,0,0,0,0,0,0,train
segunda_revision,SSF,2020-06-03_06_25_31,5,SSF_2020-06-03_06_25_31_5.wav,1B5hFAmJdopJwubtI5shL73V1jE9qjO1-,Prolongation,1,False,0,0,0,0,1,0,320139,368139,0,0,0,0,0,0,train
segunda_revision,SSF,2020-06-03_06_25_31,28,SSF_2020-06-03_06_25_31_28.wav,1B4Bs6IhisCGNXYIJgIehqSnE1iOMz1O-,NoStutteredWords,1,False,0,0,0,0,0,1,1346623,1394623,0,0,0,0,0,0,train
segunda_revision,SSF,2020-06-03_06_25_31,36,SSF_2020-06-03_06_25_31_36.wav,1AhiUnOjYB9-yzslZzDis67625CKDj8xF,SoundRep,1,False,0,0,0,1,0,0,1927673,1975673,0,0,0,0,0,0,train
segunda_revision,SSF,2020-06-03_06_25_31,37,SSF_2020-06-03_06_25_31_37.wav,1CCywVadN0_R4_q8SsbEYgFQ5kAbVd1yq,Block,2,False,0,0,1,0,1,0,1990464,2038464,0,0,0,0,0,0,train
segunda_revision,SSF,2020-06-03_06_25_31,41,SSF_2020-06-03_06_25_31_41.wav,18zT9mKfexMc9SbWVs_-Lz0iwP-3v4tnn,SoundRep,1,False,0,0,0,1,0,0,2099651,2147651,0,0,0,0,0,0,train
segunda_revision,SSF,2020-06-03_06_25_33,18,SSF_2020-06-03_06_25_33_18.wav,1jHIuOWbL4xrNJny6gXhrWvar_U9j5DtF,NoStutteredWords,1,False,0,0,0,0,0,1,1146088,1194088,0,0,0,0,0,0,train
segunda_revision,SSF,2020-06-03_06_25_33,19,SSF_2020-06-03_06_25_33_19.wav,1kPrltAgaP_WMVdadllwsr4V6WvFvzhKX,SoundRep,2,False,0,0,0,1,1,0,1218354,1266354,0,0,0,0,0,0,train
segunda_revision,SSF,2020-06-03_06_25_33,39,SSF_2020-06-03_06_25_33_39.wav,1jDaUweuOzATydJdVOHEolVrGtN48NIud,Prolongation,1,False,0,0,0,0,1,0,1993011,2041011,0,0,0,0,0,0,train
segunda_revision,SSF,2020-06-03_06_25_33,47,SSF_2020-06-03_06_25_33_47.wav,1jCLeR8T8XW0yRzoZVUNzqexYm8aXNgFY,NoStutteredWords,1,False,0,0,0,0,0,1,2319980,2367980,0,0,0,1,0,0,train
segunda_revision,SSF,2020-06-03_06_25_33,50,SSF_2020-06-03_06_25_33_50.wav,1ldJIT4M59bPOLqDD-vF--oOuY3dYaOIo,NoStutteredWords,1,False,0,0,0,0,0,1,2501636,2549636,0,0,0,0,0,0,train
segunda_revision,SSF,2020-06-03_06_25_33,51,SSF_2020-06-03_06_25_33_51.wav,1iscCKjO2XmAL5WNTnhtsjBjuNfHg9DSm,NoStutteredWords,1,False,0,0,0,0,0,1,2543690,2591690,0,0,0,1,0,0,train
segunda_revision,SSF,2020-06-03_06_25_34,7,SSF_2020-06-03_06_25_34_7.wav,1-W1bHjn5eyqR_eT8V1y-xd0hEvkOaciz,NoStutteredWords,1,False,0,0,0,0,0,1,386547,434547,0,0,0,0,0,0,train
segunda_revision,SSF,2020-06-03_06_25_34,17,SSF_2020-06-03_06_25_34_17.wav,1zlrGyTuQwdBc0Iw3IyTEGbeHqKl8zGC0,Block,1,False,0,0,1,0,0,0,795762,843762,0,0,0,0,0,0,train
segunda_revision,SSF,2020-06-03_06_25_34,28,SSF_2020-06-03_06_25_34_28.wav,1zThuRrDo-TFPGW92BYivgTkPLt3cUca2,NoStutteredWords,1,False,0,0,0,0,0,1,1302722,1350722,0,0,0,0,0,0,train
segunda_revision,SSF,2020-06-03_06_25_34,39,SSF_2020-06-03_06_25_34_39.wav,1-9QZk1ldK6a-zPfCacxlyUHxVog6AmS9,SoundRep,2,False,0,0,0,1,1,0,1879307,1927307,0,0,0,0,0,0,train
segunda_revision,SSF,2020-06-03_10_46_33,0,SSF_2020-06-03_10_46_33_0.wav,1S7RP4xpIGEqb_wzUyXkfVVXo5WH_xc0G,NoStutteredWords,1,False,0,0,0,0,0,1,109913,157913,0,0,0,0,0,0,train
segunda_revision,SSF,2020-06-03_10_46_33,1,SSF_2020-06-03_10_46_33_1.wav,1T9U1Mzeb9dj0-2vz6-sk71PRXELoTjys,Prolongation,1,False,0,0,0,0,1,0,141043,189043,0,0,0,0,0,0,train
segunda_revision,SSF,2020-06-03_10_46_33,18,SSF_2020-06-03_10_46_33_18.wav,1RkDEu1NM32-5HB0p_ptbVGuBCMw4QRFO,Prolongation,1,False,0,0,0,0,1,0,1112626,1160626,0,0,0,0,0,0,train
segunda_revision,SSF,2020-06-03_10_46_33,19,SSF_2020-06-03_10_46_33_19.wav,1S_zzi4WJH7ab9qTclnXuGubP47w8qWcO,Block,2,False,0,0,1,0,1,0,1167764,1215764,0,0,0,0,0,0,train
segunda_revision,SSF,2020-06-03_10_46_33,27,SSF_2020-06-03_10_46_33_27.wav,1T4ry5_F5PsT3o1dLp9KCY70vlCX64inp,NoStutteredWords,1,False,0,0,0,0,0,1,1548079,1596079,0,0,0,0,0,0,train
segunda_revision,SSF,2020-06-03_10_46_33,29,SSF_2020-06-03_10_46_33_29.wav,1S0qIiGK8K1cDRxnzEz8I5y6fZhIMf-fu,NoStutteredWords,1,False,0,0,0,0,0,1,1643595,1691595,0,0,0,0,0,0,train
segunda_revision,SSF,2020-06-03_10_46_33,33,SSF_2020-06-03_10_46_33_33.wav,1SHbd4fZRcrkM-qTKECAXirNaNZy8AmYT,NoStutteredWords,1,False,0,0,0,0,0,1,1781985,1829985,0,0,0,1,0,0,train
segunda_revision,SSF,2020-06-03_10_46_33,36,SSF_2020-06-03_10_46_33_36.wav,1SN4ZXI9HwQBZ8PzzqaRgUazzgz2x759k,NoStutteredWords,1,False,0,0,0,0,0,1,1948873,1996873,0,0,0,1,0,0,train
segunda_revision,SSF,2020-06-03_10_46_33,46,SSF_2020-06-03_10_46_33_46.wav,1Sd5VHiq9R6Z17LCcSeWLtw1s0p_veO4e,NoStutteredWords,1,False,0,0,0,0,0,1,2278903,2326903,0,0,0,1,0,0,train
segunda_revision,SSF,2020-06-03_10_47_02,7,SSF_2020-06-03_10_47_02_7.wav,1s37TKtupwoudjc-V7QcMY1e2Bxr8_2Wh,Prolongation,1,False,0,0,0,0,1,0,442463,490463,0,0,0,0,0,0,train
segunda_revision,SSF,2020-06-03_10_47_02,21,SSF_2020-06-03_10_47_02_21.wav,1sGc1egwtouhkqnTjnjwEhjimocppIRud,Prolongation,1,False,0,0,0,0,1,0,1016921,1064921,0,0,0,0,0,0,train
segunda_revision,SSF,2020-06-03_10_47_02,24,SSF_2020-06-03_10_47_02_24.wav,1szGimOYgCo7jmRKuDdq2NN-yBPILRZCa,NoStutteredWords,1,False,0,0,0,0,0,1,1152526,1200526,0,0,0,0,0,0,train
segunda_revision,SSF,2020-06-03_10_47_02,29,SSF_2020-06-03_10_47_02_29.wav,1svKqNqq-xMRsehO_4tpqWjZflP8KjT9n,NoStutteredWords,1,False,0,0,0,0,0,1,1377425,1425425,0,0,0,0,0,0,train
segunda_revision,SSF,2020-06-03_10_47_02,40,SSF_2020-06-03_10_47_02_40.wav,1rha33KNxLd-LPnBpAEVu7DvxAGiyz3Lu,Prolongation,1,False,0,0,0,0,1,0,1863835,1911835,0,0,0,0,0,0,train
segunda_revision,SSF,2020-06-03_10_47_02,42,SSF_2020-06-03_10_47_02_42.wav,1sbTLSqy_XD5Vwlltc07X6TVJQruc4KCy,WordRep,1,False,0,1,0,0,0,0,1954090,2002090,0,0,0,0,0,0,train
segunda_revision,SSF,2020-06-03_10_48_44,4,SSF_2020-06-03_10_48_44_4.wav,1uSHDSe1PlXgBadXZEr74F8GlxUVHLbuo,Block,3,False,0,0,1,1,1,0,175435,223435,0,0,0,0,0,0,train
segunda_revision,SSF,2020-06-03_10_48_44,6,SSF_2020-06-03_10_48_44_6.wav,1uY9yfoIh_uPhhFVjwzcbt_4Ja68nD2Cc,NoStutteredWords,1,False,0,0,0,0,0,1,228464,276464,0,0,0,0,0,0,train
segunda_revision,SSF,2020-06-03_10_48_44,18,SSF_2020-06-03_10_48_44_18.wav,1vYM3dLFj9l32TcsBe0ucuX0yl934iJe2,NoStutteredWords,1,False,0,0,0,0,0,1,719425,767425,0,0,0,0,0,0,train
segunda_revision,SSF,2020-06-03_10_48_44,20,SSF_2020-06-03_10_48_44_20.wav,1x4eviFeu89KF_kbwd3IGLVF0-i3JNaaf,SoundRep,1,False,0,0,0,1,0,0,811261,859261,0,0,0,0,0,0,train
segunda_revision,SSF,2020-06-03_10_48_44,41,SSF_2020-06-03_10_48_44_41.wav,1tj5nj24nWPexEOW611NrLgd7cBfE4jwR,Prolongation,1,False,0,0,0,0,1,0,1860372,1908372,0,0,0,0,0,0,train
segunda_revision,SSF,2020-06-03_10_48_44,44,SSF_2020-06-03_10_48_44_44.wav,1vL7Rs6tffMB-j0Etf_wd7_-LdotnenkC,NoStutteredWords,1,False,0,0,0,0,0,1,1978859,2026859,0,0,0,0,0,0,train
segunda_revision,SSF,2020-06-03_10_48_44,49,SSF_2020-06-03_10_48_44_49.wav,1wZqk3S1Jg5T_02EiD33zoJ39nix_DA4R,NoStutteredWords,1,False,0,0,0,0,0,1,2179009,2227009,0,0,0,0,0,0,train
segunda_revision,SSF,2020-06-03_10_48_44,50,SSF_2020-06-03_10_48_44_50.wav,1vknCJ_OBEXI68LJwHbPKrGGMYVRokbSg,NoStutteredWords,1,False,0,0,0,0,0,1,2220304,2268304,0,0,0,0,0,0,train
segunda_revision,SSF,2020-06-03_10_48_44,53,SSF_2020-06-03_10_48_44_53.wav,1ttyg2ePf4ga0qz1xiuNsSw-WYFk5g-pn,NoStutteredWords,1,False,0,0,0,0,0,1,2428149,2476149,0,0,0,0,0,0,train
segunda_revision,SSF,2020-06-03_10_48_45,3,SSF_2020-06-03_10_48_45_3.wav,1YaCKlpD82G8D95Wf-B-4e4dh0SnIYa02,SoundRep,1,False,0,0,0,1,0,0,160020,208020,0,0,0,0,0,0,train
segunda_revision,SSF,2020-06-03_10_48_45,5,SSF_2020-06-03_10_48_45_5.wav,1YRKFHvkkyW5Nb5CvDpVXFfCopDfOq0hE,SoundRep,2,False,0,0,0,1,1,0,205216,253216,0,0,0,0,0,0,train
segunda_revision,SSF,2020-05-28_02_37_08,15,SSF_2020-05-28_02_37_08_15.wav,11QB5DiAhgSn6r56V2YSYR3oBZaHbiCYK,NoStutteredWords,1,False,0,0,0,0,0,1,669920,717920,0,0,0,0,0,0,train
segunda_revision,SSF,2020-05-28_02_37_08,26,SSF_2020-05-28_02_37_08_26.wav,10x2s3fpFU4_UFY6zgFwz8BoSSNSc6xZx,NoStutteredWords,1,False,0,0,0,0,0,1,1026046,1074046,0,0,0,0,0,0,train
segunda_revision,SSF,2020-05-28_02_37_08,29,SSF_2020-05-28_02_37_08_29.wav,12L3OfM_Xqmjv-k2-dH-z3O-_ldKqwtU9,Block,1,False,0,0,1,0,0,0,1105205,1153205,0,0,0,0,0,0,train
segunda_revision,SSF,2020-05-28_02_37_08,31,SSF_2020-05-28_02_37_08_31.wav,11qUSfNRVBhY1_NisQsMKW0sc3FA5-1Ss,Block,1,False,0,0,1,0,0,0,1201964,1249964,0,0,0,0,0,0,train
segunda_revision,SSF,2020-05-28_02_37_16,2,SSF_2020-05-28_02_37_16_2.wav,1A-jDu5ZjaCqmZHVPscIQXF0GRTL6py_0,NoStutteredWords,1,False,0,0,0,0,0,1,148989,196989,0,0,0,0,0,0,train
segunda_revision,SSF,2020-05-28_02_37_16,11,SSF_2020-05-28_02_37_16_11.wav,1B7UYOVp1_wgLrv41vfymJjvAb5EyROSY,Prolongation,1,False,0,0,0,0,1,0,515484,563484,0,0,0,0,0,0,train
segunda_revision,SSF,2020-05-28_02_37_16,18,SSF_2020-05-28_02_37_16_18.wav,1DSg0rd-3AHU-MzKcuKkt3sZfvPEnaIoZ,Prolongation,1,False,0,0,0,0,1,0,737861,785861,0,0,0,0,0,0,train
segunda_revision,SSF,2020-05-28_02_37_16,19,SSF_2020-05-28_02_37_16_19.wav,18nk99sOnl0RuPIjr66N97oW-yRrVM6t4,Block,1,False,0,0,1,0,0,0,756139,804139,0,0,0,0,0,0,train
segunda_revision,SSF,2020-05-28_02_37_16,33,SSF_2020-05-28_02_37_16_33.wav,1B6e1dfBsEtgOPw8A0rntamGqKDry9YEk,Prolongation,1,False,0,0,0,0,1,0,1321456,1369456,0,0,0,0,0,0,train
segunda_revision,SSF,2020-05-28_02_37_16,56,SSF_2020-05-28_02_37_16_56.wav,1EBkUFU2ySn_31KU84w74L9RYkC8Akj1X,NoStutteredWords,1,False,0,0,0,0,0,1,2039964,2087964,0,0,0,0,0,0,train
segunda_revision,SSF,2020-05-28_02_37_16,67,SSF_2020-05-28_02_37_16_67.wav,1AbHwnAXr65uv0HoN8vEO5zxfWzRcsGjC,Prolongation,1,False,0,0,0,0,1,0,2531525,2579525,0,0,0,0,0,0,train
segunda_revision,SSF,2020-05-28_02_37_16,82,SSF_2020-05-28_02_37_16_82.wav,1B6WEh8IKU5gMyi8V10oFWuT4ippMD5Dk,WordRep,1,False,0,1,0,0,0,0,3089663,3137663,0,0,0,0,0,0,train
segunda_revision,SSF,2020-05-28_02_37_16,85,SSF_2020-05-28_02_37_16_85.wav,19PvOuNcfnLe8Xdq_EX-aa4cklWdnh-Z0,Block,1,False,0,0,1,0,0,0,3232490,3280490,0,0,0,0,0,0,train
segunda_revision,SSF,2020-05-28_02_37_16,89,SSF_2020-05-28_02_37_16_89.wav,178cD7MQ9PPJiPGdsVs1AMdOgBU51tDKd,NoStutteredWords,1,False,0,0,0,0,0,1,3408035,3456035,0,0,0,0,0,0,train
segunda_revision,SSF,2020-05-28_02_37_17,1,SSF_2020-05-28_02_37_17_1.wav,1tb3g4LlH2PI58vSb9vSZnrZstgRHtIU-,NoStutteredWords,1,False,0,0,0,0,0,1,129884,177884,0,0,0,0,0,0,train
segunda_revision,SSF,2020-05-28_02_37_17,8,SSF_2020-05-28_02_37_17_8.wav,1t_5fi-rRB0worF0a0ITIqDaEAhzV_78B,NoStutteredWords,1,False,0,0,0,0,0,1,541883,589883,0,0,0,1,0,0,train
segunda_revision,SSF,2020-05-28_02_37_17,15,SSF_2020-05-28_02_37_17_15.wav,1r2anDETiGEX-Oh43C_pfAAIslI008pO9,NoStutteredWords,1,False,0,0,0,0,0,1,776868,824868,0,0,0,0,0,0,train
segunda_revision,SSF,2020-05-28_02_37_17,26,SSF_2020-05-28_02_37_17_26.wav,1sSlc9q4CYsV6d0Ih02RYkgzYzGnuqIBx,Block,1,False,0,0,1,0,0,0,1266499,1314499,0,0,0,0,0,0,train
segunda_revision,SSF,2020-05-28_02_37_17,29,SSF_2020-05-28_02_37_17_29.wav,1sFvdL3J1cmX-67heR1LsfZlMxZ92tPBF,NoStutteredWords,1,False,0,0,0,0,0,1,1360083,1408083,0,0,0,0,0,0,train
segunda_revision,SSF,2020-05-28_02_37_17,30,SSF_2020-05-28_02_37_17_30.wav,1riBM_LhyVz1_mL0nfHNLT2703JLA3z5z,Block,1,False,0,0,1,0,0,0,1416706,1464706,0,0,0,0,0,0,train
segunda_revision,SSF,2020-05-28_02_37_17,49,SSF_2020-05-28_02_37_17_49.wav,1rOjVjDcOtjEI_zFNYITzfZqJz9r7s0x5,Block,1,False,0,0,1,0,0,0,2072965,2120965,0,0,0,0,0,0,train
segunda_revision,SSF,2020-05-28_06_13_37,2,SSF_2020-05-28_06_13_37_2.wav,1XhnilvH3-SCbi-y801xRMVJIL_ddcDoj,NoStutteredWords,1,False,0,0,0,0,0,1,103180,151180,0,0,0,0,0,0,train
segunda_revision,SSF,2020-05-28_06_13_37,4,SSF_2020-05-28_06_13_37_4.wav,1VU9QScGIsgFFP5IWvDdRLuF9xN17E39b,NoStutteredWords,1,False,0,0,0,0,0,1,176668,224668,0,0,0,0,0,0,train
segunda_revision,SSF,2020-05-28_06_13_37,12,SSF_2020-05-28_06_13_37_12.wav,1U4a_bW6MFpehK4HyldWd1UsXxhEr12v4,SoundRep,1,False,0,0,0,1,0,0,547531,595531,0,0,0,0,0,0,train
segunda_revision,SSF,2020-05-28_06_13_37,25,SSF_2020-05-28_06_13_37_25.wav,1W3_3jJJPqcojWlNLPpAnmTfBTdugwoNj,Prolongation,1,False,0,0,0,0,1,0,1097075,1145075,0,0,0,0,0,0,train
segunda_revision,SSF,2020-05-28_06_13_37,37,SSF_2020-05-28_06_13_37_37.wav,1W4qPP0hkIQsRCRcxduFL2PWSBYOVGpqX,Prolongation,1,False,0,0,0,0,1,0,1437352,1485352,0,0,0,0,0,0,train
segunda_revision,SSF,2020-05-28_06_13_37,45,SSF_2020-05-28_06_13_37_45.wav,1VSc57XFdEM5S0M3ponsz9npMD0q61rj7,NoStutteredWords,1,False,0,0,0,0,0,1,1781806,1829806,0,0,0,0,0,0,train
segunda_revision,SSF,2020-05-28_06_13_37,46,SSF_2020-05-28_06_13_37_46.wav,1Y1wAd2LqG8eye21BmljmyLVIAGB1ldzB,NoStutteredWords,1,False,0,0,0,0,0,1,1815915,1863915,0,0,0,0,0,0,train
segunda_revision,SSF,2020-05-28_06_13_37,48,SSF_2020-05-28_06_13_37_48.wav,1XGc1jcgC6EVtioQQgRhtTKxTTmrzOohD,NoStutteredWords,1,False,0,0,0,0,0,1,1904805,1952805,0,0,0,0,0,0,train
segunda_revision,SSF,2020-05-28_06_13_38,1,SSF_2020-05-28_06_13_38_1.wav,1OA3d51YxOt0HYRjhK3ozw-9XBZXTHmXE,Prolongation,1,False,0,0,0,0,1,0,94114,142114,0,0,0,0,0,0,train
segunda_revision,SSF,2020-05-28_06_13_38,10,SSF_2020-05-28_06_13_38_10.wav,1OGpoJ32cVQPr1gYG6Z0Jzoh2zR1PRhCD,NoStutteredWords,1,False,0,0,0,0,0,1,405586,453586,0,0,0,1,0,0,train
segunda_revision,SSF,2020-05-28_06_13_38,15,SSF_2020-05-28_06_13_38_15.wav,1PCOAKjBgdPRXFL4UIwW1QmKbq-VvjvvT,NoStutteredWords,1,False,0,0,0,0,0,1,630994,678994,0,0,0,0,0,0,train
segunda_revision,SSF,2020-05-28_06_13_38,23,SSF_2020-05-28_06_13_38_23.wav,1OarIRg4svLcm3-6_8Uvr6kzGIyqO-bB4,NoStutteredWords,1,False,0,0,0,0,0,1,958036,1006036,0,0,0,1,0,0,train
segunda_revision,SSF,2020-05-28_06_13_38,30,SSF_2020-05-28_06_13_38_30.wav,1O680ijCUbVTIaL2knNB7auU4s8nczi6X,NoStutteredWords,1,False,0,0,0,0,0,1,1223138,1271138,0,0,0,0,0,0,train
segunda_revision,SSF,2020-05-28_06_13_38,44,SSF_2020-05-28_06_13_38_44.wav,1OAhUkr0LiOjNIhbzkk3suy_jCstgInq7,Prolongation,1,False,0,0,0,0,1,0,1760199,1808199,0,0,0,0,0,0,train
segunda_revision,SSF,2020-05-28_06_13_38,51,SSF_2020-05-28_06_13_38_51.wav,1Pf5OJiIKXEiJumx1ZhJ4KsNPELZk21Ar,Block,1,False,0,0,1,0,0,0,1976593,2024593,0,0,0,0,0,0,train
segunda_revision,SSF,2020-05-28_06_13_38,52,SSF_2020-05-28_06_13_38_52.wav,1P6znqzDMzEjUrBJsPMiP-KRvyLfHFaXu,NoStutteredWords,1,False,0,0,0,0,0,1,1994859,2042859,0,0,0,1,0,0,train
segunda_revision,SSF,2020-05-28_06_14_02,4,SSF_2020-05-28_06_14_02_4.wav,1QRMrWoTvDXI7aiJYGCF3tZA5evD61DRE,NoStutteredWords,1,False,0,0,0,0,0,1,271953,319953,0,0,0,1,0,0,train
segunda_revision,SSF,2020-05-28_06_14_02,7,SSF_2020-05-28_06_14_02_7.wav,1RzUy9iWcw2u-vFU5PKc77rPBQx_-LQb4,Prolongation,1,False,0,0,0,0,1,0,375450,423450,0,0,0,0,0,0,train
segunda_revision,SSF,2020-05-28_06_14_02,9,SSF_2020-05-28_06_14_02_9.wav,1QahVGp5WfXQlecMFfcfo1_20IldZaKIH,NoStutteredWords,1,False,0,0,0,0,0,1,485644,533644,1,0,0,0,0,0,train
segunda_revision,SSF,2020-05-28_06_14_02,15,SSF_2020-05-28_06_14_02_15.wav,1P__SLY2KVx0NZ86SpSIehUZ4px9kHyBG,NoStutteredWords,1,False,0,0,0,0,0,1,734994,782994,0,0,0,0,0,0,train
segunda_revision,SSF,2020-05-28_06_14_02,37,SSF_2020-05-28_06_14_02_37.wav,1PbJJPZG25ZaqxLu9_cvoo7fH4BUxlHlk,Prolongation,1,False,0,0,0,0,1,0,1777271,1825271,0,0,0,0,0,0,train
segunda_revision,SSF,2020-05-28_06_14_02,41,SSF_2020-05-28_06_14_02_41.wav,1QqEi_pUf51Z7mBr4QlOYaLnPCohPZt11,NoStutteredWords,1,False,0,0,0,0,0,1,1837369,1885369,0,0,0,1,0,0,train
segunda_revision,SSF,2020-05-28_06_14_02,44,SSF_2020-05-28_06_14_02_44.wav,1Q11EurD7dlafnv1jMrf02OoLcfaztAQn,Prolongation,1,False,0,0,0,0,1,0,2002666,2050666,0,0,0,0,0,0,train
segunda_revision,SSF,2020-05-28_06_14_02,46,SSF_2020-05-28_06_14_02_46.wav,1RDromq6MZ_QAV4vEQoJycJnIuFA60fN5,NoStutteredWords,1,False,0,0,0,0,0,1,2084179,2132179,0,0,0,0,0,0,train
segunda_revision,SSF,2020-05-28_06_14_02,47,SSF_2020-05-28_06_14_02_47.wav,1Qwmoca5vL73uwSQ_RnD4lLpIoYVh-iS8,NoStutteredWords,1,False,0,0,0,0,0,1,2133010,2181010,0,0,0,0,0,0,train
segunda_revision,SSF,2020-05-28_06_14_02,52,SSF_2020-05-28_06_14_02_52.wav,1PufQfyukayeAEt9Tn9TC-jiyekdklQy8,WordRep,1,False,0,1,0,0,0,0,2253365,2301365,0,0,0,0,0,0,train
segunda_revision,SSF,2020-05-28_06_14_02,58,SSF_2020-05-28_06_14_02_58.wav,1R6zzEQWEcfJhGTyNW6qK7VGUeq__xR_N,Prolongation,1,False,0,0,0,0,1,0,2483016,2531016,1,0,0,0,0,0,train
segunda_revision,SSF,2020-05-28_06_14_03,3,SSF_2020-05-28_06_14_03_3.wav,1OU2hV_KWYgZ8gZXR0HtRQSmRMsx3t_-1,NoStutteredWords,1,False,0,0,0,0,0,1,183211,231211,0,0,0,0,0,0,train
segunda_revision,SSF,2020-05-28_06_14_03,6,SSF_2020-05-28_06_14_03_6.wav,19dqbTGfHLuzGGX8NGJt0NtQu39ahpeEI,Prolongation,1,False,0,0,0,0,1,0,289993,337993,0,0,0,0,0,0,train
segunda_revision,SSF,2020-05-28_06_14_03,7,SSF_2020-05-28_06_14_03_7.wav,1O0nwK9Eps-8VEoZK5YWfotxRkDSq_eWc,NoStutteredWords,1,False,0,0,0,0,0,1,343585,391585,0,0,0,0,0,0,train
segunda_revision,SSF,2020-05-28_06_14_03,9,SSF_2020-05-28_06_14_03_9.wav,19wyuEoBqSxKiGS2L5Mm75HZhDPolOr4R,Prolongation,1,False,0,0,0,0,1,0,456092,504092,0,0,0,0,0,0,train
segunda_revision,SSF,2020-05-28_06_14_03,17,SSF_2020-05-28_06_14_03_17.wav,1O_Mcvj7x82vTn5HYvcIzJ-fLaZmykbxM,Block,1,False,0,0,1,0,0,0,818775,866775,0,0,0,0,0,0,train
segunda_revision,SSF,2020-05-28_06_14_03,22,SSF_2020-05-28_06_14_03_22.wav,18vOb2tkkFMZEW22L8fK_nivB9Kge6Ock,NoStutteredWords,1,False,0,0,0,0,0,1,1153838,1201838,0,0,0,0,0,0,train
segunda_revision,SSF,2020-05-28_06_14_03,37,SSF_2020-05-28_06_14_03_37.wav,1ODubORSL7Yxxyy1pWbdMXm7QppwPG5vl,Block,2,False,0,0,1,0,1,0,1608049,1656049,0,0,0,0,0,0,train
segunda_revision,SSF,2020-05-28_06_14_03,46,SSF_2020-05-28_06_14_03_46.wav,197qmv0uS0wfHX4JomKrmnhm_f1njY3sS,Block,1,False,0,0,1,0,0,0,1924514,1972514,0,0,0,0,0,0,train
segunda_revision,SSF,2020-05-28_06_14_03,49,SSF_2020-05-28_06_14_03_49.wav,19Z0Dfk6SflePYUaNCXY7rzLu1qlFAAaB,Prolongation,1,False,0,0,0,0,1,0,2044018,2092018,0,0,0,0,0,0,train
segunda_revision,SSF,2020-05-28_06_14_03,55,SSF_2020-05-28_06_14_03_55.wav,1OBHwlHE_o0ddNiBAznfQhMYfDy_WGT7h,Prolongation,1,False,0,0,0,0,1,0,2296870,2344870,0,0,0,0,0,0,train
segunda_revision,SSF,2020-05-28_06_14_03,59,SSF_2020-05-28_06_14_03_59.wav,19YVSwoGXFV6LJHgh4px44d-dip0DSQeX,Prolongation,1,False,0,0,0,0,1,0,2448951,2496951,0,0,0,0,0,0,train
segunda_revision,SSF,2020-05-28_06_14_03,61,SSF_2020-05-28_06_14_03_61.wav,1OpNlwkppDv8e0vITqRWFdE4UBy9o_fLr,SoundRep,1,False,0,0,0,1,0,0,2528225,2576225,0,0,0,0,0,0,train
segunda_revision,SSF,2020-05-28_10_47_55,0,SSF_2020-05-28_10_47_55_0.wav,1Sa4O7QfmVRQZKJgmYltiTcrLt2lhd-zT,NoStutteredWords,1,False,0,0,0,0,0,1,49162,97162,0,0,0,0,0,0,train
segunda_revision,SSF,2020-05-28_10_47_55,3,SSF_2020-05-28_10_47_55_3.wav,1SgItIywK_siFnGB6HwwWk9yyccmiJH1-,NoStutteredWords,1,False,0,0,0,0,0,1,243382,291382,0,0,0,0,0,0,train
segunda_revision,SSF,2020-05-28_10_47_55,6,SSF_2020-05-28_10_47_55_6.wav,1T13KKD4vVpeevQnVyDIHzj8bAxoKbSg_,NoStutteredWords,1,False,0,0,0,0,0,1,435753,483753,0,0,0,0,0,0,train
segunda_revision,SSF,2020-05-28_10_47_55,11,SSF_2020-05-28_10_47_55_11.wav,1TPO5YeLg4_hT-kcssZqpqdLV-2L2OELI,NoStutteredWords,1,False,0,0,0,0,0,1,685413,733413,0,0,0,0,0,0,train
segunda_revision,SSF,2020-05-28_10_47_55,15,SSF_2020-05-28_10_47_55_15.wav,1T9zoeniNBCgytSSzHVydhZf2U2IwVng1,SoundRep,1,False,0,0,0,1,0,0,999882,1047882,0,0,0,0,0,0,train
segunda_revision,SSF,2020-05-28_10_47_55,21,SSF_2020-05-28_10_47_55_21.wav,1TORrLC5B_Ro_m984M-zRv4x4qmQ1LsPF,Prolongation,1,False,0,0,0,0,1,0,1251799,1299799,0,0,0,0,0,0,train
segunda_revision,SSF,2020-05-28_10_47_55,28,SSF_2020-05-28_10_47_55_28.wav,1T1pVkfUr7qlh9XEPwfo4V6_KmjH8Lr4K,NoStutteredWords,1,False,0,0,0,0,0,1,1480837,1528837,0,0,0,0,0,0,train
segunda_revision,SSF,2020-05-28_10_47_55,31,SSF_2020-05-28_10_47_55_31.wav,1T5L0yhc88x7DZ8-04yVYX0YbB-WJ8L79,SoundRep,1,False,0,0,0,1,0,0,1619566,1667566,0,0,0,0,0,0,train
segunda_revision,SSF,2020-05-28_10_47_55,45,SSF_2020-05-28_10_47_55_45.wav,1StiE5g5CT0NFq8HmRhfgd67ePAR-ls93,Block,2,False,0,0,1,0,1,0,2134004,2182004,0,0,0,0,0,0,train
segunda_revision,SSF,2020-05-28_10_47_55,50,SSF_2020-05-28_10_47_55_50.wav,1SnT-Zly--A62wbBdAy3LX5xqv6-thJCs,WordRep,2,False,0,1,1,0,0,0,2297828,2345828,0,0,0,0,0,0,train
segunda_revision,SSF,2020-05-28_10_47_57,5,SSF_2020-05-28_10_47_57_5.wav,13nMFrv6Y94BvZTgl_VgtKaYOoyTcFfFX,NoStutteredWords,1,False,0,0,0,0,0,1,292130,340130,0,0,0,0,0,0,train
segunda_revision,SSF,2020-05-28_10_47_57,8,SSF_2020-05-28_10_47_57_8.wav,13kS5Pr3noN7XRiHL5xyY1pxTPCtlFsQR,NoStutteredWords,1,False,0,0,0,0,0,1,433850,481850,0,0,0,0,0,0,train
segunda_revision,SSF,2020-05-28_10_47_57,11,SSF_2020-05-28_10_47_57_11.wav,14cBdAOXI-X9YA-ZoJliTIVZW0dA4HvA9,NoStutteredWords,1,False,0,0,0,0,0,1,496569,544569,0,0,0,1,0,0,train
segunda_revision,SSF,2020-05-28_10_47_57,13,SSF_2020-05-28_10_47_57_13.wav,13c22TFeTc_eF1MxQepCjSO6NxCyS8Pze,NoStutteredWords,1,False,0,0,0,0,0,1,574901,622901,0,0,0,0,0,0,train
segunda_revision,SSF,2020-05-28_10_47_57,17,SSF_2020-05-28_10_47_57_17.wav,13y5EgUrQBDnlzS-uWUwCQO_w272GY8jy,NoStutteredWords,1,False,0,0,0,0,0,1,704782,752782,0,0,0,0,0,0,train
segunda_revision,SSF,2020-05-28_10_47_57,28,SSF_2020-05-28_10_47_57_28.wav,13ZpaHmmaDH_ROuJV6NHdkgXi7-6WkrWN,NoStutteredWords,1,False,0,0,0,0,0,1,1268500,1316500,0,0,0,0,0,0,train
segunda_revision,SSF,2020-05-28_10_47_58,2,SSF_2020-05-28_10_47_58_2.wav,1WlnpMx7-4dm4i5Wa2QXSDI0_OBy4R3Ot,NoStutteredWords,1,False,0,0,0,0,0,1,102039,150039,0,0,0,0,0,0,train
segunda_revision,SSF,2020-05-28_10_47_58,6,SSF_2020-05-28_10_47_58_6.wav,1VXrjrc61qNHesenWDw1Clgjhz-4WEJeY,NoStutteredWords,1,False,0,0,0,0,0,1,261666,309666,0,0,0,1,0,0,train
segunda_revision,SSF,2020-05-28_10_47_58,24,SSF_2020-05-28_10_47_58_24.wav,1WdjSj9_a-0J2h0LL_cfzGGdP4SWiY4-2,NoStutteredWords,1,False,0,0,0,0,0,1,1128667,1176667,0,0,0,1,0,0,train
segunda_revision,SSF,2020-05-28_10_47_58,25,SSF_2020-05-28_10_47_58_25.wav,1Wcak-MPPLT76IjBiD9MMQTaFaYptKW0g,Prolongation,1,False,0,0,0,0,1,0,1151126,1199126,0,0,0,0,0,0,train
segunda_revision,SSF,2020-05-28_10_47_58,26,SSF_2020-05-28_10_47_58_26.wav,1WC3Kaqm8nJTgRzcISrp_cd2uLsEdX6bO,Prolongation,1,False,0,0,0,0,1,0,1180164,1228164,0,0,0,0,0,0,train
segunda_revision,SSF,2020-05-28_10_47_58,34,SSF_2020-05-28_10_47_58_34.wav,1VSYe5I6Qs7MhLZwp1SG8BYws5YDlqeTQ,SoundRep,1,False,0,0,0,1,0,0,1530328,1578328,0,0,0,0,0,0,train
